date,country_code,grade,country_name,price,currency,unit,fetched_at
2026-10-03,AD,diesel,Andorra,1.7378,EUR,liter,2026-10-03T14:01:37+03:00
2026-10-03,AD,diesel_premium,Andorra,1.7719,EUR,liter,2026-10-03T14:01:37+03:00
2026-10-03,AD,gasoline,Andorra,1.5894,EUR,liter,2026-10-03T14:01:37+03:00
2026-10-03,AD,gasoline_premium,Andorra,1.6495,EUR,liter,2026-10-03T14:01:37+03:00
2026-10-03,AD,premium,Andorra,1.6495,EUR,liter,2026-10-03T14:01:37+03:00
2026-10-03,AE,diesel,UAE,4.8,AED,liter,2026-10-03T14:01:37+03:00
2026-10-03,AE,gasoline,UAE,4.28,AED,liter,2026-10-03T14:01:37+03:00
2026-10-03,AE,gasoline_regular,UAE,4.21,AED,liter,2026-10-03T14:01:37+03:00
2026-10-03,AE,gasoline_super,UAE,4.4,AED,liter,2026-10-03T14:01:37+03:00
2026-10-03,AE,premium,UAE,4.4,AED,liter,2026-10-03T14:01:37+03:00
2026-10-03,AF,diesel,Afghanistan,79.1275,AFN,liter,2026-10-03T14:01:37+03:00
2026-10-03,AF,gasoline,Afghanistan,89,AFN,liter,2026-10-03T14:01:37+03:00
2026-10-03,AL,diesel,Albania,213.7289,ALL,liter,2026-10-03T14:01:37+03:00
2026-10-03,AL,diesel_premium,Albania,230,ALL,liter,2026-10-03T14:01:37+03:00
2026-10-03,AL,gasoline,Albania,193.4495,ALL,liter,2026-10-03T14:01:37+03:00
2026-10-03,AL,gasoline_premium,Albania,220,ALL,liter,2026-10-03T14:01:37+03:00
2026-10-03,AL,lpg,Albania,69.2062,ALL,liter,2026-10-03T14:01:37+03:00
2026-10-03,AL,premium,Albania,220,ALL,liter,2026-10-03T14:01:37+03:00
2026-10-03,AM,diesel,Armenia,695.8895,AMD,liter,2026-10-03T14:01:37+03:00
2026-10-03,AM,gasoline,Armenia,607.1632,AMD,liter,2026-10-03T14:01:37+03:00
2026-10-03,AM,gasoline_premium,Armenia,675,AMD,liter,2026-10-03T14:01:37+03:00
2026-10-03,AM,gasoline_regular,Armenia,600,AMD,liter,2026-10-03T14:01:37+03:00
2026-10-03,AM,lpg,Armenia,240,AMD,liter,2026-10-03T14:01:37+03:00
2026-10-03,AM,premium,Armenia,675,AMD,liter,2026-10-03T14:01:37+03:00
2026-10-03,AR,cng,Argentina,804,ARS,m3,2026-10-03T14:01:37+03:00
2026-10-03,AR,diesel,Argentina,2415.2022,ARS,liter,2026-10-03T14:01:37+03:00
2026-10-03,AR,diesel_premium,Argentina,2637.3056,ARS,liter,2026-10-03T14:01:37+03:00
2026-10-03,AR,gasoline,Argentina,2210.3087,ARS,liter,2026-10-03T14:01:37+03:00
2026-10-03,AR,gasoline_premium,Argentina,2474.2778,ARS,liter,2026-10-03T14:01:37+03:00
2026-10-03,AR,premium,Argentina,2474.2778,ARS,liter,2026-10-03T14:01:37+03:00
2026-10-03,AT,cng,Austria,1.799,EUR,kg,2026-10-03T14:01:37+03:00
2026-10-03,AT,diesel,Austria,2.2013,EUR,liter,2026-10-03T14:01:37+03:00
2026-10-03,AT,diesel_premium,Austria,2.4939,EUR,liter,2026-10-03T14:01:37+03:00
2026-10-03,AT,gasoline,Austria,1.8944,EUR,liter,2026-10-03T14:01:37+03:00
2026-10-03,AT,gasoline_premium,Austria,2.1316,EUR,liter,2026-10-03T14:01:37+03:00
2026-10-03,AT,gasoline_super,Austria,2.049,EUR,liter,2026-10-03T14:01:37+03:00
2026-10-03,AT,lpg,Austria,1.1665,EUR,liter,2026-10-03T14:01:37+03:00
2026-10-03,AT,premium,Austria,2.049,EUR,liter,2026-10-03T14:01:37+03:00
2026-10-03,AU,diesel,Australia,2.8708,AUD,liter,2026-10-03T14:01:37+03:00
2026-10-03,AU,diesel_premium,Australia,2.8823,AUD,liter,2026-10-03T14:01:37+03:00
2026-10-03,AU,e85,Australia,2.599,AUD,liter,2026-10-03T14:01:37+03:00
2026-10-03,AU,gasoline,Australia,2.399,AUD,liter,2026-10-03T14:01:37+03:00
2026-10-03,AU,gasoline_premium,Australia,2.5611,AUD,liter,2026-10-03T14:01:37+03:00
2026-10-03,AU,gasoline_super,Australia,2.662,AUD,liter,2026-10-03T14:01:37+03:00
2026-10-03,AU,lpg,Australia,1.3903,AUD,liter,2026-10-03T14:01:37+03:00
2026-10-03,AU,premium,Australia,2.662,AUD,liter,2026-10-03T14:01:37+03:00
2026-10-03,AZ,cng,Azerbaijan,0.4,AZN,m3,2026-10-03T14:01:37+03:00
2026-10-03,AZ,diesel,Azerbaijan,1.1,AZN,liter,2026-10-03T14:01:37+03:00
2026-10-03,AZ,gasoline,Azerbaijan,1.15,AZN,liter,2026-10-03T14:01:37+03:00
2026-10-03,AZ,gasoline_premium,Azerbaijan,1.6,AZN,liter,2026-10-03T14:01:37+03:00
2026-10-03,AZ,gasoline_super,Azerbaijan,2.3,AZN,liter,2026-10-03T14:01:37+03:00
2026-10-03,AZ,lpg,Azerbaijan,0.7,AZN,liter,2026-10-03T14:01:37+03:00
2026-10-03,AZ,premium,Azerbaijan,2.3,AZN,liter,2026-10-03T14:01:37+03:00
2026-10-03,BA,diesel,Bih,3.7802,BAM,liter,2026-10-03T14:01:37+03:00
2026-10-03,BA,gasoline,Bih,3.3775,BAM,liter,2026-10-03T14:01:37+03:00
2026-10-03,BA,gasoline_premium,Bih,3.51,BAM,liter,2026-10-03T14:01:37+03:00
2026-10-03,BA,lpg,Bih,1.3949,BAM,liter,2026-10-03T14:01:37+03:00
2026-10-03,BA,premium,Bih,3.51,BAM,liter,2026-10-03T14:01:37+03:00
2026-10-03,BB,diesel,Barbados,3.8,BBD,liter,2026-10-03T14:01:37+03:00
2026-10-03,BB,gasoline,Barbados,4.27,BBD,liter,2026-10-03T14:01:37+03:00
2026-10-03,BB,kerosene,Barbados,2.3,BBD,liter,2026-10-03T14:01:37+03:00
2026-10-03,BD,diesel,Bangladesh,135,BDT,liter,2026-10-03T14:01:37+03:00
2026-10-03,BD,gasoline,Bangladesh,160,BDT,liter,2026-10-03T14:01:37+03:00
2026-10-03,BD,gasoline_premium,Bangladesh,165,BDT,liter,2026-10-03T14:01:37+03:00
2026-10-03,BD,kerosene,Bangladesh,155,BDT,liter,2026-10-03T14:01:37+03:00
2026-10-03,BD,premium,Bangladesh,165,BDT,liter,2026-10-03T14:01:37+03:00
2026-10-03,BE,diesel,Belgium,2.4341,EUR,liter,2026-10-03T14:01:37+03:00
2026-10-03,BE,gasoline,Belgium,2.0638,EUR,liter,2026-10-03T14:01:37+03:00
2026-10-03,BE,gasoline_premium,Belgium,2.2511,EUR,liter,2026-10-03T14:01:37+03:00
2026-10-03,BE,lpg,Belgium,0.9597,EUR,liter,2026-10-03T14:01:37+03:00
2026-10-03,BE,premium,Belgium,2.2511,EUR,liter,2026-10-03T14:01:37+03:00
2026-10-03,BF,diesel,Burkina Faso,750,XOF,liter,2026-10-03T14:01:37+03:00
2026-10-03,BF,gasoline,Burkina Faso,850,XOF,liter,2026-10-03T14:01:37+03:00
2026-10-03,BF,kerosene,Burkina Faso,950,XOF,liter,2026-10-03T14:01:37+03:00
2026-10-03,BG,diesel,Bulgaria,1.8988,EUR,liter,2026-10-03T14:01:37+03:00
2026-10-03,BG,diesel_premium,Bulgaria,2.1041,EUR,liter,2026-10-03T14:01:37+03:00
2026-10-03,BG,gasoline,Bulgaria,1.6526,EUR,liter,2026-10-03T14:01:37+03:00
2026-10-03,BG,gasoline_super,Bulgaria,1.8665,EUR,liter,2026-10-03T14:01:37+03:00
2026-10-03,BG,lpg,Bulgaria,0.6362,EUR,liter,2026-10-03T14:01:37+03:00
2026-10-03,BG,premium,Bulgaria,1.8665,EUR,liter,2026-10-03T14:01:37+03:00
2026-10-03,BH,diesel,Bahrain,0.229,BHD,liter,2026-10-03T14:01:37+03:00
2026-10-03,BH,gasoline,Bahrain,0.225,BHD,liter,2026-10-03T14:01:37+03:00
2026-10-03,BH,gasoline_premium,Bahrain,0.247,BHD,liter,2026-10-03T14:01:37+03:00
2026-10-03,BH,gasoline_super,Bahrain,0.38,BHD,liter,2026-10-03T14:01:37+03:00
2026-10-03,BH,premium,Bahrain,0.38,BHD,liter,2026-10-03T14:01:37+03:00
2026-10-03,BO,cng,Bolivia,2.99,BOB,m3,2026-10-03T14:01:37+03:00
2026-10-03,BO,diesel,Bolivia,9.8,BOB,liter,2026-10-03T14:01:37+03:00
2026-10-03,BO,gasoline,Bolivia,6.96,BOB,liter,2026-10-03T14:01:37+03:00
2026-10-03,BO,gasoline_premium,Bolivia,11,BOB,liter,2026-10-03T14:01:37+03:00
2026-10-03,BO,premium,Bolivia,11,BOB,liter,2026-10-03T14:01:37+03:00
2026-10-03,BR,cng,Brazil,4.8432,BRL,m3,2026-10-03T14:01:37+03:00
2026-10-03,BR,diesel,Brazil,7.2172,BRL,liter,2026-10-03T14:01:37+03:00
2026-10-03,BR,e85,Brazil,4.318,BRL,liter,2026-10-03T14:01:37+03:00
2026-10-03,BR,gasoline,Brazil,6.593,BRL,liter,2026-10-03T14:01:37+03:00
2026-10-03,BR,gasoline_premium,Brazil,6.7701,BRL,liter,2026-10-03T14:01:37+03:00
2026-10-03,BR,premium,Brazil,6.7701,BRL,liter,2026-10-03T14:01:37+03:00
2026-10-03,BW,diesel,Botswana,20.93,BWP,liter,2026-10-03T14:01:37+03:00
2026-10-03,BW,gasoline,Botswana,18.21,BWP,liter,2026-10-03T14:01:37+03:00
2026-10-03,BW,kerosene,Botswana,18.33,BWP,liter,2026-10-03T14:01:37+03:00
2026-10-03,BY,diesel,Belarus,2.71,BYN,liter,2026-10-03T14:01:37+03:00
2026-10-03,BY,gasoline,Belarus,2.71,BYN,liter,2026-10-03T14:01:37+03:00
2026-10-03,BY,gasoline_premium,Belarus,2.93,BYN,liter,2026-10-03T14:01:37+03:00
2026-10-03,BY,gasoline_regular,Belarus,2.61,BYN,liter,2026-10-03T14:01:37+03:00
2026-10-03,BY,lpg,Belarus,1.3111,BYN,liter,2026-10-03T14:01:37+03:00
2026-10-03,BY,premium,Belarus,2.93,BYN,liter,2026-10-03T14:01:37+03:00
2026-10-03,BZ,diesel,Belize,14.6649,BZD,gallon,2026-10-03T14:01:37+03:00
2026-10-03,BZ,gasoline,Belize,14.2291,BZD,gallon,2026-10-03T14:01:37+03:00
2026-10-03,BZ,gasoline_premium,Belize,15.54,BZD,gallon,2026-10-03T14:01:37+03:00
2026-10-03,BZ,premium,Belize,15.54,BZD,gallon,2026-10-03T14:01:37+03:00
2026-10-03,CA,diesel,Canada,2.6077,CAD,liter,2026-10-03T14:01:37+03:00
2026-10-03,CA,gasoline,Canada,1.8365,CAD,liter,2026-10-03T14:01:37+03:00
2026-10-03,CA,gasoline_premium,Canada,1.9955,CAD,liter,2026-10-03T14:01:37+03:00
2026-10-03,CA,gasoline_super,Canada,2.1035,CAD,liter,2026-10-03T14:01:37+03:00
2026-10-03,CA,lpg,Canada,1.267,CAD,liter,2026-10-03T14:01:37+03:00
2026-10-03,CA,premium,Canada,2.1035,CAD,liter,2026-10-03T14:01:37+03:00
2026-10-03,CH,diesel,Switzerland,2.321,CHF,liter,2026-10-03T14:01:37+03:00
2026-10-03,CH,gasoline,Switzerland,2.0593,CHF,liter,2026-10-03T14:01:37+03:00
2026-10-03,CH,gasoline_premium,Switzerland,2.25,CHF,liter,2026-10-03T14:01:37+03:00
2026-10-03,CH,lpg,Switzerland,1.187,CHF,liter,2026-10-03T14:01:37+03:00
2026-10-03,CH,premium,Switzerland,2.25,CHF,liter,2026-10-03T14:01:37+03:00
2026-10-03,CI,diesel,Ivory Coast,725,XOF,liter,2026-10-03T14:01:37+03:00
2026-10-03,CI,gasoline,Ivory Coast,905,XOF,liter,2026-10-03T14:01:37+03:00
2026-10-03,CI,kerosene,Ivory Coast,780,XOF,liter,2026-10-03T14:01:37+03:00
2026-10-03,CL,cng,Chile,906,CLP,m3,2026-10-03T14:01:37+03:00
2026-10-03,CL,diesel,Chile,1435.7942,CLP,liter,2026-10-03T14:01:37+03:00
2026-10-03,CL,gasoline,Chile,1514.2327,CLP,liter,2026-10-03T14:01:37+03:00
2026-10-03,CL,gasoline_premium,Chile,1522.1778,CLP,liter,2026-10-03T14:01:37+03:00
2026-10-03,CL,gasoline_super,Chile,1563.2028,CLP,liter,2026-10-03T14:01:37+03:00
2026-10-03,CL,lpg,Chile,681.5,CLP,liter,2026-10-03T14:01:37+03:00
2026-10-03,CL,premium,Chile,1563.2028,CLP,liter,2026-10-03T14:01:37+03:00
2026-10-03,CN,diesel,China,8.3082,CNY,liter,2026-10-03T14:01:37+03:00
2026-10-03,CN,gasoline,China,8.6098,CNY,liter,2026-10-03T14:01:37+03:00
2026-10-03,CN,gasoline_premium,China,9.1267,CNY,liter,2026-10-03T14:01:37+03:00
2026-10-03,CN,gasoline_super,China,10.6609,CNY,liter,2026-10-03T14:01:37+03:00
2026-10-03,CN,premium,China,10.6609,CNY,liter,2026-10-03T14:01:37+03:00
2026-10-03,CO,cng,Colombia,3499,COP,m3,2026-10-03T14:01:37+03:00
2026-10-03,CO,diesel,Colombia,11219,COP,gallon,2026-10-03T14:01:37+03:00
2026-10-03,CO,diesel_premium,Colombia,11450,COP,gallon,2026-10-03T14:01:37+03:00
2026-10-03,CO,gasoline,Colombia,15977.25,COP,gallon,2026-10-03T14:01:37+03:00
2026-10-03,CO,gasoline_premium,Colombia,22050,COP,gallon,2026-10-03T14:01:37+03:00
2026-10-03,CO,lpg,Colombia,2490,COP,gallon,2026-10-03T14:01:37+03:00
2026-10-03,CO,premium,Colombia,22050,COP,liter,2026-10-03T14:01:37+03:00
2026-10-03,CR,diesel,Costa Rica,688,CRC,liter,2026-10-03T14:01:37+03:00
2026-10-03,CR,gasoline,Costa Rica,707,CRC,liter,2026-10-03T14:01:37+03:00
2026-10-03,CR,gasoline_premium,Costa Rica,726,CRC,liter,2026-10-03T14:01:37+03:00
2026-10-03,CR,premium,Costa Rica,726,CRC,liter,2026-10-03T14:01:37+03:00
2026-10-03,CU,diesel,Cuba,132,CUP,liter,2026-10-03T14:01:37+03:00
2026-10-03,CU,diesel_premium,Cuba,150,CUP,liter,2026-10-03T14:01:37+03:00
2026-10-03,CU,gasoline,Cuba,132,CUP,liter,2026-10-03T14:01:37+03:00
2026-10-03,CU,gasoline_premium,Cuba,156,CUP,liter,2026-10-03T14:01:37+03:00
2026-10-03,CU,gasoline_regular,Cuba,114,CUP,liter,2026-10-03T14:01:37+03:00
2026-10-03,CU,gasoline_super,Cuba,198,CUP,liter,2026-10-03T14:01:37+03:00
2026-10-03,CU,premium,Cuba,198,CUP,liter,2026-10-03T14:01:37+03:00
2026-10-03,CV,diesel,Cape Verde,190.3,CVE,liter,2026-10-03T14:01:37+03:00
2026-10-03,CV,gasoline,Cape Verde,197.2,CVE,liter,2026-10-03T14:01:37+03:00
2026-10-03,CY,diesel,Cyprus,1.9327,EUR,liter,2026-10-03T14:01:37+03:00
2026-10-03,CY,gasoline,Cyprus,1.7336,EUR,liter,2026-10-03T14:01:37+03:00
2026-10-03,CY,gasoline_premium,Cyprus,1.778,EUR,liter,2026-10-03T14:01:37+03:00
2026-10-03,CY,premium,Cyprus,1.778,EUR,liter,2026-10-03T14:01:37+03:00
2026-10-03,CZ,cng,Czech Republic,44.8,CZK,kg,2026-10-03T14:01:37+03:00
2026-10-03,CZ,diesel,Czech Republic,49.2774,CZK,liter,2026-10-03T14:01:37+03:00
2026-10-03,CZ,diesel_premium,Czech Republic,47.5,CZK,liter,2026-10-03T14:01:37+03:00
2026-10-03,CZ,gasoline,Czech Republic,45.2136,CZK,liter,2026-10-03T14:01:37+03:00
2026-10-03,CZ,gasoline_premium,Czech Republic,48.1,CZK,liter,2026-10-03T14:01:37+03:00
2026-10-03,CZ,lpg,Czech Republic,21.4641,CZK,liter,2026-10-03T14:01:37+03:00
2026-10-03,CZ,premium,Czech Republic,48.1,CZK,liter,2026-10-03T14:01:37+03:00
2026-10-03,DE,diesel,Germany,2.3838,EUR,liter,2026-10-03T14:01:37+03:00
2026-10-03,DE,diesel_premium,Germany,2.5662,EUR,liter,2026-10-03T14:01:37+03:00
2026-10-03,DE,gasoline,Germany,2.2901,EUR,liter,2026-10-03T14:01:37+03:00
2026-10-03,DE,gasoline_premium,Germany,2.27,EUR,liter,2026-10-03T14:01:37+03:00
2026-10-03,DE,lpg,Germany,1.1395,EUR,liter,2026-10-03T14:01:37+03:00
2026-10-03,DE,premium,Germany,2.27,EUR,liter,2026-10-03T14:01:37+03:00
2026-10-03,DK,diesel,Denmark,18.8616,DKK,liter,2026-10-03T14:01:37+03:00
2026-10-03,DK,diesel_premium,Denmark,19.8028,DKK,liter,2026-10-03T14:01:37+03:00
2026-10-03,DK,gasoline,Denmark,17.7368,DKK,liter,2026-10-03T14:01:37+03:00
2026-10-03,DK,gasoline_premium,Denmark,19.5693,DKK,liter,2026-10-03T14:01:37+03:00
2026-10-03,DK,premium,Denmark,19.5693,DKK,liter,2026-10-03T14:01:37+03:00
2026-10-03,DO,diesel,Dominican Republic,270.8,DOP,gallon,2026-10-03T14:01:37+03:00
2026-10-03,DO,diesel_premium,Dominican Republic,306.1,DOP,gallon,2026-10-03T14:01:37+03:00
2026-10-03,DO,gasoline,Dominican Republic,317.5,DOP,gallon,2026-10-03T14:01:37+03:00
2026-10-03,DO,gasoline_premium,Dominican Republic,353.1,DOP,gallon,2026-10-03T14:01:37+03:00
2026-10-03,DO,kerosene,Dominican Republic,380.1,DOP,gallon,2026-10-03T14:01:37+03:00
2026-10-03,DO,lpg,Dominican Republic,135.2,DOP,gallon,2026-10-03T14:01:37+03:00
2026-10-03,DO,premium,Dominican Republic,353.1,DOP,gallon,2026-10-03T14:01:37+03:00
2026-10-03,DZ,diesel,Algeria,31,DZD,liter,2026-10-03T14:01:37+03:00
2026-10-03,DZ,gasoline,Algeria,47,DZD,liter,2026-10-03T14:01:37+03:00
2026-10-03,DZ,lpg,Algeria,12.3846,DZD,liter,2026-10-03T14:01:37+03:00
2026-10-03,EC,diesel,Ecuador,3.15,USD,gallon,2026-10-03T14:01:37+03:00
2026-10-03,EC,gasoline,Ecuador,3.21,USD,gallon,2026-10-03T14:01:37+03:00
2026-10-03,EC,gasoline_premium,Ecuador,4.74,USD,gallon,2026-10-03T14:01:37+03:00
2026-10-03,EC,premium,Ecuador,4.74,USD,gallon,2026-10-03T14:01:37+03:00
2026-10-03,EE,diesel,Estonia,2.1039,EUR,liter,2026-10-03T14:01:37+03:00
2026-10-03,EE,gasoline,Estonia,1.9248,EUR,liter,2026-10-03T14:01:37+03:00
2026-10-03,EE,gasoline_premium,Estonia,1.986,EUR,liter,2026-10-03T14:01:37+03:00
2026-10-03,EE,lpg,Estonia,1.0032,EUR,liter,2026-10-03T14:01:37+03:00
2026-10-03,EE,premium,Estonia,1.986,EUR,liter,2026-10-03T14:01:37+03:00
2026-10-03,EG,diesel,Egypt,20.5,EGP,liter,2026-10-03T14:01:37+03:00
2026-10-03,EG,gasoline,Egypt,22.25,EGP,liter,2026-10-03T14:01:37+03:00
2026-10-03,EG,gasoline_premium,Egypt,24,EGP,liter,2026-10-03T14:01:37+03:00
2026-10-03,EG,gasoline_regular,Egypt,20.75,EGP,liter,2026-10-03T14:01:37+03:00
2026-10-03,EG,kerosene,Egypt,20.5,EGP,liter,2026-10-03T14:01:37+03:00
2026-10-03,EG,premium,Egypt,24,EGP,liter,2026-10-03T14:01:37+03:00
2026-10-03,ES,cng,Spain,1.8815,EUR,kg,2026-10-03T14:01:37+03:00
2026-10-03,ES,diesel,Spain,1.9597,EUR,liter,2026-10-03T14:01:37+03:00
2026-10-03,ES,diesel_premium,Spain,2.0549,EUR,liter,2026-10-03T14:01:37+03:00
2026-10-03,ES,gasoline,Spain,1.8722,EUR,liter,2026-10-03T14:01:37+03:00
2026-10-03,ES,gasoline_premium,Spain,1.9815,EUR,liter,2026-10-03T14:01:37+03:00
2026-10-03,ES,lpg,Spain,1.128,EUR,liter,2026-10-03T14:01:37+03:00
2026-10-03,ES,premium,Spain,1.9815,EUR,liter,2026-10-03T14:01:37+03:00
2026-10-03,ET,diesel,Ethiopia,180.46,ETB,liter,2026-10-03T14:01:37+03:00
2026-10-03,ET,gasoline,Ethiopia,167.41,ETB,liter,2026-10-03T14:01:37+03:00
2026-10-03,ET,kerosene,Ethiopia,320.66,ETB,liter,2026-10-03T14:01:37+03:00
2026-10-03,FI,diesel,Finland,2.4898,EUR,liter,2026-10-03T14:01:37+03:00
2026-10-03,FI,gasoline,Finland,2.2984,EUR,liter,2026-10-03T14:01:37+03:00
2026-10-03,FI,gasoline_premium,Finland,2.359,EUR,liter,2026-10-03T14:01:37+03:00
2026-10-03,FI,premium,Finland,2.359,EUR,liter,2026-10-03T14:01:37+03:00
2026-10-03,FJ,diesel,Fiji,3.41,FJD,liter,2026-10-03T14:01:37+03:00
2026-10-03,FJ,gasoline,Fiji,3.15,FJD,liter,2026-10-03T14:01:37+03:00
2026-10-03,FJ,kerosene,Fiji,2.67,FJD,liter,2026-10-03T14:01:37+03:00
2026-10-03,FM,diesel,Micronesia,0.9344,EUR,liter,2026-05-02T15:49:36+03:00
2026-10-03,FM,gasoline,Micronesia,0.9794,EUR,liter,2026-05-02T15:49:36+03:00
2026-10-03,FO,diesel,Faroe Islands,16.13,DKK,liter,2026-10-03T14:01:37+03:00
2026-10-03,FO,gasoline,Faroe Islands,15.56,DKK,liter,2026-10-03T14:01:37+03:00
2026-10-03,FO,gasoline_premium,Faroe Islands,18.45,DKK,liter,2026-10-03T14:01:37+03:00
2026-10-03,FO,premium,Faroe Islands,18.45,DKK,liter,2026-10-03T14:01:37+03:00
2026-10-03,FR,diesel,France,2.3833,EUR,liter,2026-10-03T14:01:37+03:00
2026-10-03,FR,diesel_premium,France,2.377,EUR,liter,2026-10-03T14:01:37+03:00
2026-10-03,FR,e85,France,0.8965,EUR,liter,2026-10-03T14:01:37+03:00
2026-10-03,FR,gasoline,France,2.1884,EUR,liter,2026-10-03T14:01:37+03:00
2026-10-03,FR,gasoline_premium,France,2.2584,EUR,liter,2026-10-03T14:01:37+03:00
2026-10-03,FR,lpg,France,1.0495,EUR,liter,2026-10-03T14:01:37+03:00
2026-10-03,FR,premium,France,2.2584,EUR,liter,2026-10-03T14:01:37+03:00
2026-10-03,GB,diesel,United Kingdom,1.991,GBP,liter,2026-10-03T14:01:37+03:00
2026-10-03,GB,diesel_premium,United Kingdom,2.1822,GBP,liter,2026-10-03T14:01:37+03:00
2026-10-03,GB,gasoline,United Kingdom,1.7454,GBP,liter,2026-10-03T14:01:37+03:00
2026-10-03,GB,gasoline_premium,United Kingdom,1.9315,GBP,liter,2026-10-03T14:01:37+03:00
2026-10-03,GB,lpg,United Kingdom,0.98,GBP,liter,2026-10-03T14:01:37+03:00
2026-10-03,GB,premium,United Kingdom,1.9315,GBP,liter,2026-10-03T14:01:37+03:00
2026-10-03,GD,diesel,Grenada,17,XCD,imperial_gallon,2026-10-03T14:01:37+03:00
2026-10-03,GD,gasoline,Grenada,17,XCD,imperial_gallon,2026-10-03T14:01:37+03:00
2026-10-03,GD,kerosene,Grenada,16.86,XCD,imperial_gallon,2026-10-03T14:01:37+03:00
2026-10-03,GE,cng,Georgia,1.6,GEL,m3,2026-10-03T14:01:37+03:00
2026-10-03,GE,diesel,Georgia,4.7853,GEL,liter,2026-10-03T14:01:37+03:00
2026-10-03,GE,diesel_premium,Georgia,4.9204,GEL,liter,2026-10-03T14:01:37+03:00
2026-10-03,GE,gasoline,Georgia,4.1876,GEL,liter,2026-10-03T14:01:37+03:00
2026-10-03,GE,gasoline_premium,Georgia,4.5531,GEL,liter,2026-10-03T14:01:37+03:00
2026-10-03,GE,gasoline_regular,Georgia,3.91,GEL,liter,2026-10-03T14:01:37+03:00
2026-10-03,GE,lpg,Georgia,1.9108,GEL,liter,2026-10-03T14:01:37+03:00
2026-10-03,GE,premium,Georgia,4.5531,GEL,liter,2026-10-03T14:01:37+03:00
2026-10-03,GH,diesel,Ghana,18.1923,GHS,liter,2026-10-03T14:01:37+03:00
2026-10-03,GH,gasoline,Ghana,16.823,GHS,liter,2026-10-03T14:01:37+03:00
2026-10-03,GH,gasoline_premium,Ghana,19.0829,GHS,liter,2026-10-03T14:01:37+03:00
2026-10-03,GH,kerosene,Ghana,18.38,GHS,liter,2026-10-03T14:01:37+03:00
2026-10-03,GH,lpg,Ghana,16.562,GHS,kg,2026-10-03T14:01:37+03:00
2026-10-03,GH,premium,Ghana,19.0829,GHS,liter,2026-10-03T14:01:37+03:00
2026-10-03,GM,diesel,Gambia,120,GMD,liter,2026-10-03T14:01:37+03:00
2026-10-03,GM,gasoline,Gambia,109.8,GMD,liter,2026-10-03T14:01:37+03:00
2026-10-03,GM,kerosene,Gambia,112.64,GMD,liter,2026-10-03T14:01:37+03:00
2026-10-03,GN,diesel,Guinea,12000,GNF,liter,2026-10-03T14:01:37+03:00
2026-10-03,GN,gasoline,Guinea,12000,GNF,liter,2026-10-03T14:01:37+03:00
2026-10-03,GR,diesel,Greece,2.1336,EUR,liter,2026-10-03T14:01:37+03:00
2026-10-03,GR,diesel_premium,Greece,2.22,EUR,liter,2026-10-03T14:01:37+03:00
2026-10-03,GR,gasoline,Greece,2.2094,EUR,liter,2026-10-03T14:01:37+03:00
2026-10-03,GR,gasoline_super,Greece,2.421,EUR,liter,2026-10-03T14:01:37+03:00
2026-10-03,GR,lpg,Greece,1.0952,EUR,liter,2026-10-03T14:01:37+03:00
2026-10-03,GR,premium,Greece,2.421,EUR,liter,2026-10-03T14:01:37+03:00
2026-10-03,GT,diesel,Guatemala,45.6154,GTQ,gallon,2026-10-03T14:01:37+03:00
2026-10-03,GT,gasoline,Guatemala,39.2108,GTQ,gallon,2026-10-03T14:01:37+03:00
2026-10-03,GT,gasoline_premium,Guatemala,40.9462,GTQ,gallon,2026-10-03T14:01:37+03:00
2026-10-03,GT,premium,Guatemala,40.9462,GTQ,gallon,2026-10-03T14:01:37+03:00
2026-10-03,GW,diesel,Guinea-Bissau,898,XOF,liter,2026-10-03T14:01:37+03:00
2026-10-03,GW,gasoline,Guinea-Bissau,899,XOF,liter,2026-10-03T14:01:37+03:00
2026-10-03,GY,diesel,Guyana,318,GYD,liter,2026-10-03T14:01:37+03:00
2026-10-03,GY,gasoline,Guyana,258,GYD,liter,2026-10-03T14:01:37+03:00
2026-10-03,GY,kerosene,Guyana,230,GYD,liter,2026-10-03T14:01:37+03:00
2026-10-03,HK,diesel,Hong Kong,37.18,HKD,liter,2026-10-03T14:01:37+03:00
2026-10-03,HK,gasoline,Hong Kong,34.62,HKD,liter,2026-10-03T14:01:37+03:00
2026-10-03,HK,gasoline_premium,Hong Kong,36.33,HKD,liter,2026-10-03T14:01:37+03:00
2026-10-03,HK,lpg,Hong Kong,4.19,HKD,liter,2026-10-03T14:01:37+03:00
2026-10-03,HK,premium,Hong Kong,36.33,HKD,liter,2026-10-03T14:01:37+03:00
2026-10-03,HN,diesel,Honduras,148.01,HNL,gallon,2026-10-03T14:01:37+03:00
2026-10-03,HN,gasoline,Honduras,130.51,HNL,gallon,2026-10-03T14:01:37+03:00
2026-10-03,HN,gasoline_premium,Honduras,143.73,HNL,gallon,2026-10-03T14:01:37+03:00
2026-10-03,HN,kerosene,Honduras,129.86,HNL,gallon,2026-10-03T14:01:37+03:00
2026-10-03,HN,lpg,Honduras,49.94,HNL,gallon,2026-10-03T14:01:37+03:00
2026-10-03,HN,premium,Honduras,143.73,HNL,gallon,2026-10-03T14:01:37+03:00
2026-10-03,HR,diesel,Croatia,1.9354,EUR,liter,2026-10-03T14:01:37+03:00
2026-10-03,HR,diesel_premium,Croatia,2.125,EUR,liter,2026-10-03T14:01:37+03:00
2026-10-03,HR,gasoline,Croatia,1.7792,EUR,liter,2026-10-03T14:01:37+03:00
2026-10-03,HR,gasoline_super,Croatia,2.3833,EUR,liter,2026-10-03T14:01:37+03:00
2026-10-03,HR,lpg,Croatia,0.8465,EUR,liter,2026-10-03T14:01:37+03:00
2026-10-03,HR,premium,Croatia,2.3833,EUR,liter,2026-10-03T14:01:37+03:00
2026-10-03,HT,diesel,Haiti,203.4126,HTG,liter,2026-10-03T14:01:37+03:00
2026-10-03,HT,gasoline,Haiti,184.9205,HTG,liter,2026-10-03T14:01:37+03:00
2026-10-03,HT,kerosene,Haiti,202.0917,HTG,liter,2026-10-03T14:01:37+03:00
2026-10-03,HU,cng,Hungary,850,HUF,kg,2026-10-03T14:01:37+03:00
2026-10-03,HU,diesel,Hungary,709.6429,HUF,liter,2026-10-03T14:01:37+03:00
2026-10-03,HU,diesel_premium,Hungary,806,HUF,liter,2026-10-03T14:01:37+03:00
2026-10-03,HU,gasoline,Hungary,632.3214,HUF,liter,2026-10-03T14:01:37+03:00
2026-10-03,HU,gasoline_premium,Hungary,720,HUF,liter,2026-10-03T14:01:37+03:00
2026-10-03,HU,lpg,Hungary,351.3478,HUF,liter,2026-10-03T14:01:37+03:00
2026-10-03,HU,premium,Hungary,720,HUF,liter,2026-10-03T14:01:37+03:00
2026-10-03,ID,diesel,Indonesia,24007.6923,IDR,liter,2026-10-03T14:01:37+03:00
2026-10-03,ID,gasoline,Indonesia,16165.3846,IDR,liter,2026-10-03T14:01:37+03:00
2026-10-03,ID,gasoline_premium,Indonesia,19846.1538,IDR,liter,2026-10-03T14:01:37+03:00
2026-10-03,ID,premium,Indonesia,19846.1538,IDR,liter,2026-10-03T14:01:37+03:00
2026-10-03,IE,diesel,Ireland,2.0396,EUR,liter,2026-10-03T14:01:37+03:00
2026-10-03,IE,gasoline,Ireland,1.9168,EUR,liter,2026-10-03T14:01:37+03:00
2026-10-03,IL,diesel,Israel,7.8873,ILS,liter,2026-10-03T14:01:37+03:00
2026-10-03,IL,gasoline,Israel,8.27,ILS,liter,2026-10-03T14:01:37+03:00
2026-10-03,IN,cng,India,86.98,INR,kg,2026-10-03T14:01:37+03:00
2026-10-03,IN,diesel,India,95.2,INR,liter,2026-10-03T14:01:37+03:00
2026-10-03,IN,gasoline,India,102.12,INR,liter,2026-10-03T14:01:37+03:00
2026-10-03,IQ,diesel,Iraq,400,IQD,liter,2026-10-03T14:01:37+03:00
2026-10-03,IQ,gasoline,Iraq,850,IQD,liter,2026-10-03T14:01:37+03:00
2026-10-03,IQ,gasoline_regular,Iraq,450,IQD,liter,2026-10-03T14:01:37+03:00
2026-10-03,IQ,gasoline_super,Iraq,1250,IQD,liter,2026-10-03T14:01:37+03:00
2026-10-03,IQ,kerosene,Iraq,150,IQD,liter,2026-10-03T14:01:37+03:00
2026-10-03,IQ,premium,Iraq,1250,IQD,liter,2026-10-03T14:01:37+03:00
2026-10-03,IS,diesel,Iceland,315.5164,ISK,liter,2026-10-03T14:01:37+03:00
2026-10-03,IS,gasoline,Iceland,272.4611,ISK,liter,2026-10-03T14:01:37+03:00
2026-10-03,IT,cng,Italy,1.8986,EUR,kg,2026-10-03T14:01:37+03:00
2026-10-03,IT,diesel,Italy,2.3038,EUR,liter,2026-10-03T14:01:37+03:00
2026-10-03,IT,diesel_premium,Italy,2.3928,EUR,liter,2026-10-03T14:01:37+03:00
2026-10-03,IT,gasoline,Italy,2.1071,EUR,liter,2026-10-03T14:01:37+03:00
2026-10-03,IT,gasoline_premium,Italy,2.2596,EUR,liter,2026-10-03T14:01:37+03:00
2026-10-03,IT,gasoline_super,Italy,2.3859,EUR,liter,2026-10-03T14:01:37+03:00
2026-10-03,IT,lpg,Italy,0.7529,EUR,liter,2026-10-03T14:01:37+03:00
2026-10-03,IT,premium,Italy,2.3859,EUR,liter,2026-10-03T14:01:37+03:00
2026-10-03,JM,diesel,Jamaica,264.7052,JMD,liter,2026-10-03T14:01:37+03:00
2026-10-03,JM,gasoline,Jamaica,230.1764,JMD,liter,2026-10-03T14:01:37+03:00
2026-10-03,JM,gasoline_premium,Jamaica,240.8293,JMD,liter,2026-10-03T14:01:37+03:00
2026-10-03,JM,kerosene,Jamaica,217.6659,JMD,liter,2026-10-03T14:01:37+03:00
2026-10-03,JM,premium,Jamaica,240.8293,JMD,liter,2026-10-03T14:01:37+03:00
2026-10-03,JO,diesel,Jordan,0.9,JOD,liter,2026-10-03T14:01:37+03:00
2026-10-03,JO,gasoline,Jordan,1.05,JOD,liter,2026-10-03T14:01:37+03:00
2026-10-03,JO,gasoline_premium,Jordan,1.36,JOD,liter,2026-10-03T14:01:37+03:00
2026-10-03,JO,gasoline_super,Jordan,1.51,JOD,liter,2026-10-03T14:01:37+03:00
2026-10-03,JO,kerosene,Jordan,0.55,JOD,liter,2026-10-03T14:01:37+03:00
2026-10-03,JO,premium,Jordan,1.51,JOD,liter,2026-10-03T14:01:37+03:00
2026-10-03,JP,diesel,Japan,151.9804,JPY,liter,2026-10-03T14:01:37+03:00
2026-10-03,JP,gasoline,Japan,163.6431,JPY,liter,2026-10-03T14:01:37+03:00
2026-10-03,JP,gasoline_premium,Japan,174.3922,JPY,liter,2026-10-03T14:01:37+03:00
2026-10-03,JP,lpg,Japan,138.2,JPY,liter,2026-10-03T14:01:37+03:00
2026-10-03,JP,premium,Japan,174.3922,JPY,liter,2026-10-03T14:01:37+03:00
2026-10-03,KE,diesel,Kenya,217,KES,liter,2026-10-03T14:01:37+03:00
2026-10-03,KE,gasoline,Kenya,214,KES,liter,2026-10-03T14:01:37+03:00
2026-10-03,KE,kerosene,Kenya,191.38,KES,liter,2026-10-03T14:01:37+03:00
2026-10-03,KG,diesel,Kyrgyzstan,100.3739,KGS,liter,2026-10-03T14:01:37+03:00
2026-10-03,KG,gasoline,Kyrgyzstan,88.4106,KGS,liter,2026-10-03T14:01:37+03:00
2026-10-03,KG,gasoline_premium,Kyrgyzstan,109.8533,KGS,liter,2026-10-03T14:01:37+03:00
2026-10-03,KG,gasoline_super,Kyrgyzstan,149.9,KGS,liter,2026-10-03T14:01:37+03:00
2026-10-03,KG,lpg,Kyrgyzstan,48.8,KGS,liter,2026-10-03T14:01:37+03:00
2026-10-03,KG,premium,Kyrgyzstan,149.9,KGS,liter,2026-10-03T14:01:37+03:00
2026-10-03,KH,diesel,Cambodia,5800,KHR,liter,2026-10-03T14:01:37+03:00
2026-10-03,KH,gasoline,Cambodia,5183.3333,KHR,liter,2026-10-03T14:01:37+03:00
2026-10-03,KH,gasoline_premium,Cambodia,6250,KHR,liter,2026-10-03T14:01:37+03:00
2026-10-03,KH,premium,Cambodia,6250,KHR,liter,2026-10-03T14:01:37+03:00
2026-10-03,KN,gasoline,Saint Kitts and Nevis,16.93,XCD,imperial_gallon,2026-10-03T14:01:37+03:00
2026-10-03,KR,diesel,South Korea,1843.5816,KRW,liter,2026-10-03T14:01:37+03:00
2026-10-03,KR,gasoline,South Korea,1857.8413,KRW,liter,2026-10-03T14:01:37+03:00
2026-10-03,KR,gasoline_premium,South Korea,2343.5,KRW,liter,2026-10-03T14:01:37+03:00
2026-10-03,KR,kerosene,South Korea,1572.65,KRW,liter,2026-10-03T14:01:37+03:00
2026-10-03,KR,lpg,South Korea,1096.37,KRW,liter,2026-10-03T14:01:37+03:00
2026-10-03,KR,premium,South Korea,2343.5,KRW,liter,2026-10-03T14:01:37+03:00
2026-10-03,KU,diesel,Kurdistan Region,1350,IQD,liter,2026-10-03T14:01:37+03:00
2026-10-03,KU,gasoline,Kurdistan Region,1080,IQD,liter,2026-10-03T14:01:37+03:00
2026-10-03,KU,gasoline_premium,Kurdistan Region,1450,IQD,liter,2026-10-03T14:01:37+03:00
2026-10-03,KU,premium,Kurdistan Region,1450,IQD,liter,2026-10-03T14:01:37+03:00
2026-10-03,KW,diesel,Kuwait,0.115,KWD,liter,2026-10-03T14:01:37+03:00
2026-10-03,KW,gasoline,Kuwait,0.085,KWD,liter,2026-10-03T14:01:37+03:00
2026-10-03,KW,gasoline_premium,Kuwait,0.105,KWD,liter,2026-10-03T14:01:37+03:00
2026-10-03,KW,gasoline_super,Kuwait,0.275,KWD,liter,2026-10-03T14:01:37+03:00
2026-10-03,KW,kerosene,Kuwait,0.115,KWD,liter,2026-10-03T14:01:37+03:00
2026-10-03,KW,premium,Kuwait,0.275,KWD,liter,2026-10-03T14:01:37+03:00
2026-10-03,KY,diesel,Cayman Islands,6.37,KYD,imperial_gallon,2026-10-03T14:01:37+03:00
2026-10-03,KY,gasoline,Cayman Islands,5.78,KYD,imperial_gallon,2026-10-03T14:01:37+03:00
2026-10-03,KY,gasoline_premium,Cayman Islands,6.37,KYD,imperial_gallon,2026-10-03T14:01:37+03:00
2026-10-03,KY,premium,Cayman Islands,6.37,KYD,imperial_gallon,2026-10-03T14:01:37+03:00
2026-10-03,KZ,diesel,Kazakhstan,342.0059,KZT,liter,2026-10-03T14:01:37+03:00
2026-10-03,KZ,gasoline,Kazakhstan,312.2797,KZT,liter,2026-10-03T14:01:37+03:00
2026-10-03,KZ,gasoline_premium,Kazakhstan,352.7256,KZT,liter,2026-10-03T14:01:37+03:00
2026-10-03,KZ,gasoline_regular,Kazakhstan,245.6149,KZT,liter,2026-10-03T14:01:37+03:00
2026-10-03,KZ,lpg,Kazakhstan,105.1485,KZT,liter,2026-10-03T14:01:37+03:00
2026-10-03,KZ,premium,Kazakhstan,352.7256,KZT,liter,2026-10-03T14:01:37+03:00
2026-10-03,LA,diesel,Laos,33898.463,LAK,liter,2026-10-03T14:01:37+03:00
2026-10-03,LA,gasoline,Laos,34458.5407,LAK,liter,2026-10-03T14:01:37+03:00
2026-10-03,LA,gasoline_premium,Laos,43380,LAK,liter,2026-10-03T14:01:37+03:00
2026-10-03,LA,premium,Laos,43380,LAK,liter,2026-10-03T14:01:37+03:00
2026-10-03,LB,diesel,Lebanon,136300,LBP,liter,2026-10-03T14:01:37+03:00
2026-10-03,LB,gasoline,Lebanon,141850,LBP,liter,2026-10-03T14:01:37+03:00
2026-10-03,LB,gasoline_premium,Lebanon,142700,LBP,liter,2026-10-03T14:01:37+03:00
2026-10-03,LB,lpg,Lebanon,66650,LBP,liter,2026-10-03T14:01:37+03:00
2026-10-03,LB,premium,Lebanon,142700,LBP,liter,2026-10-03T14:01:37+03:00
2026-10-03,LC,diesel,Saint Lucia,3.79,XCD,liter,2026-10-03T14:01:37+03:00
2026-10-03,LC,gasoline,Saint Lucia,3.79,XCD,liter,2026-10-03T14:01:37+03:00
2026-10-03,LC,kerosene,Saint Lucia,2.29,XCD,liter,2026-10-03T14:01:37+03:00
2026-10-03,LI,diesel,Liechtenstein,2.3393,CHF,liter,2026-10-03T14:01:37+03:00
2026-10-03,LI,gasoline,Liechtenstein,2.12,CHF,liter,2026-10-03T14:01:37+03:00
2026-10-03,LI,gasoline_premium,Liechtenstein,2.22,CHF,liter,2026-10-03T14:01:37+03:00
2026-10-03,LI,premium,Liechtenstein,2.22,CHF,liter,2026-10-03T14:01:37+03:00
2026-10-03,LK,diesel,Sri Lanka,392,LKR,liter,2026-10-03T14:01:37+03:00
2026-10-03,LK,diesel_premium,Sri Lanka,528,LKR,liter,2026-10-03T14:01:37+03:00
2026-10-03,LK,gasoline,Sri Lanka,414,LKR,liter,2026-10-03T14:01:37+03:00
2026-10-03,LK,gasoline_premium,Sri Lanka,475,LKR,liter,2026-10-03T14:01:37+03:00
2026-10-03,LK,kerosene,Sri Lanka,285,LKR,liter,2026-10-03T14:01:37+03:00
2026-10-03,LK,premium,Sri Lanka,475,LKR,liter,2026-10-03T14:01:37+03:00
2026-10-03,LR,diesel,Liberia,315.0112,LRD,liter,2026-10-03T14:01:37+03:00
2026-10-03,LR,gasoline,Liberia,257.6771,LRD,liter,2026-10-03T14:01:37+03:00
2026-10-03,LS,diesel,Lesotho,30.95,LSL,liter,2026-10-03T14:01:37+03:00
2026-10-03,LS,gasoline,Lesotho,24.5,LSL,liter,2026-10-03T14:01:37+03:00
2026-10-03,LS,gasoline_premium,Lesotho,24.8,LSL,liter,2026-10-03T14:01:37+03:00
2026-10-03,LS,premium,Lesotho,24.8,LSL,liter,2026-10-03T14:01:37+03:00
2026-10-03,LT,diesel,Lithuania,2.2298,EUR,liter,2026-10-03T14:01:37+03:00
2026-10-03,LT,diesel_premium,Lithuania,2.296,EUR,liter,2026-10-03T14:01:37+03:00
2026-10-03,LT,gasoline,Lithuania,1.9258,EUR,liter,2026-10-03T14:01:37+03:00
2026-10-03,LT,gasoline_premium,Lithuania,2.0108,EUR,liter,2026-10-03T14:01:37+03:00
2026-10-03,LT,lpg,Lithuania,0.8155,EUR,liter,2026-10-03T14:01:37+03:00
2026-10-03,LT,premium,Lithuania,2.0108,EUR,liter,2026-10-03T14:01:37+03:00
2026-10-03,LU,diesel,Luxembourg,2.0284,EUR,liter,2026-10-03T14:01:37+03:00
2026-10-03,LU,gasoline,Luxembourg,1.8218,EUR,liter,2026-10-03T14:01:37+03:00
2026-10-03,LU,gasoline_premium,Luxembourg,1.9002,EUR,liter,2026-10-03T14:01:37+03:00
2026-10-03,LU,lpg,Luxembourg,0.8319,EUR,liter,2026-10-03T14:01:37+03:00
2026-10-03,LU,premium,Luxembourg,1.9002,EUR,liter,2026-10-03T14:01:37+03:00
2026-10-03,LV,diesel,Latvia,2.1007,EUR,liter,2026-10-03T14:01:37+03:00
2026-10-03,LV,diesel_premium,Latvia,2.2056,EUR,liter,2026-10-03T14:01:37+03:00
2026-10-03,LV,gasoline,Latvia,1.9447,EUR,liter,2026-10-03T14:01:37+03:00
2026-10-03,LV,gasoline_premium,Latvia,2.006,EUR,liter,2026-10-03T14:01:37+03:00
2026-10-03,LV,lpg,Latvia,0.9314,EUR,liter,2026-10-03T14:01:37+03:00
2026-10-03,LV,premium,Latvia,2.006,EUR,liter,2026-10-03T14:01:37+03:00
2026-10-03,MA,diesel,Morocco,15.8543,MAD,liter,2026-10-03T14:01:37+03:00
2026-10-03,MA,gasoline,Morocco,15.4189,MAD,liter,2026-10-03T14:01:37+03:00
2026-10-03,MC,diesel,Monaco,2.4837,EUR,liter,2026-10-03T14:01:37+03:00
2026-10-03,MC,gasoline,Monaco,2.2795,EUR,liter,2026-10-03T14:01:37+03:00
2026-10-03,MC,gasoline_premium,Monaco,2.3415,EUR,liter,2026-10-03T14:01:37+03:00
2026-10-03,MC,lpg,Monaco,1.15,EUR,liter,2026-10-03T14:01:37+03:00
2026-10-03,MC,premium,Monaco,2.3415,EUR,liter,2026-10-03T14:01:37+03:00
2026-10-03,MD,diesel,Moldova,35.7733,MDL,liter,2026-10-03T14:01:37+03:00
2026-10-03,MD,gasoline,Moldova,34.1367,MDL,liter,2026-10-03T14:01:37+03:00
2026-10-03,MD,lpg,Moldova,15.2,MDL,liter,2026-10-03T14:01:37+03:00
2026-10-03,ME,diesel,Montenegro,1.9381,EUR,liter,2026-10-03T14:01:37+03:00
2026-10-03,ME,gasoline,Montenegro,1.7429,EUR,liter,2026-10-03T14:01:37+03:00
2026-10-03,ME,gasoline_premium,Montenegro,1.7829,EUR,liter,2026-10-03T14:01:37+03:00
2026-10-03,ME,premium,Montenegro,1.7829,EUR,liter,2026-10-03T14:01:37+03:00
2026-10-03,MG,diesel,Madagascar,4860,MGA,liter,2026-10-03T14:01:37+03:00
2026-10-03,MG,gasoline,Madagascar,5300,MGA,liter,2026-10-03T14:01:37+03:00
2026-10-03,MG,kerosene,Madagascar,3710,MGA,liter,2026-10-03T14:01:37+03:00
2026-10-03,MK,cng,North Macedonia,88.5,MKD,kg,2026-10-03T14:01:37+03:00
2026-10-03,MK,diesel,North Macedonia,100,MKD,liter,2026-10-03T14:01:37+03:00
2026-10-03,MK,diesel_premium,North Macedonia,101,MKD,liter,2026-10-03T14:01:37+03:00
2026-10-03,MK,gasoline,North Macedonia,100,MKD,liter,2026-10-03T14:01:37+03:00
2026-10-03,MK,gasoline_premium,North Macedonia,102,MKD,liter,2026-10-03T14:01:37+03:00
2026-10-03,MK,lpg,North Macedonia,47,MKD,liter,2026-10-03T14:01:37+03:00
2026-10-03,MK,premium,North Macedonia,102,MKD,liter,2026-10-03T14:01:37+03:00
2026-10-03,MM,diesel,Myanmar,4815,MMK,liter,2026-10-03T14:01:37+03:00
2026-10-03,MM,diesel_premium,Myanmar,5795,MMK,liter,2026-10-03T14:01:37+03:00
2026-10-03,MM,gasoline,Myanmar,4540,MMK,liter,2026-10-03T14:01:37+03:00
2026-10-03,MM,gasoline_premium,Myanmar,4730,MMK,liter,2026-10-03T14:01:37+03:00
2026-10-03,MM,premium,Myanmar,4730,MMK,liter,2026-10-03T14:01:37+03:00
2026-10-03,MN,diesel,Mongolia,4895,MNT,liter,2026-10-03T14:01:37+03:00
2026-10-03,MN,gasoline,Mongolia,3118.75,MNT,liter,2026-10-03T14:01:37+03:00
2026-10-03,MN,gasoline_premium,Mongolia,5080,MNT,liter,2026-10-03T14:01:37+03:00
2026-10-03,MN,gasoline_super,Mongolia,5550,MNT,liter,2026-10-03T14:01:37+03:00
2026-10-03,MN,lpg,Mongolia,1840,MNT,liter,2026-10-03T14:01:37+03:00
2026-10-03,MN,premium,Mongolia,5550,MNT,liter,2026-10-03T14:01:37+03:00
2026-10-03,MR,diesel,Mauritania,62.13,MRU,liter,2026-09-27T14:11:38+03:00
2026-10-03,MR,gasoline,Mauritania,65.02,MRU,liter,2026-09-27T14:11:38+03:00
2026-10-03,MT,diesel,Malta,1.215,EUR,liter,2026-10-03T14:01:37+03:00
2026-10-03,MT,diesel_premium,Malta,1.31,EUR,liter,2026-10-03T14:01:37+03:00
2026-10-03,MT,gasoline,Malta,1.346,EUR,liter,2026-10-03T14:01:37+03:00
2026-10-03,MT,gasoline_premium,Malta,1.49,EUR,liter,2026-10-03T14:01:37+03:00
2026-10-03,MT,premium,Malta,1.49,EUR,liter,2026-10-03T14:01:37+03:00
2026-10-03,MU,diesel,Mauritius,75.9833,MUR,liter,2026-10-03T14:01:37+03:00
2026-10-03,MU,gasoline,Mauritius,75.35,MUR,liter,2026-10-03T14:01:37+03:00
2026-10-03,MV,diesel,Maldives,17.54,MVR,liter,2026-10-03T14:01:37+03:00
2026-10-03,MV,gasoline,Maldives,16.01,MVR,liter,2026-10-03T14:01:37+03:00
2026-10-03,MW,diesel,Malawi,5863,MWK,liter,2026-10-03T14:01:37+03:00
2026-10-03,MW,gasoline,Malawi,5619,MWK,liter,2026-10-03T14:01:37+03:00
2026-10-03,MW,kerosene,Malawi,4546.5,MWK,liter,2026-10-03T14:01:37+03:00
2026-10-03,MX,diesel,Mexico,27.0014,MXN,liter,2026-10-03T14:01:37+03:00
2026-10-03,MX,gasoline,Mexico,23.7823,MXN,liter,2026-10-03T14:01:37+03:00
2026-10-03,MX,gasoline_premium,Mexico,28.6366,MXN,liter,2026-10-03T14:01:37+03:00
2026-10-03,MX,premium,Mexico,28.6366,MXN,liter,2026-10-03T14:01:37+03:00
2026-10-03,MY,diesel,Malaysia,5.27,MYR,liter,2026-10-03T14:01:37+03:00
2026-10-03,MY,gasoline,Malaysia,4.52,MYR,liter,2026-10-03T14:01:37+03:00
2026-10-03,MY,gasoline_premium,Malaysia,5,MYR,liter,2026-10-03T14:01:37+03:00
2026-10-03,MY,premium,Malaysia,5,MYR,liter,2026-10-03T14:01:37+03:00
2026-10-03,MZ,diesel,Mozambique,116.25,MZN,liter,2026-10-03T14:01:37+03:00
2026-10-03,MZ,gasoline,Mozambique,93.69,MZN,liter,2026-10-03T14:01:37+03:00
2026-10-03,MZ,kerosene,Mozambique,97.56,MZN,liter,2026-10-03T14:01:37+03:00
2026-10-03,NA,diesel,Namibia,27.86,NAD,liter,2026-10-03T14:01:37+03:00
2026-10-03,NA,diesel_premium,Namibia,27.96,NAD,liter,2026-10-03T14:01:37+03:00
2026-10-03,NA,gasoline,Namibia,25.08,NAD,liter,2026-10-03T14:01:37+03:00
2026-10-03,NC,diesel,New Caledonia,190.6,XPF,liter,2026-10-03T14:01:37+03:00
2026-10-03,NC,gasoline,New Caledonia,182.4,XPF,liter,2026-10-03T14:01:37+03:00
2026-10-03,NE,diesel,Niger,618,XOF,liter,2026-10-03T14:01:37+03:00
2026-10-03,NE,gasoline,Niger,499,XOF,liter,2026-10-03T14:01:37+03:00
2026-10-03,NG,diesel,Nigeria,1756.7157,NGN,liter,2026-10-03T14:01:37+03:00
2026-10-03,NG,gasoline,Nigeria,1347.7671,NGN,liter,2026-10-03T14:01:37+03:00
2026-10-03,NI,diesel,Nicaragua,43.22,NIO,liter,2026-10-03T14:01:37+03:00
2026-10-03,NI,gasoline,Nicaragua,47.82,NIO,liter,2026-10-03T14:01:37+03:00
2026-10-03,NI,gasoline_premium,Nicaragua,49,NIO,liter,2026-10-03T14:01:37+03:00
2026-10-03,NI,kerosene,Nicaragua,60.36,NIO,liter,2026-10-03T14:01:37+03:00
2026-10-03,NI,premium,Nicaragua,49,NIO,liter,2026-10-03T14:01:37+03:00
2026-10-03,NL,cng,Netherlands,1.6995,EUR,kg,2026-10-03T14:01:37+03:00
2026-10-03,NL,diesel,Netherlands,2.6413,EUR,liter,2026-10-03T14:01:37+03:00
2026-10-03,NL,diesel_premium,Netherlands,2.7918,EUR,liter,2026-10-03T14:01:37+03:00
2026-10-03,NL,gasoline,Netherlands,2.5777,EUR,liter,2026-10-03T14:01:37+03:00
2026-10-03,NL,gasoline_premium,Netherlands,2.863,EUR,liter,2026-10-03T14:01:37+03:00
2026-10-03,NL,lpg,Netherlands,1.1011,EUR,liter,2026-10-03T14:01:37+03:00
2026-10-03,NL,premium,Netherlands,2.863,EUR,liter,2026-10-03T14:01:37+03:00
2026-10-03,NO,diesel,Norway,23.7723,NOK,liter,2026-10-03T14:01:37+03:00
2026-10-03,NO,gasoline,Norway,21.7546,NOK,liter,2026-10-03T14:01:37+03:00
2026-10-03,NO,gasoline_premium,Norway,27.79,NOK,liter,2026-10-03T14:01:37+03:00
2026-10-03,NO,premium,Norway,27.79,NOK,liter,2026-10-03T14:01:37+03:00
2026-10-03,NP,diesel,Nepal,200,NPR,liter,2026-10-03T14:01:37+03:00
2026-10-03,NP,gasoline,Nepal,200,NPR,liter,2026-10-03T14:01:37+03:00
2026-10-03,NP,kerosene,Nepal,200,NPR,liter,2026-10-03T14:01:37+03:00
2026-10-03,NR,diesel,Nauru,2.9032,AUD,liter,2026-10-03T14:01:37+03:00
2026-10-03,NR,gasoline,Nauru,2.4238,AUD,liter,2026-10-03T14:01:37+03:00
2026-10-03,NR,kerosene,Nauru,2.1811,AUD,liter,2026-10-03T14:01:37+03:00
2026-10-03,NZ,diesel,New Zealand,3.1293,NZD,liter,2026-10-03T14:01:37+03:00
2026-10-03,NZ,gasoline,New Zealand,3.6036,NZD,liter,2026-10-03T14:01:37+03:00
2026-10-03,NZ,gasoline_premium,New Zealand,3.7909,NZD,liter,2026-10-03T14:01:37+03:00
2026-10-03,NZ,gasoline_regular,New Zealand,3.4158,NZD,liter,2026-10-03T14:01:37+03:00
2026-10-03,NZ,gasoline_super,New Zealand,3.7743,NZD,liter,2026-10-03T14:01:37+03:00
2026-10-03,NZ,lpg,New Zealand,1.9583,NZD,liter,2026-10-03T14:01:37+03:00
2026-10-03,NZ,premium,New Zealand,3.7743,NZD,liter,2026-10-03T14:01:37+03:00
2026-10-03,OM,diesel,Oman,0.258,OMR,liter,2026-10-03T14:01:37+03:00
2026-10-03,OM,gasoline,Oman,0.239,OMR,liter,2026-10-03T14:01:37+03:00
2026-10-03,OM,gasoline_premium,Oman,0.399,OMR,liter,2026-10-03T14:01:37+03:00
2026-10-03,OM,gasoline_regular,Oman,0.229,OMR,liter,2026-10-03T14:01:37+03:00
2026-10-03,OM,premium,Oman,0.399,OMR,liter,2026-10-03T14:01:37+03:00
2026-10-03,PA,diesel,Panama,3.4069,USD,gallon,2026-10-03T14:01:37+03:00
2026-10-03,PA,gasoline,Panama,4.8718,USD,gallon,2026-10-03T14:01:37+03:00
2026-10-03,PA,gasoline_premium,Panama,5.239,USD,gallon,2026-10-03T14:01:37+03:00
2026-10-03,PA,premium,Panama,5.239,USD,gallon,2026-10-03T14:01:37+03:00
2026-10-03,PE,diesel,Peru,25.905,PEN,gallon,2026-10-03T14:01:37+03:00
2026-10-03,PE,gasoline,Peru,22.105,PEN,gallon,2026-10-03T14:01:37+03:00
2026-10-03,PE,gasoline_premium,Peru,23.305,PEN,gallon,2026-10-03T14:01:37+03:00
2026-10-03,PE,lpg,Peru,6.98,PEN,gallon,2026-10-03T14:01:37+03:00
2026-10-03,PE,premium,Peru,23.305,PEN,gallon,2026-10-03T14:01:37+03:00
2026-10-03,PF,diesel,French Polynesia,165,XPF,liter,2026-09-05T11:14:47+03:00
2026-10-03,PF,gasoline,French Polynesia,165,XPF,liter,2026-09-05T11:14:47+03:00
2026-10-03,PF,kerosene,French Polynesia,137,XPF,liter,2026-09-05T11:14:47+03:00
2026-10-03,PG,diesel,Papua New Guinea,4.9,PGK,liter,2026-10-03T14:01:37+03:00
2026-10-03,PG,gasoline,Papua New Guinea,4.9,PGK,liter,2026-10-03T14:01:37+03:00
2026-10-03,PG,kerosene,Papua New Guinea,4.9,PGK,liter,2026-10-03T14:01:37+03:00
2026-10-03,PH,diesel,Philippines,95.6979,PHP,liter,2026-10-03T14:01:37+03:00
2026-10-03,PH,diesel_premium,Philippines,99.52,PHP,liter,2026-10-03T14:01:37+03:00
2026-10-03,PH,gasoline,Philippines,89.4627,PHP,liter,2026-10-03T14:01:37+03:00
2026-10-03,PH,gasoline_premium,Philippines,91.89,PHP,liter,2026-10-03T14:01:37+03:00
2026-10-03,PH,premium,Philippines,91.89,PHP,liter,2026-10-03T14:01:37+03:00
2026-10-03,PK,diesel,Pakistan,399.64,PKR,liter,2026-10-03T14:01:37+03:00
2026-10-03,PK,gasoline,Pakistan,392.76,PKR,liter,2026-10-03T14:01:37+03:00
2026-10-03,PK,gasoline_premium,Pakistan,410,PKR,liter,2026-10-03T14:01:37+03:00
2026-10-03,PK,kerosene,Pakistan,329.54,PKR,liter,2026-10-03T14:01:37+03:00
2026-10-03,PK,lpg,Pakistan,258.65,PKR,kg,2026-10-03T14:01:37+03:00
2026-10-03,PK,premium,Pakistan,410,PKR,liter,2026-10-03T14:01:37+03:00
2026-10-03,PL,diesel,Poland,8.8534,PLN,liter,2026-10-03T14:01:37+03:00
2026-10-03,PL,diesel_premium,Poland,9.045,PLN,liter,2026-10-03T14:01:37+03:00
2026-10-03,PL,gasoline,Poland,7.8638,PLN,liter,2026-10-03T14:01:37+03:00
2026-10-03,PL,gasoline_premium,Poland,8.5706,PLN,liter,2026-10-03T14:01:37+03:00
2026-10-03,PL,lpg,Poland,3.2125,PLN,liter,2026-10-03T14:01:37+03:00
2026-10-03,PL,premium,Poland,8.5706,PLN,liter,2026-10-03T14:01:37+03:00
2026-10-03,PS,diesel,Palestine,7.9025,ILS,liter,2026-10-03T14:01:37+03:00
2026-10-03,PS,gasoline_premium,Palestine,7.8667,ILS,liter,2026-10-03T14:01:37+03:00
2026-10-03,PS,gasoline_super,Palestine,8.785,ILS,liter,2026-10-03T14:01:37+03:00
2026-10-03,PS,kerosene,Palestine,7.9025,ILS,liter,2026-10-03T14:01:37+03:00
2026-10-03,PS,premium,Palestine,8.785,ILS,liter,2026-10-03T14:01:37+03:00
2026-10-03,PT,diesel,Portugal,2.2098,EUR,liter,2026-10-03T14:01:37+03:00
2026-10-03,PT,diesel_premium,Portugal,2.2447,EUR,liter,2026-10-03T14:01:37+03:00
2026-10-03,PT,gasoline,Portugal,2.0953,EUR,liter,2026-10-03T14:01:37+03:00
2026-10-03,PT,gasoline_premium,Portugal,2.274,EUR,liter,2026-10-03T14:01:37+03:00
2026-10-03,PT,lpg,Portugal,0.9121,EUR,liter,2026-10-03T14:01:37+03:00
2026-10-03,PT,premium,Portugal,2.274,EUR,liter,2026-10-03T14:01:37+03:00
2026-10-03,PY,diesel,Paraguay,8927.1429,PYG,liter,2026-10-03T14:01:37+03:00
2026-10-03,PY,diesel_premium,Paraguay,10821.4286,PYG,liter,2026-10-03T14:01:37+03:00
2026-10-03,PY,gasoline,Paraguay,7132.8571,PYG,liter,2026-10-03T14:01:37+03:00
2026-10-03,PY,gasoline_premium,Paraguay,9040,PYG,liter,2026-10-03T14:01:37+03:00
2026-10-03,PY,lpg,Paraguay,4900,PYG,liter,2026-10-03T14:01:37+03:00
2026-10-03,PY,premium,Paraguay,9040,PYG,liter,2026-10-03T14:01:37+03:00
2026-10-03,QA,diesel,Qatar,2.05,QAR,liter,2026-10-03T14:01:37+03:00
2026-10-03,QA,gasoline,Qatar,1.95,QAR,liter,2026-10-03T14:01:37+03:00
2026-10-03,QA,gasoline_premium,Qatar,2.1,QAR,liter,2026-10-03T14:01:37+03:00
2026-10-03,QA,premium,Qatar,2.1,QAR,liter,2026-10-03T14:01:37+03:00
2026-10-03,RO,diesel,Romania,10.9584,RON,liter,2026-10-03T14:01:37+03:00
2026-10-03,RO,diesel_premium,Romania,11.4604,RON,liter,2026-10-03T14:01:37+03:00
2026-10-03,RO,gasoline,Romania,9.9961,RON,liter,2026-10-03T14:01:37+03:00
2026-10-03,RO,gasoline_premium,Romania,10.6081,RON,liter,2026-10-03T14:01:37+03:00
2026-10-03,RO,lpg,Romania,4.7365,RON,liter,2026-10-03T14:01:37+03:00
2026-10-03,RO,premium,Romania,10.6081,RON,liter,2026-10-03T14:01:37+03:00
2026-10-03,RS,diesel,Serbia,236,RSD,liter,2026-10-03T14:01:37+03:00
2026-10-03,RS,diesel_premium,Serbia,251.95,RSD,liter,2026-10-03T14:01:37+03:00
2026-10-03,RS,gasoline,Serbia,207,RSD,liter,2026-10-03T14:01:37+03:00
2026-10-03,RS,gasoline_premium,Serbia,229.9,RSD,liter,2026-10-03T14:01:37+03:00
2026-10-03,RS,gasoline_super,Serbia,230.3469,RSD,liter,2026-10-03T14:01:37+03:00
2026-10-03,RS,lpg,Serbia,107.9719,RSD,liter,2026-10-03T14:01:37+03:00
2026-10-03,RS,premium,Serbia,230.3469,RSD,liter,2026-10-03T14:01:37+03:00
2026-10-03,RU,cng,Russia,30.3983,RUB,m3,2026-10-03T14:01:37+03:00
2026-10-03,RU,diesel,Russia,83.8862,RUB,liter,2026-10-03T14:01:37+03:00
2026-10-03,RU,diesel_premium,Russia,81.8969,RUB,liter,2026-10-03T14:01:37+03:00
2026-10-03,RU,gasoline,Russia,87.8238,RUB,liter,2026-10-03T14:01:37+03:00
2026-10-03,RU,gasoline_premium,Russia,96.2582,RUB,liter,2026-10-03T14:01:37+03:00
2026-10-03,RU,gasoline_regular,Russia,80.0884,RUB,liter,2026-10-03T14:01:37+03:00
2026-10-03,RU,gasoline_super,Russia,109.5957,RUB,liter,2026-10-03T14:01:37+03:00
2026-10-03,RU,lpg,Russia,44.237,RUB,liter,2026-10-03T14:01:37+03:00
2026-10-03,RU,premium,Russia,109.5957,RUB,liter,2026-10-03T14:01:37+03:00
2026-10-03,RW,diesel,Rwanda,2927,RWF,liter,2026-10-03T14:01:37+03:00
2026-10-03,RW,gasoline,Rwanda,2938,RWF,liter,2026-10-03T14:01:37+03:00
2026-10-03,SA,diesel,Saudi Arabia,1.79,SAR,liter,2026-10-03T14:01:37+03:00
2026-10-03,SA,gasoline,Saudi Arabia,2.18,SAR,liter,2026-10-03T14:01:37+03:00
2026-10-03,SA,gasoline_premium,Saudi Arabia,2.33,SAR,liter,2026-10-03T14:01:37+03:00
2026-10-03,SA,gasoline_super,Saudi Arabia,4.64,SAR,liter,2026-10-03T14:01:37+03:00
2026-10-03,SA,kerosene,Saudi Arabia,1.75,SAR,liter,2026-10-03T14:01:37+03:00
2026-10-03,SA,premium,Saudi Arabia,4.64,SAR,liter,2026-10-03T14:01:37+03:00
2026-10-03,SB,diesel,Solomon Islands,13.4759,SBD,liter,2026-10-03T14:01:37+03:00
2026-10-03,SB,gasoline,Solomon Islands,11.1771,SBD,liter,2026-10-03T14:01:37+03:00
2026-10-03,SB,kerosene,Solomon Islands,14.2583,SBD,liter,2026-10-03T14:01:37+03:00
2026-10-03,SC,diesel,Seychelles,25.19,SCR,liter,2026-10-03T14:01:37+03:00
2026-10-03,SC,gasoline,Seychelles,24.68,SCR,liter,2026-10-03T14:01:37+03:00
2026-10-03,SC,kerosene,Seychelles,30,SCR,liter,2026-10-03T14:01:37+03:00
2026-10-03,SE,diesel,Sweden,22.8077,SEK,liter,2026-10-03T14:01:37+03:00
2026-10-03,SE,e85,Sweden,15.465,SEK,liter,2026-10-03T14:01:37+03:00
2026-10-03,SE,gasoline,Sweden,18.765,SEK,liter,2026-10-03T14:01:37+03:00
2026-10-03,SE,gasoline_premium,Sweden,19.315,SEK,liter,2026-10-03T14:01:37+03:00
2026-10-03,SE,premium,Sweden,19.315,SEK,liter,2026-10-03T14:01:37+03:00
2026-10-03,SG,diesel,Singapore,4.0141,SGD,liter,2026-10-03T14:01:37+03:00
2026-10-03,SG,gasoline,Singapore,3.5355,SGD,liter,2026-10-03T14:01:37+03:00
2026-10-03,SG,gasoline_premium,Singapore,4.163,SGD,liter,2026-10-03T14:01:37+03:00
2026-10-03,SG,gasoline_regular,Singapore,3.51,SGD,liter,2026-10-03T14:01:37+03:00
2026-10-03,SG,premium,Singapore,4.163,SGD,liter,2026-10-03T14:01:37+03:00
2026-10-03,SI,diesel,Slovenia,1.9545,EUR,liter,2026-10-03T14:01:37+03:00
2026-10-03,SI,diesel_premium,Slovenia,2.453,EUR,liter,2026-10-03T14:01:37+03:00
2026-10-03,SI,gasoline,Slovenia,1.7242,EUR,liter,2026-10-03T14:01:37+03:00
2026-10-03,SI,gasoline_premium,Slovenia,2.121,EUR,liter,2026-10-03T14:01:37+03:00
2026-10-03,SI,lpg,Slovenia,0.9718,EUR,liter,2026-10-03T14:01:37+03:00
2026-10-03,SI,premium,Slovenia,2.121,EUR,liter,2026-10-03T14:01:37+03:00
2026-10-03,SK,diesel,Slovakia,1.9872,EUR,liter,2026-10-03T14:01:37+03:00
2026-10-03,SK,diesel_premium,Slovakia,2.176,EUR,liter,2026-10-03T14:01:37+03:00
2026-10-03,SK,gasoline,Slovakia,1.8542,EUR,liter,2026-10-03T14:01:37+03:00
2026-10-03,SK,gasoline_premium,Slovakia,2.0504,EUR,liter,2026-10-03T14:01:37+03:00
2026-10-03,SK,lpg,Slovakia,0.819,EUR,liter,2026-10-03T14:01:37+03:00
2026-10-03,SK,premium,Slovakia,2.0504,EUR,liter,2026-10-03T14:01:37+03:00
2026-10-03,SL,diesel,Sierra Leone,45,SLE,liter,2026-10-03T14:01:37+03:00
2026-10-03,SL,gasoline,Sierra Leone,40,SLE,liter,2026-10-03T14:01:37+03:00
2026-10-03,SL,kerosene,Sierra Leone,44.1,SLE,liter,2026-10-03T14:01:37+03:00
2026-10-03,SN,diesel,Senegal,755,XOF,liter,2026-10-03T14:01:37+03:00
2026-10-03,SN,gasoline,Senegal,990,XOF,liter,2026-10-03T14:01:37+03:00
2026-10-03,SN,gasoline_regular,Senegal,665,XOF,liter,2026-10-03T14:01:37+03:00
2026-10-03,SR,diesel,Suriname,53.27,SRD,liter,2026-10-03T14:01:37+03:00
2026-10-03,SR,gasoline,Suriname,48.32,SRD,liter,2026-10-03T14:01:37+03:00
2026-10-03,SS,diesel,South Sudan,17500,SSP,liter,2026-10-03T14:01:37+03:00
2026-10-03,SS,gasoline,South Sudan,16000,SSP,liter,2026-10-03T14:01:37+03:00
2026-10-03,SV,diesel,El Salvador,4.86,USD,gallon,2026-10-03T14:01:37+03:00
2026-10-03,SV,gasoline,El Salvador,4.8,USD,gallon,2026-10-03T14:01:37+03:00
2026-10-03,SV,gasoline_premium,El Salvador,5.13,USD,gallon,2026-10-03T14:01:37+03:00
2026-10-03,SV,premium,El Salvador,5.13,USD,gallon,2026-10-03T14:01:37+03:00
2026-10-03,SY,diesel,Syria,175,SYP,liter,2026-10-03T14:01:37+03:00
2026-10-03,SY,gasoline,Syria,185,SYP,liter,2026-10-03T14:01:37+03:00
2026-10-03,SY,gasoline_premium,Syria,195,SYP,liter,2026-10-03T14:01:37+03:00
2026-10-03,SY,premium,Syria,195,SYP,liter,2026-10-03T14:01:37+03:00
2026-10-03,SZ,diesel,Eswatini,32.25,SZL,liter,2026-10-03T14:01:37+03:00
2026-10-03,SZ,gasoline,Eswatini,29.4,SZL,liter,2026-10-03T14:01:37+03:00
2026-10-03,SZ,kerosene,Eswatini,25.16,SZL,liter,2026-10-03T14:01:37+03:00
2026-10-03,TG,diesel,Togo,766,XOF,liter,2026-10-03T14:01:37+03:00
2026-10-03,TG,gasoline,Togo,817,XOF,liter,2026-10-03T14:01:37+03:00
2026-10-03,TG,kerosene,Togo,1056,XOF,liter,2026-10-03T14:01:37+03:00
2026-10-03,TH,diesel,Thailand,42.19,THB,liter,2026-10-03T14:01:37+03:00
2026-10-03,TH,diesel_premium,Thailand,50.05,THB,liter,2026-10-03T14:01:37+03:00
2026-10-03,TH,e85,Thailand,31.63,THB,liter,2026-10-03T14:01:37+03:00
2026-10-03,TH,gasoline,Thailand,40.69,THB,liter,2026-10-03T14:01:37+03:00
2026-10-03,TH,gasoline_premium,Thailand,49.29,THB,liter,2026-10-03T14:01:37+03:00
2026-10-03,TH,gasoline_regular,Thailand,40.32,THB,liter,2026-10-03T14:01:37+03:00
2026-10-03,TH,gasoline_super,Thailand,49.79,THB,liter,2026-10-03T14:01:37+03:00
2026-10-03,TH,lpg,Thailand,25.87,THB,kg,2026-10-03T14:01:37+03:00
2026-10-03,TH,premium,Thailand,49.79,THB,liter,2026-10-03T14:01:37+03:00
2026-10-03,TJ,diesel,Tajikistan,15.395,TJS,liter,2026-10-03T14:01:37+03:00
2026-10-03,TJ,diesel_premium,Tajikistan,14.9,TJS,liter,2026-10-03T14:01:37+03:00
2026-10-03,TJ,gasoline,Tajikistan,12.9119,TJS,liter,2026-10-03T14:01:37+03:00
2026-10-03,TJ,gasoline_premium,Tajikistan,12.9,TJS,liter,2026-10-03T14:01:37+03:00
2026-10-03,TJ,lpg,Tajikistan,6.3944,TJS,liter,2026-10-03T14:01:37+03:00
2026-10-03,TJ,premium,Tajikistan,12.9,TJS,liter,2026-10-03T14:01:37+03:00
2026-10-03,TL,diesel,Timor-Leste,1.6237,USD,liter,2026-10-03T14:01:37+03:00
2026-10-03,TL,gasoline,Timor-Leste,1.5225,USD,liter,2026-10-03T14:01:37+03:00
2026-10-03,TM,diesel,Turkmenistan,1.35,TMT,liter,2026-10-03T14:01:37+03:00
2026-10-03,TM,gasoline,Turkmenistan,1.35,TMT,liter,2026-10-03T14:01:37+03:00
2026-10-03,TM,gasoline_premium,Turkmenistan,1.5,TMT,liter,2026-10-03T14:01:37+03:00
2026-10-03,TM,gasoline_regular,Turkmenistan,1.15,TMT,liter,2026-10-03T14:01:37+03:00
2026-10-03,TM,premium,Turkmenistan,1.5,TMT,liter,2026-10-03T14:01:37+03:00
2026-10-03,TN,diesel,Tunisia,2.21,TND,liter,2026-10-03T14:01:37+03:00
2026-10-03,TN,gasoline,Tunisia,2.53,TND,liter,2026-10-03T14:01:37+03:00
2026-10-03,TO,diesel,Tonga,4.425,TOP,liter,2026-10-03T14:01:37+03:00
2026-10-03,TO,gasoline,Tonga,3.85,TOP,liter,2026-10-03T14:01:37+03:00
2026-10-03,TO,kerosene,Tonga,3.5,TOP,liter,2026-10-03T14:01:37+03:00
2026-10-03,TR,diesel,Turkey,94.963,TRY,liter,2026-10-03T14:01:37+03:00
2026-10-03,TR,gasoline,Turkey,84.58,TRY,liter,2026-10-03T14:01:37+03:00
2026-10-03,TR,lpg,Turkey,41.2367,TRY,liter,2026-10-03T14:01:37+03:00
2026-10-03,TW,diesel,Taiwan,29.8838,TWD,liter,2026-10-03T14:01:37+03:00
2026-10-03,TW,gasoline,Taiwan,30.1532,TWD,liter,2026-10-03T14:01:37+03:00
2026-10-03,TW,gasoline_premium,Taiwan,32.0766,TWD,liter,2026-10-03T14:01:37+03:00
2026-10-03,TW,gasoline_super,Taiwan,34.6946,TWD,liter,2026-10-03T14:01:37+03:00
2026-10-03,TW,premium,Taiwan,34.6946,TWD,liter,2026-10-03T14:01:37+03:00
2026-10-03,TZ,diesel,Tanzania,3877,TZS,liter,2026-10-03T14:01:37+03:00
2026-10-03,TZ,gasoline,Tanzania,3796,TZS,liter,2026-10-03T14:01:37+03:00
2026-10-03,TZ,kerosene,Tanzania,3713,TZS,liter,2026-10-03T14:01:37+03:00
2026-10-03,UA,diesel,Ukraine,98.919,UAH,liter,2026-10-03T14:01:37+03:00
2026-10-03,UA,diesel_premium,Ukraine,101.9,UAH,liter,2026-10-03T14:01:37+03:00
2026-10-03,UA,gasoline,Ukraine,89.8729,UAH,liter,2026-10-03T14:01:37+03:00
2026-10-03,UA,gasoline_premium,Ukraine,94.9366,UAH,liter,2026-10-03T14:01:37+03:00
2026-10-03,UA,gasoline_regular,Ukraine,85.8256,UAH,liter,2026-10-03T14:01:37+03:00
2026-10-03,UA,gasoline_super,Ukraine,101.4,UAH,liter,2026-10-03T14:01:37+03:00
2026-10-03,UA,lpg,Ukraine,44.7649,UAH,liter,2026-10-03T14:01:37+03:00
2026-10-03,UA,premium,Ukraine,101.4,UAH,liter,2026-10-03T14:01:37+03:00
2026-10-03,UG,diesel,Uganda,6724.5,UGX,liter,2026-10-03T14:01:37+03:00
2026-10-03,UG,gasoline,Uganda,6874.5,UGX,liter,2026-10-03T14:01:37+03:00
2026-10-03,US,diesel,United States,6.3728,USD,gallon,2026-10-03T14:01:37+03:00
2026-10-03,US,e85,United States,3.31,USD,gallon,2026-10-03T14:01:37+03:00
2026-10-03,US,gasoline,United States,4.4398,USD,gallon,2026-10-03T14:01:37+03:00
2026-10-03,US,gasoline_premium,United States,5.0164,USD,gallon,2026-10-03T14:01:37+03:00
2026-10-03,US,gasoline_super,United States,5.4203,USD,gallon,2026-10-03T14:01:37+03:00
2026-10-03,US,lpg,United States,3.59,USD,gallon,2026-10-03T14:01:37+03:00
2026-10-03,US,premium,United States,5.4203,USD,gallon,2026-10-03T14:01:37+03:00
2026-10-03,UY,diesel,Uruguay,58.68,UYU,liter,2026-10-03T14:01:37+03:00
2026-10-03,UY,diesel_premium,Uruguay,67.33,UYU,liter,2026-10-03T14:01:37+03:00
2026-10-03,UY,gasoline,Uruguay,88.67,UYU,liter,2026-10-03T14:01:37+03:00
2026-10-03,UY,gasoline_premium,Uruguay,91.19,UYU,liter,2026-10-03T14:01:37+03:00
2026-10-03,UY,premium,Uruguay,91.19,UYU,liter,2026-10-03T14:01:37+03:00
2026-10-03,UZ,diesel,Uzbekistan,16235.9504,UZS,liter,2026-10-03T14:01:37+03:00
2026-10-03,UZ,gasoline,Uzbekistan,13449.8834,UZS,liter,2026-10-03T14:01:37+03:00
2026-10-03,UZ,gasoline_premium,Uzbekistan,18947.7273,UZS,liter,2026-10-03T14:01:37+03:00
2026-10-03,UZ,gasoline_super,Uzbekistan,27571.9697,UZS,liter,2026-10-03T14:01:37+03:00
2026-10-03,UZ,premium,Uzbekistan,27571.9697,UZS,liter,2026-10-03T14:01:37+03:00
2026-10-03,VC,diesel,Saint Vincent and the Grenadines,17.53,XCD,imperial_gallon,2026-10-03T14:01:37+03:00
2026-10-03,VC,gasoline,Saint Vincent and the Grenadines,18.31,XCD,imperial_gallon,2026-10-03T14:01:37+03:00
2026-10-03,VE,diesel,Venezuela,0.5,USD,liter,2026-10-03T14:01:37+03:00
2026-10-03,VE,gasoline,Venezuela,435.6845,VES,liter,2026-10-03T14:01:37+03:00
2026-10-03,VE,gasoline_premium,Venezuela,871.3689,VES,liter,2026-10-03T14:01:37+03:00
2026-10-03,VE,premium,Venezuela,871.3689,VES,liter,2026-10-03T14:01:37+03:00
2026-10-03,VN,diesel,Vietnam,29970,VND,liter,2026-10-03T14:01:37+03:00
2026-10-03,VN,diesel_premium,Vietnam,31600,VND,liter,2026-10-03T14:01:37+03:00
2026-10-03,VN,gasoline,Vietnam,27180,VND,liter,2026-10-03T14:01:37+03:00
2026-10-03,VN,gasoline_regular,Vietnam,26503.3333,VND,liter,2026-10-03T14:01:37+03:00
2026-10-03,VU,diesel,Vanuatu,195,VUV,liter,2026-10-03T14:01:37+03:00
2026-10-03,VU,gasoline,Vanuatu,222,VUV,liter,2026-10-03T14:01:37+03:00
2026-10-03,WS,diesel,Samoa,4.44,WST,liter,2026-10-03T14:01:37+03:00
2026-10-03,WS,gasoline,Samoa,3.58,WST,liter,2026-10-03T14:01:37+03:00
2026-10-03,WS,kerosene,Samoa,3.9,WST,liter,2026-10-03T14:01:37+03:00
2026-10-03,XK,diesel,Kosovo,1.89,EUR,liter,2026-10-03T14:01:37+03:00
2026-10-03,XK,diesel_premium,Kosovo,1.94,EUR,liter,2026-10-03T14:01:37+03:00
2026-10-03,XK,gasoline,Kosovo,1.66,EUR,liter,2026-10-03T14:01:37+03:00
2026-10-03,XK,gasoline_premium,Kosovo,1.73,EUR,liter,2026-10-03T14:01:37+03:00
2026-10-03,XK,lpg,Kosovo,0.69,EUR,liter,2026-10-03T14:01:37+03:00
2026-10-03,XK,premium,Kosovo,1.73,EUR,liter,2026-10-03T14:01:37+03:00
2026-10-03,XN,diesel,Turkish Republic of Northern Cyprus,76,TRY,liter,2026-10-03T14:01:37+03:00
2026-10-03,XN,gasoline,Turkish Republic of Northern Cyprus,77.12,TRY,liter,2026-10-03T14:01:37+03:00
2026-10-03,XN,gasoline_premium,Turkish Republic of Northern Cyprus,78.12,TRY,liter,2026-10-03T14:01:37+03:00
2026-10-03,XN,premium,Turkish Republic of Northern Cyprus,78.12,TRY,liter,2026-10-03T14:01:37+03:00
2026-10-03,ZA,diesel,South Africa,29.1104,ZAR,liter,2026-10-03T14:01:37+03:00
2026-10-03,ZA,diesel_premium,South Africa,29.8667,ZAR,liter,2026-10-03T14:01:37+03:00
2026-10-03,ZA,gasoline,South Africa,26.92,ZAR,liter,2026-10-03T14:01:37+03:00
2026-10-03,ZA,gasoline_regular,South Africa,26.76,ZAR,liter,2026-10-03T14:01:37+03:00
2026-10-03,ZM,diesel,Zambia,29.7736,ZMW,liter,2026-10-03T14:01:37+03:00
2026-10-03,ZM,gasoline,Zambia,28.0945,ZMW,liter,2026-10-03T14:01:37+03:00
2026-10-03,ZM,kerosene,Zambia,29.76,ZMW,liter,2026-10-03T14:01:37+03:00
2026-10-03,ZW,diesel,Zimbabwe,55.7068,ZWG,liter,2026-10-03T14:01:37+03:00
2026-10-03,ZW,gasoline,Zimbabwe,55.1712,ZWG,liter,2026-10-03T14:01:37+03:00
2026-10-03,ZW,lpg,Zimbabwe,47.1365,ZWG,kg,2026-10-03T14:01:37+03:00
2026-10-04,AD,diesel,Andorra,1.7378,EUR,liter,2026-10-03T14:01:37+03:00
2026-10-04,AD,diesel_premium,Andorra,1.7719,EUR,liter,2026-10-03T14:01:37+03:00
2026-10-04,AD,gasoline,Andorra,1.5894,EUR,liter,2026-10-03T14:01:37+03:00
2026-10-04,AD,gasoline_premium,Andorra,1.6495,EUR,liter,2026-10-03T14:01:37+03:00
2026-10-04,AD,premium,Andorra,1.6495,EUR,liter,2026-10-03T14:01:37+03:00
2026-10-04,AE,diesel,UAE,4.8,AED,liter,2026-10-03T14:01:37+03:00
2026-10-04,AE,gasoline,UAE,4.28,AED,liter,2026-10-03T14:01:37+03:00
2026-10-04,AE,gasoline_regular,UAE,4.21,AED,liter,2026-10-03T14:01:37+03:00
2026-10-04,AE,gasoline_super,UAE,4.4,AED,liter,2026-10-03T14:01:37+03:00
2026-10-04,AE,premium,UAE,4.4,AED,liter,2026-10-03T14:01:37+03:00
2026-10-04,AF,diesel,Afghanistan,79.1275,AFN,liter,2026-10-03T14:01:37+03:00
2026-10-04,AF,gasoline,Afghanistan,89,AFN,liter,2026-10-03T14:01:37+03:00
2026-10-04,AL,diesel,Albania,213.7289,ALL,liter,2026-10-03T14:01:37+03:00
2026-10-04,AL,diesel_premium,Albania,230,ALL,liter,2026-10-03T14:01:37+03:00
2026-10-04,AL,gasoline,Albania,193.4495,ALL,liter,2026-10-03T14:01:37+03:00
2026-10-04,AL,gasoline_premium,Albania,220,ALL,liter,2026-10-03T14:01:37+03:00
2026-10-04,AL,lpg,Albania,69.2062,ALL,liter,2026-10-03T14:01:37+03:00
2026-10-04,AL,premium,Albania,220,ALL,liter,2026-10-03T14:01:37+03:00
2026-10-04,AM,diesel,Armenia,695.8895,AMD,liter,2026-10-03T14:01:37+03:00
2026-10-04,AM,gasoline,Armenia,607.1632,AMD,liter,2026-10-03T14:01:37+03:00
2026-10-04,AM,gasoline_premium,Armenia,675,AMD,liter,2026-10-03T14:01:37+03:00
2026-10-04,AM,gasoline_regular,Armenia,600,AMD,liter,2026-10-03T14:01:37+03:00
2026-10-04,AM,lpg,Armenia,240,AMD,liter,2026-10-03T14:01:37+03:00
2026-10-04,AM,premium,Armenia,675,AMD,liter,2026-10-03T14:01:37+03:00
2026-10-04,AR,cng,Argentina,804,ARS,m3,2026-10-03T14:01:37+03:00
2026-10-04,AR,diesel,Argentina,2415.2022,ARS,liter,2026-10-03T14:01:37+03:00
2026-10-04,AR,diesel_premium,Argentina,2637.3056,ARS,liter,2026-10-03T14:01:37+03:00
2026-10-04,AR,gasoline,Argentina,2210.3087,ARS,liter,2026-10-03T14:01:37+03:00
2026-10-04,AR,gasoline_premium,Argentina,2474.2778,ARS,liter,2026-10-03T14:01:37+03:00
2026-10-04,AR,premium,Argentina,2474.2778,ARS,liter,2026-10-03T14:01:37+03:00
2026-10-04,AT,cng,Austria,1.799,EUR,kg,2026-10-03T14:01:37+03:00
2026-10-04,AT,diesel,Austria,2.2013,EUR,liter,2026-10-03T14:01:37+03:00
2026-10-04,AT,diesel_premium,Austria,2.4939,EUR,liter,2026-10-03T14:01:37+03:00
2026-10-04,AT,gasoline,Austria,1.8944,EUR,liter,2026-10-03T14:01:37+03:00
2026-10-04,AT,gasoline_premium,Austria,2.1316,EUR,liter,2026-10-03T14:01:37+03:00
2026-10-04,AT,gasoline_super,Austria,2.049,EUR,liter,2026-10-03T14:01:37+03:00
2026-10-04,AT,lpg,Austria,1.1665,EUR,liter,2026-10-03T14:01:37+03:00
2026-10-04,AT,premium,Austria,2.049,EUR,liter,2026-10-03T14:01:37+03:00
2026-10-04,AU,diesel,Australia,2.8708,AUD,liter,2026-10-03T14:01:37+03:00
2026-10-04,AU,diesel_premium,Australia,2.8823,AUD,liter,2026-10-03T14:01:37+03:00
2026-10-04,AU,e85,Australia,2.599,AUD,liter,2026-10-03T14:01:37+03:00
2026-10-04,AU,gasoline,Australia,2.399,AUD,liter,2026-10-03T14:01:37+03:00
2026-10-04,AU,gasoline_premium,Australia,2.5611,AUD,liter,2026-10-03T14:01:37+03:00
2026-10-04,AU,gasoline_super,Australia,2.662,AUD,liter,2026-10-03T14:01:37+03:00
2026-10-04,AU,lpg,Australia,1.3903,AUD,liter,2026-10-03T14:01:37+03:00
2026-10-04,AU,premium,Australia,2.662,AUD,liter,2026-10-03T14:01:37+03:00
2026-10-04,AZ,cng,Azerbaijan,0.4,AZN,m3,2026-10-03T14:01:37+03:00
2026-10-04,AZ,diesel,Azerbaijan,1.1,AZN,liter,2026-10-03T14:01:37+03:00
2026-10-04,AZ,gasoline,Azerbaijan,1.15,AZN,liter,2026-10-03T14:01:37+03:00
2026-10-04,AZ,gasoline_premium,Azerbaijan,1.6,AZN,liter,2026-10-03T14:01:37+03:00
2026-10-04,AZ,gasoline_super,Azerbaijan,2.3,AZN,liter,2026-10-03T14:01:37+03:00
2026-10-04,AZ,lpg,Azerbaijan,0.7,AZN,liter,2026-10-03T14:01:37+03:00
2026-10-04,AZ,premium,Azerbaijan,2.3,AZN,liter,2026-10-03T14:01:37+03:00
2026-10-04,BA,diesel,Bih,3.7802,BAM,liter,2026-10-03T14:01:37+03:00
2026-10-04,BA,gasoline,Bih,3.3775,BAM,liter,2026-10-03T14:01:37+03:00
2026-10-04,BA,gasoline_premium,Bih,3.51,BAM,liter,2026-10-03T14:01:37+03:00
2026-10-04,BA,lpg,Bih,1.3949,BAM,liter,2026-10-03T14:01:37+03:00
2026-10-04,BA,premium,Bih,3.51,BAM,liter,2026-10-03T14:01:37+03:00
2026-10-04,BB,diesel,Barbados,3.8,BBD,liter,2026-10-03T14:01:37+03:00
2026-10-04,BB,gasoline,Barbados,4.27,BBD,liter,2026-10-03T14:01:37+03:00
2026-10-04,BB,kerosene,Barbados,2.3,BBD,liter,2026-10-03T14:01:37+03:00
2026-10-04,BD,diesel,Bangladesh,135,BDT,liter,2026-10-03T14:01:37+03:00
2026-10-04,BD,gasoline,Bangladesh,160,BDT,liter,2026-10-03T14:01:37+03:00
2026-10-04,BD,gasoline_premium,Bangladesh,165,BDT,liter,2026-10-03T14:01:37+03:00
2026-10-04,BD,kerosene,Bangladesh,155,BDT,liter,2026-10-03T14:01:37+03:00
2026-10-04,BD,premium,Bangladesh,165,BDT,liter,2026-10-03T14:01:37+03:00
2026-10-04,BE,diesel,Belgium,2.4341,EUR,liter,2026-10-03T14:01:37+03:00
2026-10-04,BE,gasoline,Belgium,2.0638,EUR,liter,2026-10-03T14:01:37+03:00
2026-10-04,BE,gasoline_premium,Belgium,2.2511,EUR,liter,2026-10-03T14:01:37+03:00
2026-10-04,BE,lpg,Belgium,0.9597,EUR,liter,2026-10-03T14:01:37+03:00
2026-10-04,BE,premium,Belgium,2.2511,EUR,liter,2026-10-03T14:01:37+03:00
2026-10-04,BF,diesel,Burkina Faso,750,XOF,liter,2026-10-03T14:01:37+03:00
2026-10-04,BF,gasoline,Burkina Faso,850,XOF,liter,2026-10-03T14:01:37+03:00
2026-10-04,BF,kerosene,Burkina Faso,950,XOF,liter,2026-10-03T14:01:37+03:00
2026-10-04,BG,diesel,Bulgaria,1.8988,EUR,liter,2026-10-03T14:01:37+03:00
2026-10-04,BG,diesel_premium,Bulgaria,2.1041,EUR,liter,2026-10-03T14:01:37+03:00
2026-10-04,BG,gasoline,Bulgaria,1.6526,EUR,liter,2026-10-03T14:01:37+03:00
2026-10-04,BG,gasoline_super,Bulgaria,1.8665,EUR,liter,2026-10-03T14:01:37+03:00
2026-10-04,BG,lpg,Bulgaria,0.6362,EUR,liter,2026-10-03T14:01:37+03:00
2026-10-04,BG,premium,Bulgaria,1.8665,EUR,liter,2026-10-03T14:01:37+03:00
2026-10-04,BH,diesel,Bahrain,0.229,BHD,liter,2026-10-03T14:01:37+03:00
2026-10-04,BH,gasoline,Bahrain,0.225,BHD,liter,2026-10-03T14:01:37+03:00
2026-10-04,BH,gasoline_premium,Bahrain,0.247,BHD,liter,2026-10-03T14:01:37+03:00
2026-10-04,BH,gasoline_super,Bahrain,0.38,BHD,liter,2026-10-03T14:01:37+03:00
2026-10-04,BH,premium,Bahrain,0.38,BHD,liter,2026-10-03T14:01:37+03:00
2026-10-04,BO,cng,Bolivia,2.99,BOB,m3,2026-10-03T14:01:37+03:00
2026-10-04,BO,diesel,Bolivia,9.8,BOB,liter,2026-10-03T14:01:37+03:00
2026-10-04,BO,gasoline,Bolivia,6.96,BOB,liter,2026-10-03T14:01:37+03:00
2026-10-04,BO,gasoline_premium,Bolivia,11,BOB,liter,2026-10-03T14:01:37+03:00
2026-10-04,BO,premium,Bolivia,11,BOB,liter,2026-10-03T14:01:37+03:00
2026-10-04,BR,cng,Brazil,4.8432,BRL,m3,2026-10-03T14:01:37+03:00
2026-10-04,BR,diesel,Brazil,7.2172,BRL,liter,2026-10-03T14:01:37+03:00
2026-10-04,BR,e85,Brazil,4.318,BRL,liter,2026-10-03T14:01:37+03:00
2026-10-04,BR,gasoline,Brazil,6.593,BRL,liter,2026-10-03T14:01:37+03:00
2026-10-04,BR,gasoline_premium,Brazil,6.7701,BRL,liter,2026-10-03T14:01:37+03:00
2026-10-04,BR,premium,Brazil,6.7701,BRL,liter,2026-10-03T14:01:37+03:00
2026-10-04,BW,diesel,Botswana,20.93,BWP,liter,2026-10-03T14:01:37+03:00
2026-10-04,BW,gasoline,Botswana,18.21,BWP,liter,2026-10-03T14:01:37+03:00
2026-10-04,BW,kerosene,Botswana,18.33,BWP,liter,2026-10-03T14:01:37+03:00
2026-10-04,BY,diesel,Belarus,2.71,BYN,liter,2026-10-03T14:01:37+03:00
2026-10-04,BY,gasoline,Belarus,2.71,BYN,liter,2026-10-03T14:01:37+03:00
2026-10-04,BY,gasoline_premium,Belarus,2.93,BYN,liter,2026-10-03T14:01:37+03:00
2026-10-04,BY,gasoline_regular,Belarus,2.61,BYN,liter,2026-10-03T14:01:37+03:00
2026-10-04,BY,lpg,Belarus,1.3111,BYN,liter,2026-10-03T14:01:37+03:00
2026-10-04,BY,premium,Belarus,2.93,BYN,liter,2026-10-03T14:01:37+03:00
2026-10-04,BZ,diesel,Belize,14.6649,BZD,gallon,2026-10-03T14:01:37+03:00
2026-10-04,BZ,gasoline,Belize,14.2291,BZD,gallon,2026-10-03T14:01:37+03:00
2026-10-04,BZ,gasoline_premium,Belize,15.54,BZD,gallon,2026-10-03T14:01:37+03:00
2026-10-04,BZ,premium,Belize,15.54,BZD,gallon,2026-10-03T14:01:37+03:00
2026-10-04,CA,diesel,Canada,2.6077,CAD,liter,2026-10-03T14:01:37+03:00
2026-10-04,CA,gasoline,Canada,1.8365,CAD,liter,2026-10-03T14:01:37+03:00
2026-10-04,CA,gasoline_premium,Canada,1.9955,CAD,liter,2026-10-03T14:01:37+03:00
2026-10-04,CA,gasoline_super,Canada,2.1035,CAD,liter,2026-10-03T14:01:37+03:00
2026-10-04,CA,lpg,Canada,1.267,CAD,liter,2026-10-03T14:01:37+03:00
2026-10-04,CA,premium,Canada,2.1035,CAD,liter,2026-10-03T14:01:37+03:00
2026-10-04,CH,diesel,Switzerland,2.321,CHF,liter,2026-10-03T14:01:37+03:00
2026-10-04,CH,gasoline,Switzerland,2.0593,CHF,liter,2026-10-03T14:01:37+03:00
2026-10-04,CH,gasoline_premium,Switzerland,2.25,CHF,liter,2026-10-03T14:01:37+03:00
2026-10-04,CH,lpg,Switzerland,1.187,CHF,liter,2026-10-03T14:01:37+03:00
2026-10-04,CH,premium,Switzerland,2.25,CHF,liter,2026-10-03T14:01:37+03:00
2026-10-04,CI,diesel,Ivory Coast,725,XOF,liter,2026-10-03T14:01:37+03:00
2026-10-04,CI,gasoline,Ivory Coast,905,XOF,liter,2026-10-03T14:01:37+03:00
2026-10-04,CI,kerosene,Ivory Coast,780,XOF,liter,2026-10-03T14:01:37+03:00
2026-10-04,CL,cng,Chile,906,CLP,m3,2026-10-03T14:01:37+03:00
2026-10-04,CL,diesel,Chile,1435.7942,CLP,liter,2026-10-03T14:01:37+03:00
2026-10-04,CL,gasoline,Chile,1514.2327,CLP,liter,2026-10-03T14:01:37+03:00
2026-10-04,CL,gasoline_premium,Chile,1522.1778,CLP,liter,2026-10-03T14:01:37+03:00
2026-10-04,CL,gasoline_super,Chile,1563.2028,CLP,liter,2026-10-03T14:01:37+03:00
2026-10-04,CL,lpg,Chile,681.5,CLP,liter,2026-10-03T14:01:37+03:00
2026-10-04,CL,premium,Chile,1563.2028,CLP,liter,2026-10-03T14:01:37+03:00
2026-10-04,CN,diesel,China,8.3082,CNY,liter,2026-10-03T14:01:37+03:00
2026-10-04,CN,gasoline,China,8.6098,CNY,liter,2026-10-03T14:01:37+03:00
2026-10-04,CN,gasoline_premium,China,9.1267,CNY,liter,2026-10-03T14:01:37+03:00
2026-10-04,CN,gasoline_super,China,10.6609,CNY,liter,2026-10-03T14:01:37+03:00
2026-10-04,CN,premium,China,10.6609,CNY,liter,2026-10-03T14:01:37+03:00
2026-10-04,CO,cng,Colombia,3499,COP,m3,2026-10-03T14:01:37+03:00
2026-10-04,CO,diesel,Colombia,11219,COP,gallon,2026-10-03T14:01:37+03:00
2026-10-04,CO,diesel_premium,Colombia,11450,COP,gallon,2026-10-03T14:01:37+03:00
2026-10-04,CO,gasoline,Colombia,15977.25,COP,gallon,2026-10-03T14:01:37+03:00
2026-10-04,CO,gasoline_premium,Colombia,22050,COP,gallon,2026-10-03T14:01:37+03:00
2026-10-04,CO,lpg,Colombia,2490,COP,gallon,2026-10-03T14:01:37+03:00
2026-10-04,CO,premium,Colombia,22050,COP,liter,2026-10-03T14:01:37+03:00
2026-10-04,CR,diesel,Costa Rica,688,CRC,liter,2026-10-03T14:01:37+03:00
2026-10-04,CR,gasoline,Costa Rica,707,CRC,liter,2026-10-03T14:01:37+03:00
2026-10-04,CR,gasoline_premium,Costa Rica,726,CRC,liter,2026-10-03T14:01:37+03:00
2026-10-04,CR,premium,Costa Rica,726,CRC,liter,2026-10-03T14:01:37+03:00
2026-10-04,CU,diesel,Cuba,132,CUP,liter,2026-10-03T14:01:37+03:00
2026-10-04,CU,diesel_premium,Cuba,150,CUP,liter,2026-10-03T14:01:37+03:00
2026-10-04,CU,gasoline,Cuba,132,CUP,liter,2026-10-03T14:01:37+03:00
2026-10-04,CU,gasoline_premium,Cuba,156,CUP,liter,2026-10-03T14:01:37+03:00
2026-10-04,CU,gasoline_regular,Cuba,114,CUP,liter,2026-10-03T14:01:37+03:00
2026-10-04,CU,gasoline_super,Cuba,198,CUP,liter,2026-10-03T14:01:37+03:00
2026-10-04,CU,premium,Cuba,198,CUP,liter,2026-10-03T14:01:37+03:00
2026-10-04,CV,diesel,Cape Verde,190.3,CVE,liter,2026-10-03T14:01:37+03:00
2026-10-04,CV,gasoline,Cape Verde,197.2,CVE,liter,2026-10-03T14:01:37+03:00
2026-10-04,CY,diesel,Cyprus,1.9327,EUR,liter,2026-10-03T14:01:37+03:00
2026-10-04,CY,gasoline,Cyprus,1.7336,EUR,liter,2026-10-03T14:01:37+03:00
2026-10-04,CY,gasoline_premium,Cyprus,1.778,EUR,liter,2026-10-03T14:01:37+03:00
2026-10-04,CY,premium,Cyprus,1.778,EUR,liter,2026-10-03T14:01:37+03:00
2026-10-04,CZ,cng,Czech Republic,44.8,CZK,kg,2026-10-03T14:01:37+03:00
2026-10-04,CZ,diesel,Czech Republic,49.2774,CZK,liter,2026-10-03T14:01:37+03:00
2026-10-04,CZ,diesel_premium,Czech Republic,47.5,CZK,liter,2026-10-03T14:01:37+03:00
2026-10-04,CZ,gasoline,Czech Republic,45.2136,CZK,liter,2026-10-03T14:01:37+03:00
2026-10-04,CZ,gasoline_premium,Czech Republic,48.1,CZK,liter,2026-10-03T14:01:37+03:00
2026-10-04,CZ,lpg,Czech Republic,21.4641,CZK,liter,2026-10-03T14:01:37+03:00
2026-10-04,CZ,premium,Czech Republic,48.1,CZK,liter,2026-10-03T14:01:37+03:00
2026-10-04,DE,diesel,Germany,2.3838,EUR,liter,2026-10-03T14:01:37+03:00
2026-10-04,DE,diesel_premium,Germany,2.5662,EUR,liter,2026-10-03T14:01:37+03:00
2026-10-04,DE,gasoline,Germany,2.2901,EUR,liter,2026-10-03T14:01:37+03:00
2026-10-04,DE,gasoline_premium,Germany,2.27,EUR,liter,2026-10-03T14:01:37+03:00
2026-10-04,DE,lpg,Germany,1.1395,EUR,liter,2026-10-03T14:01:37+03:00
2026-10-04,DE,premium,Germany,2.27,EUR,liter,2026-10-03T14:01:37+03:00
2026-10-04,DK,diesel,Denmark,18.8616,DKK,liter,2026-10-03T14:01:37+03:00
2026-10-04,DK,diesel_premium,Denmark,19.8028,DKK,liter,2026-10-03T14:01:37+03:00
2026-10-04,DK,gasoline,Denmark,17.7368,DKK,liter,2026-10-03T14:01:37+03:00
2026-10-04,DK,gasoline_premium,Denmark,19.5693,DKK,liter,2026-10-03T14:01:37+03:00
2026-10-04,DK,premium,Denmark,19.5693,DKK,liter,2026-10-03T14:01:37+03:00
2026-10-04,DO,diesel,Dominican Republic,270.8,DOP,gallon,2026-10-03T14:01:37+03:00
2026-10-04,DO,diesel_premium,Dominican Republic,306.1,DOP,gallon,2026-10-03T14:01:37+03:00
2026-10-04,DO,gasoline,Dominican Republic,317.5,DOP,gallon,2026-10-03T14:01:37+03:00
2026-10-04,DO,gasoline_premium,Dominican Republic,353.1,DOP,gallon,2026-10-03T14:01:37+03:00
2026-10-04,DO,kerosene,Dominican Republic,380.1,DOP,gallon,2026-10-03T14:01:37+03:00
2026-10-04,DO,lpg,Dominican Republic,135.2,DOP,gallon,2026-10-03T14:01:37+03:00
2026-10-04,DO,premium,Dominican Republic,353.1,DOP,gallon,2026-10-03T14:01:37+03:00
2026-10-04,DZ,diesel,Algeria,31,DZD,liter,2026-10-03T14:01:37+03:00
2026-10-04,DZ,gasoline,Algeria,47,DZD,liter,2026-10-03T14:01:37+03:00
2026-10-04,DZ,lpg,Algeria,12.3846,DZD,liter,2026-10-03T14:01:37+03:00
2026-10-04,EC,diesel,Ecuador,3.15,USD,gallon,2026-10-03T14:01:37+03:00
2026-10-04,EC,gasoline,Ecuador,3.21,USD,gallon,2026-10-03T14:01:37+03:00
2026-10-04,EC,gasoline_premium,Ecuador,4.74,USD,gallon,2026-10-03T14:01:37+03:00
2026-10-04,EC,premium,Ecuador,4.74,USD,gallon,2026-10-03T14:01:37+03:00
2026-10-04,EE,diesel,Estonia,2.1039,EUR,liter,2026-10-03T14:01:37+03:00
2026-10-04,EE,gasoline,Estonia,1.9248,EUR,liter,2026-10-03T14:01:37+03:00
2026-10-04,EE,gasoline_premium,Estonia,1.986,EUR,liter,2026-10-03T14:01:37+03:00
2026-10-04,EE,lpg,Estonia,1.0032,EUR,liter,2026-10-03T14:01:37+03:00
2026-10-04,EE,premium,Estonia,1.986,EUR,liter,2026-10-03T14:01:37+03:00
2026-10-04,EG,diesel,Egypt,20.5,EGP,liter,2026-10-03T14:01:37+03:00
2026-10-04,EG,gasoline,Egypt,22.25,EGP,liter,2026-10-03T14:01:37+03:00
2026-10-04,EG,gasoline_premium,Egypt,24,EGP,liter,2026-10-03T14:01:37+03:00
2026-10-04,EG,gasoline_regular,Egypt,20.75,EGP,liter,2026-10-03T14:01:37+03:00
2026-10-04,EG,kerosene,Egypt,20.5,EGP,liter,2026-10-03T14:01:37+03:00
2026-10-04,EG,premium,Egypt,24,EGP,liter,2026-10-03T14:01:37+03:00
2026-10-04,ES,cng,Spain,1.8815,EUR,kg,2026-10-03T14:01:37+03:00
2026-10-04,ES,diesel,Spain,1.9597,EUR,liter,2026-10-03T14:01:37+03:00
2026-10-04,ES,diesel_premium,Spain,2.0549,EUR,liter,2026-10-03T14:01:37+03:00
2026-10-04,ES,gasoline,Spain,1.8722,EUR,liter,2026-10-03T14:01:37+03:00
2026-10-04,ES,gasoline_premium,Spain,1.9815,EUR,liter,2026-10-03T14:01:37+03:00
2026-10-04,ES,lpg,Spain,1.128,EUR,liter,2026-10-03T14:01:37+03:00
2026-10-04,ES,premium,Spain,1.9815,EUR,liter,2026-10-03T14:01:37+03:00
2026-10-04,ET,diesel,Ethiopia,180.46,ETB,liter,2026-10-03T14:01:37+03:00
2026-10-04,ET,gasoline,Ethiopia,167.41,ETB,liter,2026-10-03T14:01:37+03:00
2026-10-04,ET,kerosene,Ethiopia,320.66,ETB,liter,2026-10-03T14:01:37+03:00
2026-10-04,FI,diesel,Finland,2.4898,EUR,liter,2026-10-03T14:01:37+03:00
2026-10-04,FI,gasoline,Finland,2.2984,EUR,liter,2026-10-03T14:01:37+03:00
2026-10-04,FI,gasoline_premium,Finland,2.359,EUR,liter,2026-10-03T14:01:37+03:00
2026-10-04,FI,premium,Finland,2.359,EUR,liter,2026-10-03T14:01:37+03:00
2026-10-04,FJ,diesel,Fiji,3.41,FJD,liter,2026-10-03T14:01:37+03:00
2026-10-04,FJ,gasoline,Fiji,3.15,FJD,liter,2026-10-03T14:01:37+03:00
2026-10-04,FJ,kerosene,Fiji,2.67,FJD,liter,2026-10-03T14:01:37+03:00
2026-10-04,FM,diesel,Micronesia,0.9344,EUR,liter,2026-05-02T15:49:36+03:00
2026-10-04,FM,gasoline,Micronesia,0.9794,EUR,liter,2026-05-02T15:49:36+03:00
2026-10-04,FO,diesel,Faroe Islands,16.13,DKK,liter,2026-10-03T14:01:37+03:00
2026-10-04,FO,gasoline,Faroe Islands,15.56,DKK,liter,2026-10-03T14:01:37+03:00
2026-10-04,FO,gasoline_premium,Faroe Islands,18.45,DKK,liter,2026-10-03T14:01:37+03:00
2026-10-04,FO,premium,Faroe Islands,18.45,DKK,liter,2026-10-03T14:01:37+03:00
2026-10-04,FR,diesel,France,2.3833,EUR,liter,2026-10-03T14:01:37+03:00
2026-10-04,FR,diesel_premium,France,2.377,EUR,liter,2026-10-03T14:01:37+03:00
2026-10-04,FR,e85,France,0.8965,EUR,liter,2026-10-03T14:01:37+03:00
2026-10-04,FR,gasoline,France,2.1884,EUR,liter,2026-10-03T14:01:37+03:00
2026-10-04,FR,gasoline_premium,France,2.2584,EUR,liter,2026-10-03T14:01:37+03:00
2026-10-04,FR,lpg,France,1.0495,EUR,liter,2026-10-03T14:01:37+03:00
2026-10-04,FR,premium,France,2.2584,EUR,liter,2026-10-03T14:01:37+03:00
2026-10-04,GB,diesel,United Kingdom,1.991,GBP,liter,2026-10-03T14:01:37+03:00
2026-10-04,GB,diesel_premium,United Kingdom,2.1822,GBP,liter,2026-10-03T14:01:37+03:00
2026-10-04,GB,gasoline,United Kingdom,1.7454,GBP,liter,2026-10-03T14:01:37+03:00
2026-10-04,GB,gasoline_premium,United Kingdom,1.9315,GBP,liter,2026-10-03T14:01:37+03:00
2026-10-04,GB,lpg,United Kingdom,0.98,GBP,liter,2026-10-03T14:01:37+03:00
2026-10-04,GB,premium,United Kingdom,1.9315,GBP,liter,2026-10-03T14:01:37+03:00
2026-10-04,GD,diesel,Grenada,17,XCD,imperial_gallon,2026-10-03T14:01:37+03:00
2026-10-04,GD,gasoline,Grenada,17,XCD,imperial_gallon,2026-10-03T14:01:37+03:00
2026-10-04,GD,kerosene,Grenada,16.86,XCD,imperial_gallon,2026-10-03T14:01:37+03:00
2026-10-04,GE,cng,Georgia,1.6,GEL,m3,2026-10-03T14:01:37+03:00
2026-10-04,GE,diesel,Georgia,4.7853,GEL,liter,2026-10-03T14:01:37+03:00
2026-10-04,GE,diesel_premium,Georgia,4.9204,GEL,liter,2026-10-03T14:01:37+03:00
2026-10-04,GE,gasoline,Georgia,4.1876,GEL,liter,2026-10-03T14:01:37+03:00
2026-10-04,GE,gasoline_premium,Georgia,4.5531,GEL,liter,2026-10-03T14:01:37+03:00
2026-10-04,GE,gasoline_regular,Georgia,3.91,GEL,liter,2026-10-03T14:01:37+03:00
2026-10-04,GE,lpg,Georgia,1.9108,GEL,liter,2026-10-03T14:01:37+03:00
2026-10-04,GE,premium,Georgia,4.5531,GEL,liter,2026-10-03T14:01:37+03:00
2026-10-04,GH,diesel,Ghana,18.1923,GHS,liter,2026-10-03T14:01:37+03:00
2026-10-04,GH,gasoline,Ghana,16.823,GHS,liter,2026-10-03T14:01:37+03:00
2026-10-04,GH,gasoline_premium,Ghana,19.0829,GHS,liter,2026-10-03T14:01:37+03:00
2026-10-04,GH,kerosene,Ghana,18.38,GHS,liter,2026-10-03T14:01:37+03:00
2026-10-04,GH,lpg,Ghana,16.562,GHS,kg,2026-10-03T14:01:37+03:00
2026-10-04,GH,premium,Ghana,19.0829,GHS,liter,2026-10-03T14:01:37+03:00
2026-10-04,GM,diesel,Gambia,120,GMD,liter,2026-10-03T14:01:37+03:00
2026-10-04,GM,gasoline,Gambia,109.8,GMD,liter,2026-10-03T14:01:37+03:00
2026-10-04,GM,kerosene,Gambia,112.64,GMD,liter,2026-10-03T14:01:37+03:00
2026-10-04,GN,diesel,Guinea,12000,GNF,liter,2026-10-03T14:01:37+03:00
2026-10-04,GN,gasoline,Guinea,12000,GNF,liter,2026-10-03T14:01:37+03:00
2026-10-04,GR,diesel,Greece,2.1336,EUR,liter,2026-10-03T14:01:37+03:00
2026-10-04,GR,diesel_premium,Greece,2.22,EUR,liter,2026-10-03T14:01:37+03:00
2026-10-04,GR,gasoline,Greece,2.2094,EUR,liter,2026-10-03T14:01:37+03:00
2026-10-04,GR,gasoline_super,Greece,2.421,EUR,liter,2026-10-03T14:01:37+03:00
2026-10-04,GR,lpg,Greece,1.0952,EUR,liter,2026-10-03T14:01:37+03:00
2026-10-04,GR,premium,Greece,2.421,EUR,liter,2026-10-03T14:01:37+03:00
2026-10-04,GT,diesel,Guatemala,45.6154,GTQ,gallon,2026-10-03T14:01:37+03:00
2026-10-04,GT,gasoline,Guatemala,39.2108,GTQ,gallon,2026-10-03T14:01:37+03:00
2026-10-04,GT,gasoline_premium,Guatemala,40.9462,GTQ,gallon,2026-10-03T14:01:37+03:00
2026-10-04,GT,premium,Guatemala,40.9462,GTQ,gallon,2026-10-03T14:01:37+03:00
2026-10-04,GW,diesel,Guinea-Bissau,898,XOF,liter,2026-10-03T14:01:37+03:00
2026-10-04,GW,gasoline,Guinea-Bissau,899,XOF,liter,2026-10-03T14:01:37+03:00
2026-10-04,GY,diesel,Guyana,318,GYD,liter,2026-10-03T14:01:37+03:00
2026-10-04,GY,gasoline,Guyana,258,GYD,liter,2026-10-03T14:01:37+03:00
2026-10-04,GY,kerosene,Guyana,230,GYD,liter,2026-10-03T14:01:37+03:00
2026-10-04,HK,diesel,Hong Kong,37.18,HKD,liter,2026-10-03T14:01:37+03:00
2026-10-04,HK,gasoline,Hong Kong,34.62,HKD,liter,2026-10-03T14:01:37+03:00
2026-10-04,HK,gasoline_premium,Hong Kong,36.33,HKD,liter,2026-10-03T14:01:37+03:00
2026-10-04,HK,lpg,Hong Kong,4.19,HKD,liter,2026-10-03T14:01:37+03:00
2026-10-04,HK,premium,Hong Kong,36.33,HKD,liter,2026-10-03T14:01:37+03:00
2026-10-04,HN,diesel,Honduras,148.01,HNL,gallon,2026-10-03T14:01:37+03:00
2026-10-04,HN,gasoline,Honduras,130.51,HNL,gallon,2026-10-03T14:01:37+03:00
2026-10-04,HN,gasoline_premium,Honduras,143.73,HNL,gallon,2026-10-03T14:01:37+03:00
2026-10-04,HN,kerosene,Honduras,129.86,HNL,gallon,2026-10-03T14:01:37+03:00
2026-10-04,HN,lpg,Honduras,49.94,HNL,gallon,2026-10-03T14:01:37+03:00
2026-10-04,HN,premium,Honduras,143.73,HNL,gallon,2026-10-03T14:01:37+03:00
2026-10-04,HR,diesel,Croatia,1.9354,EUR,liter,2026-10-03T14:01:37+03:00
2026-10-04,HR,diesel_premium,Croatia,2.125,EUR,liter,2026-10-03T14:01:37+03:00
2026-10-04,HR,gasoline,Croatia,1.7792,EUR,liter,2026-10-03T14:01:37+03:00
2026-10-04,HR,gasoline_super,Croatia,2.3833,EUR,liter,2026-10-03T14:01:37+03:00
2026-10-04,HR,lpg,Croatia,0.8465,EUR,liter,2026-10-03T14:01:37+03:00
2026-10-04,HR,premium,Croatia,2.3833,EUR,liter,2026-10-03T14:01:37+03:00
2026-10-04,HT,diesel,Haiti,203.4126,HTG,liter,2026-10-03T14:01:37+03:00
2026-10-04,HT,gasoline,Haiti,184.9205,HTG,liter,2026-10-03T14:01:37+03:00
2026-10-04,HT,kerosene,Haiti,202.0917,HTG,liter,2026-10-03T14:01:37+03:00
2026-10-04,HU,cng,Hungary,850,HUF,kg,2026-10-03T14:01:37+03:00
2026-10-04,HU,diesel,Hungary,709.6429,HUF,liter,2026-10-03T14:01:37+03:00
2026-10-04,HU,diesel_premium,Hungary,806,HUF,liter,2026-10-03T14:01:37+03:00
2026-10-04,HU,gasoline,Hungary,632.3214,HUF,liter,2026-10-03T14:01:37+03:00
2026-10-04,HU,gasoline_premium,Hungary,720,HUF,liter,2026-10-03T14:01:37+03:00
2026-10-04,HU,lpg,Hungary,351.3478,HUF,liter,2026-10-03T14:01:37+03:00
2026-10-04,HU,premium,Hungary,720,HUF,liter,2026-10-03T14:01:37+03:00
2026-10-04,ID,diesel,Indonesia,24007.6923,IDR,liter,2026-10-03T14:01:37+03:00
2026-10-04,ID,gasoline,Indonesia,16165.3846,IDR,liter,2026-10-03T14:01:37+03:00
2026-10-04,ID,gasoline_premium,Indonesia,19846.1538,IDR,liter,2026-10-03T14:01:37+03:00
2026-10-04,ID,premium,Indonesia,19846.1538,IDR,liter,2026-10-03T14:01:37+03:00
2026-10-04,IE,diesel,Ireland,2.0396,EUR,liter,2026-10-03T14:01:37+03:00
2026-10-04,IE,gasoline,Ireland,1.9168,EUR,liter,2026-10-03T14:01:37+03:00
2026-10-04,IL,diesel,Israel,7.8873,ILS,liter,2026-10-03T14:01:37+03:00
2026-10-04,IL,gasoline,Israel,8.27,ILS,liter,2026-10-03T14:01:37+03:00
2026-10-04,IN,cng,India,86.98,INR,kg,2026-10-03T14:01:37+03:00
2026-10-04,IN,diesel,India,95.2,INR,liter,2026-10-03T14:01:37+03:00
2026-10-04,IN,gasoline,India,102.12,INR,liter,2026-10-03T14:01:37+03:00
2026-10-04,IQ,diesel,Iraq,400,IQD,liter,2026-10-03T14:01:37+03:00
2026-10-04,IQ,gasoline,Iraq,850,IQD,liter,2026-10-03T14:01:37+03:00
2026-10-04,IQ,gasoline_regular,Iraq,450,IQD,liter,2026-10-03T14:01:37+03:00
2026-10-04,IQ,gasoline_super,Iraq,1250,IQD,liter,2026-10-03T14:01:37+03:00
2026-10-04,IQ,kerosene,Iraq,150,IQD,liter,2026-10-03T14:01:37+03:00
2026-10-04,IQ,premium,Iraq,1250,IQD,liter,2026-10-03T14:01:37+03:00
2026-10-04,IS,diesel,Iceland,315.5164,ISK,liter,2026-10-03T14:01:37+03:00
2026-10-04,IS,gasoline,Iceland,272.4611,ISK,liter,2026-10-03T14:01:37+03:00
2026-10-04,IT,cng,Italy,1.8986,EUR,kg,2026-10-03T14:01:37+03:00
2026-10-04,IT,diesel,Italy,2.3038,EUR,liter,2026-10-03T14:01:37+03:00
2026-10-04,IT,diesel_premium,Italy,2.3928,EUR,liter,2026-10-03T14:01:37+03:00
2026-10-04,IT,gasoline,Italy,2.1071,EUR,liter,2026-10-03T14:01:37+03:00
2026-10-04,IT,gasoline_premium,Italy,2.2596,EUR,liter,2026-10-03T14:01:37+03:00
2026-10-04,IT,gasoline_super,Italy,2.3859,EUR,liter,2026-10-03T14:01:37+03:00
2026-10-04,IT,lpg,Italy,0.7529,EUR,liter,2026-10-03T14:01:37+03:00
2026-10-04,IT,premium,Italy,2.3859,EUR,liter,2026-10-03T14:01:37+03:00
2026-10-04,JM,diesel,Jamaica,264.7052,JMD,liter,2026-10-03T14:01:37+03:00
2026-10-04,JM,gasoline,Jamaica,230.1764,JMD,liter,2026-10-03T14:01:37+03:00
2026-10-04,JM,gasoline_premium,Jamaica,240.8293,JMD,liter,2026-10-03T14:01:37+03:00
2026-10-04,JM,kerosene,Jamaica,217.6659,JMD,liter,2026-10-03T14:01:37+03:00
2026-10-04,JM,premium,Jamaica,240.8293,JMD,liter,2026-10-03T14:01:37+03:00
2026-10-04,JO,diesel,Jordan,0.9,JOD,liter,2026-10-03T14:01:37+03:00
2026-10-04,JO,gasoline,Jordan,1.05,JOD,liter,2026-10-03T14:01:37+03:00
2026-10-04,JO,gasoline_premium,Jordan,1.36,JOD,liter,2026-10-03T14:01:37+03:00
2026-10-04,JO,gasoline_super,Jordan,1.51,JOD,liter,2026-10-03T14:01:37+03:00
2026-10-04,JO,kerosene,Jordan,0.55,JOD,liter,2026-10-03T14:01:37+03:00
2026-10-04,JO,premium,Jordan,1.51,JOD,liter,2026-10-03T14:01:37+03:00
2026-10-04,JP,diesel,Japan,151.9804,JPY,liter,2026-10-03T14:01:37+03:00
2026-10-04,JP,gasoline,Japan,163.6431,JPY,liter,2026-10-03T14:01:37+03:00
2026-10-04,JP,gasoline_premium,Japan,174.3922,JPY,liter,2026-10-03T14:01:37+03:00
2026-10-04,JP,lpg,Japan,138.2,JPY,liter,2026-10-03T14:01:37+03:00
2026-10-04,JP,premium,Japan,174.3922,JPY,liter,2026-10-03T14:01:37+03:00
2026-10-04,KE,diesel,Kenya,217,KES,liter,2026-10-03T14:01:37+03:00
2026-10-04,KE,gasoline,Kenya,214,KES,liter,2026-10-03T14:01:37+03:00
2026-10-04,KE,kerosene,Kenya,191.38,KES,liter,2026-10-03T14:01:37+03:00
2026-10-04,KG,diesel,Kyrgyzstan,100.3739,KGS,liter,2026-10-03T14:01:37+03:00
2026-10-04,KG,gasoline,Kyrgyzstan,88.4106,KGS,liter,2026-10-03T14:01:37+03:00
2026-10-04,KG,gasoline_premium,Kyrgyzstan,109.8533,KGS,liter,2026-10-03T14:01:37+03:00
2026-10-04,KG,gasoline_super,Kyrgyzstan,149.9,KGS,liter,2026-10-03T14:01:37+03:00
2026-10-04,KG,lpg,Kyrgyzstan,48.8,KGS,liter,2026-10-03T14:01:37+03:00
2026-10-04,KG,premium,Kyrgyzstan,149.9,KGS,liter,2026-10-03T14:01:37+03:00
2026-10-04,KH,diesel,Cambodia,5800,KHR,liter,2026-10-03T14:01:37+03:00
2026-10-04,KH,gasoline,Cambodia,5183.3333,KHR,liter,2026-10-03T14:01:37+03:00
2026-10-04,KH,gasoline_premium,Cambodia,6250,KHR,liter,2026-10-03T14:01:37+03:00
2026-10-04,KH,premium,Cambodia,6250,KHR,liter,2026-10-03T14:01:37+03:00
2026-10-04,KN,gasoline,Saint Kitts and Nevis,16.93,XCD,imperial_gallon,2026-10-03T14:01:37+03:00
2026-10-04,KR,diesel,South Korea,1843.5816,KRW,liter,2026-10-03T14:01:37+03:00
2026-10-04,KR,gasoline,South Korea,1857.8413,KRW,liter,2026-10-03T14:01:37+03:00
2026-10-04,KR,gasoline_premium,South Korea,2343.5,KRW,liter,2026-10-03T14:01:37+03:00
2026-10-04,KR,kerosene,South Korea,1572.65,KRW,liter,2026-10-03T14:01:37+03:00
2026-10-04,KR,lpg,South Korea,1096.37,KRW,liter,2026-10-03T14:01:37+03:00
2026-10-04,KR,premium,South Korea,2343.5,KRW,liter,2026-10-03T14:01:37+03:00
2026-10-04,KU,diesel,Kurdistan Region,1350,IQD,liter,2026-10-03T14:01:37+03:00
2026-10-04,KU,gasoline,Kurdistan Region,1080,IQD,liter,2026-10-03T14:01:37+03:00
2026-10-04,KU,gasoline_premium,Kurdistan Region,1450,IQD,liter,2026-10-03T14:01:37+03:00
2026-10-04,KU,premium,Kurdistan Region,1450,IQD,liter,2026-10-03T14:01:37+03:00
2026-10-04,KW,diesel,Kuwait,0.115,KWD,liter,2026-10-03T14:01:37+03:00
2026-10-04,KW,gasoline,Kuwait,0.085,KWD,liter,2026-10-03T14:01:37+03:00
2026-10-04,KW,gasoline_premium,Kuwait,0.105,KWD,liter,2026-10-03T14:01:37+03:00
2026-10-04,KW,gasoline_super,Kuwait,0.275,KWD,liter,2026-10-03T14:01:37+03:00
2026-10-04,KW,kerosene,Kuwait,0.115,KWD,liter,2026-10-03T14:01:37+03:00
2026-10-04,KW,premium,Kuwait,0.275,KWD,liter,2026-10-03T14:01:37+03:00
2026-10-04,KY,diesel,Cayman Islands,6.37,KYD,imperial_gallon,2026-10-03T14:01:37+03:00
2026-10-04,KY,gasoline,Cayman Islands,5.78,KYD,imperial_gallon,2026-10-03T14:01:37+03:00
2026-10-04,KY,gasoline_premium,Cayman Islands,6.37,KYD,imperial_gallon,2026-10-03T14:01:37+03:00
2026-10-04,KY,premium,Cayman Islands,6.37,KYD,imperial_gallon,2026-10-03T14:01:37+03:00
2026-10-04,KZ,diesel,Kazakhstan,342.0059,KZT,liter,2026-10-03T14:01:37+03:00
2026-10-04,KZ,gasoline,Kazakhstan,312.2797,KZT,liter,2026-10-03T14:01:37+03:00
2026-10-04,KZ,gasoline_premium,Kazakhstan,352.7256,KZT,liter,2026-10-03T14:01:37+03:00
2026-10-04,KZ,gasoline_regular,Kazakhstan,245.6149,KZT,liter,2026-10-03T14:01:37+03:00
2026-10-04,KZ,lpg,Kazakhstan,105.1485,KZT,liter,2026-10-03T14:01:37+03:00
2026-10-04,KZ,premium,Kazakhstan,352.7256,KZT,liter,2026-10-03T14:01:37+03:00
2026-10-04,LA,diesel,Laos,33898.463,LAK,liter,2026-10-03T14:01:37+03:00
2026-10-04,LA,gasoline,Laos,34458.5407,LAK,liter,2026-10-03T14:01:37+03:00
2026-10-04,LA,gasoline_premium,Laos,43380,LAK,liter,2026-10-03T14:01:37+03:00
2026-10-04,LA,premium,Laos,43380,LAK,liter,2026-10-03T14:01:37+03:00
2026-10-04,LB,diesel,Lebanon,136300,LBP,liter,2026-10-03T14:01:37+03:00
2026-10-04,LB,gasoline,Lebanon,141850,LBP,liter,2026-10-03T14:01:37+03:00
2026-10-04,LB,gasoline_premium,Lebanon,142700,LBP,liter,2026-10-03T14:01:37+03:00
2026-10-04,LB,lpg,Lebanon,66650,LBP,liter,2026-10-03T14:01:37+03:00
2026-10-04,LB,premium,Lebanon,142700,LBP,liter,2026-10-03T14:01:37+03:00
2026-10-04,LC,diesel,Saint Lucia,3.79,XCD,liter,2026-10-03T14:01:37+03:00
2026-10-04,LC,gasoline,Saint Lucia,3.79,XCD,liter,2026-10-03T14:01:37+03:00
2026-10-04,LC,kerosene,Saint Lucia,2.29,XCD,liter,2026-10-03T14:01:37+03:00
2026-10-04,LI,diesel,Liechtenstein,2.3393,CHF,liter,2026-10-03T14:01:37+03:00
2026-10-04,LI,gasoline,Liechtenstein,2.12,CHF,liter,2026-10-03T14:01:37+03:00
2026-10-04,LI,gasoline_premium,Liechtenstein,2.22,CHF,liter,2026-10-03T14:01:37+03:00
2026-10-04,LI,premium,Liechtenstein,2.22,CHF,liter,2026-10-03T14:01:37+03:00
2026-10-04,LK,diesel,Sri Lanka,392,LKR,liter,2026-10-03T14:01:37+03:00
2026-10-04,LK,diesel_premium,Sri Lanka,528,LKR,liter,2026-10-03T14:01:37+03:00
2026-10-04,LK,gasoline,Sri Lanka,414,LKR,liter,2026-10-03T14:01:37+03:00
2026-10-04,LK,gasoline_premium,Sri Lanka,475,LKR,liter,2026-10-03T14:01:37+03:00
2026-10-04,LK,kerosene,Sri Lanka,285,LKR,liter,2026-10-03T14:01:37+03:00
2026-10-04,LK,premium,Sri Lanka,475,LKR,liter,2026-10-03T14:01:37+03:00
2026-10-04,LR,diesel,Liberia,315.0112,LRD,liter,2026-10-03T14:01:37+03:00
2026-10-04,LR,gasoline,Liberia,257.6771,LRD,liter,2026-10-03T14:01:37+03:00
2026-10-04,LS,diesel,Lesotho,30.95,LSL,liter,2026-10-03T14:01:37+03:00
2026-10-04,LS,gasoline,Lesotho,24.5,LSL,liter,2026-10-03T14:01:37+03:00
2026-10-04,LS,gasoline_premium,Lesotho,24.8,LSL,liter,2026-10-03T14:01:37+03:00
2026-10-04,LS,premium,Lesotho,24.8,LSL,liter,2026-10-03T14:01:37+03:00
2026-10-04,LT,diesel,Lithuania,2.2298,EUR,liter,2026-10-03T14:01:37+03:00
2026-10-04,LT,diesel_premium,Lithuania,2.296,EUR,liter,2026-10-03T14:01:37+03:00
2026-10-04,LT,gasoline,Lithuania,1.9258,EUR,liter,2026-10-03T14:01:37+03:00
2026-10-04,LT,gasoline_premium,Lithuania,2.0108,EUR,liter,2026-10-03T14:01:37+03:00
2026-10-04,LT,lpg,Lithuania,0.8155,EUR,liter,2026-10-03T14:01:37+03:00
2026-10-04,LT,premium,Lithuania,2.0108,EUR,liter,2026-10-03T14:01:37+03:00
2026-10-04,LU,diesel,Luxembourg,2.0284,EUR,liter,2026-10-03T14:01:37+03:00
2026-10-04,LU,gasoline,Luxembourg,1.8218,EUR,liter,2026-10-03T14:01:37+03:00
2026-10-04,LU,gasoline_premium,Luxembourg,1.9002,EUR,liter,2026-10-03T14:01:37+03:00
2026-10-04,LU,lpg,Luxembourg,0.8319,EUR,liter,2026-10-03T14:01:37+03:00
2026-10-04,LU,premium,Luxembourg,1.9002,EUR,liter,2026-10-03T14:01:37+03:00
2026-10-04,LV,diesel,Latvia,2.1007,EUR,liter,2026-10-03T14:01:37+03:00
2026-10-04,LV,diesel_premium,Latvia,2.2056,EUR,liter,2026-10-03T14:01:37+03:00
2026-10-04,LV,gasoline,Latvia,1.9447,EUR,liter,2026-10-03T14:01:37+03:00
2026-10-04,LV,gasoline_premium,Latvia,2.006,EUR,liter,2026-10-03T14:01:37+03:00
2026-10-04,LV,lpg,Latvia,0.9314,EUR,liter,2026-10-03T14:01:37+03:00
2026-10-04,LV,premium,Latvia,2.006,EUR,liter,2026-10-03T14:01:37+03:00
2026-10-04,MA,diesel,Morocco,15.8543,MAD,liter,2026-10-03T14:01:37+03:00
2026-10-04,MA,gasoline,Morocco,15.4189,MAD,liter,2026-10-03T14:01:37+03:00
2026-10-04,MC,diesel,Monaco,2.4837,EUR,liter,2026-10-03T14:01:37+03:00
2026-10-04,MC,gasoline,Monaco,2.2795,EUR,liter,2026-10-03T14:01:37+03:00
2026-10-04,MC,gasoline_premium,Monaco,2.3415,EUR,liter,2026-10-03T14:01:37+03:00
2026-10-04,MC,lpg,Monaco,1.15,EUR,liter,2026-10-03T14:01:37+03:00
2026-10-04,MC,premium,Monaco,2.3415,EUR,liter,2026-10-03T14:01:37+03:00
2026-10-04,MD,diesel,Moldova,35.7733,MDL,liter,2026-10-03T14:01:37+03:00
2026-10-04,MD,gasoline,Moldova,34.1367,MDL,liter,2026-10-03T14:01:37+03:00
2026-10-04,MD,lpg,Moldova,15.2,MDL,liter,2026-10-03T14:01:37+03:00
2026-10-04,ME,diesel,Montenegro,1.9381,EUR,liter,2026-10-03T14:01:37+03:00
2026-10-04,ME,gasoline,Montenegro,1.7429,EUR,liter,2026-10-03T14:01:37+03:00
2026-10-04,ME,gasoline_premium,Montenegro,1.7829,EUR,liter,2026-10-03T14:01:37+03:00
2026-10-04,ME,premium,Montenegro,1.7829,EUR,liter,2026-10-03T14:01:37+03:00
2026-10-04,MG,diesel,Madagascar,4860,MGA,liter,2026-10-03T14:01:37+03:00
2026-10-04,MG,gasoline,Madagascar,5300,MGA,liter,2026-10-03T14:01:37+03:00
2026-10-04,MG,kerosene,Madagascar,3710,MGA,liter,2026-10-03T14:01:37+03:00
2026-10-04,MK,cng,North Macedonia,88.5,MKD,kg,2026-10-03T14:01:37+03:00
2026-10-04,MK,diesel,North Macedonia,100,MKD,liter,2026-10-03T14:01:37+03:00
2026-10-04,MK,diesel_premium,North Macedonia,101,MKD,liter,2026-10-03T14:01:37+03:00
2026-10-04,MK,gasoline,North Macedonia,100,MKD,liter,2026-10-03T14:01:37+03:00
2026-10-04,MK,gasoline_premium,North Macedonia,102,MKD,liter,2026-10-03T14:01:37+03:00
2026-10-04,MK,lpg,North Macedonia,47,MKD,liter,2026-10-03T14:01:37+03:00
2026-10-04,MK,premium,North Macedonia,102,MKD,liter,2026-10-03T14:01:37+03:00
2026-10-04,MM,diesel,Myanmar,4815,MMK,liter,2026-10-03T14:01:37+03:00
2026-10-04,MM,diesel_premium,Myanmar,5795,MMK,liter,2026-10-03T14:01:37+03:00
2026-10-04,MM,gasoline,Myanmar,4540,MMK,liter,2026-10-03T14:01:37+03:00
2026-10-04,MM,gasoline_premium,Myanmar,4730,MMK,liter,2026-10-03T14:01:37+03:00
2026-10-04,MM,premium,Myanmar,4730,MMK,liter,2026-10-03T14:01:37+03:00
2026-10-04,MN,diesel,Mongolia,4895,MNT,liter,2026-10-03T14:01:37+03:00
2026-10-04,MN,gasoline,Mongolia,3118.75,MNT,liter,2026-10-03T14:01:37+03:00
2026-10-04,MN,gasoline_premium,Mongolia,5080,MNT,liter,2026-10-03T14:01:37+03:00
2026-10-04,MN,gasoline_super,Mongolia,5550,MNT,liter,2026-10-03T14:01:37+03:00
2026-10-04,MN,lpg,Mongolia,1840,MNT,liter,2026-10-03T14:01:37+03:00
2026-10-04,MN,premium,Mongolia,5550,MNT,liter,2026-10-03T14:01:37+03:00
2026-10-04,MR,diesel,Mauritania,62.13,MRU,liter,2026-09-27T14:11:38+03:00
2026-10-04,MR,gasoline,Mauritania,65.02,MRU,liter,2026-09-27T14:11:38+03:00
2026-10-04,MT,diesel,Malta,1.215,EUR,liter,2026-10-03T14:01:37+03:00
2026-10-04,MT,diesel_premium,Malta,1.31,EUR,liter,2026-10-03T14:01:37+03:00
2026-10-04,MT,gasoline,Malta,1.346,EUR,liter,2026-10-03T14:01:37+03:00
2026-10-04,MT,gasoline_premium,Malta,1.49,EUR,liter,2026-10-03T14:01:37+03:00
2026-10-04,MT,premium,Malta,1.49,EUR,liter,2026-10-03T14:01:37+03:00
2026-10-04,MU,diesel,Mauritius,75.9833,MUR,liter,2026-10-03T14:01:37+03:00
2026-10-04,MU,gasoline,Mauritius,75.35,MUR,liter,2026-10-03T14:01:37+03:00
2026-10-04,MV,diesel,Maldives,17.54,MVR,liter,2026-10-03T14:01:37+03:00
2026-10-04,MV,gasoline,Maldives,16.01,MVR,liter,2026-10-03T14:01:37+03:00
2026-10-04,MW,diesel,Malawi,5863,MWK,liter,2026-10-03T14:01:37+03:00
2026-10-04,MW,gasoline,Malawi,5619,MWK,liter,2026-10-03T14:01:37+03:00
2026-10-04,MW,kerosene,Malawi,4546.5,MWK,liter,2026-10-03T14:01:37+03:00
2026-10-04,MX,diesel,Mexico,27.0014,MXN,liter,2026-10-03T14:01:37+03:00
2026-10-04,MX,gasoline,Mexico,23.7823,MXN,liter,2026-10-03T14:01:37+03:00
2026-10-04,MX,gasoline_premium,Mexico,28.6366,MXN,liter,2026-10-03T14:01:37+03:00
2026-10-04,MX,premium,Mexico,28.6366,MXN,liter,2026-10-03T14:01:37+03:00
2026-10-04,MY,diesel,Malaysia,5.27,MYR,liter,2026-10-03T14:01:37+03:00
2026-10-04,MY,gasoline,Malaysia,4.52,MYR,liter,2026-10-03T14:01:37+03:00
2026-10-04,MY,gasoline_premium,Malaysia,5,MYR,liter,2026-10-03T14:01:37+03:00
2026-10-04,MY,premium,Malaysia,5,MYR,liter,2026-10-03T14:01:37+03:00
2026-10-04,MZ,diesel,Mozambique,116.25,MZN,liter,2026-10-03T14:01:37+03:00
2026-10-04,MZ,gasoline,Mozambique,93.69,MZN,liter,2026-10-03T14:01:37+03:00
2026-10-04,MZ,kerosene,Mozambique,97.56,MZN,liter,2026-10-03T14:01:37+03:00
2026-10-04,NA,diesel,Namibia,27.86,NAD,liter,2026-10-03T14:01:37+03:00
2026-10-04,NA,diesel_premium,Namibia,27.96,NAD,liter,2026-10-03T14:01:37+03:00
2026-10-04,NA,gasoline,Namibia,25.08,NAD,liter,2026-10-03T14:01:37+03:00
2026-10-04,NC,diesel,New Caledonia,190.6,XPF,liter,2026-10-03T14:01:37+03:00
2026-10-04,NC,gasoline,New Caledonia,182.4,XPF,liter,2026-10-03T14:01:37+03:00
2026-10-04,NE,diesel,Niger,618,XOF,liter,2026-10-03T14:01:37+03:00
2026-10-04,NE,gasoline,Niger,499,XOF,liter,2026-10-03T14:01:37+03:00
2026-10-04,NG,diesel,Nigeria,1756.7157,NGN,liter,2026-10-03T14:01:37+03:00
2026-10-04,NG,gasoline,Nigeria,1347.7671,NGN,liter,2026-10-03T14:01:37+03:00
2026-10-04,NI,diesel,Nicaragua,43.22,NIO,liter,2026-10-03T14:01:37+03:00
2026-10-04,NI,gasoline,Nicaragua,47.82,NIO,liter,2026-10-03T14:01:37+03:00
2026-10-04,NI,gasoline_premium,Nicaragua,49,NIO,liter,2026-10-03T14:01:37+03:00
2026-10-04,NI,kerosene,Nicaragua,60.36,NIO,liter,2026-10-03T14:01:37+03:00
2026-10-04,NI,premium,Nicaragua,49,NIO,liter,2026-10-03T14:01:37+03:00
2026-10-04,NL,cng,Netherlands,1.6995,EUR,kg,2026-10-03T14:01:37+03:00
2026-10-04,NL,diesel,Netherlands,2.6413,EUR,liter,2026-10-03T14:01:37+03:00
2026-10-04,NL,diesel_premium,Netherlands,2.7918,EUR,liter,2026-10-03T14:01:37+03:00
2026-10-04,NL,gasoline,Netherlands,2.5777,EUR,liter,2026-10-03T14:01:37+03:00
2026-10-04,NL,gasoline_premium,Netherlands,2.863,EUR,liter,2026-10-03T14:01:37+03:00
2026-10-04,NL,lpg,Netherlands,1.1011,EUR,liter,2026-10-03T14:01:37+03:00
2026-10-04,NL,premium,Netherlands,2.863,EUR,liter,2026-10-03T14:01:37+03:00
2026-10-04,NO,diesel,Norway,23.7723,NOK,liter,2026-10-03T14:01:37+03:00
2026-10-04,NO,gasoline,Norway,21.7546,NOK,liter,2026-10-03T14:01:37+03:00
2026-10-04,NO,gasoline_premium,Norway,27.79,NOK,liter,2026-10-03T14:01:37+03:00
2026-10-04,NO,premium,Norway,27.79,NOK,liter,2026-10-03T14:01:37+03:00
2026-10-04,NP,diesel,Nepal,200,NPR,liter,2026-10-03T14:01:37+03:00
2026-10-04,NP,gasoline,Nepal,200,NPR,liter,2026-10-03T14:01:37+03:00
2026-10-04,NP,kerosene,Nepal,200,NPR,liter,2026-10-03T14:01:37+03:00
2026-10-04,NR,diesel,Nauru,2.9032,AUD,liter,2026-10-03T14:01:37+03:00
2026-10-04,NR,gasoline,Nauru,2.4238,AUD,liter,2026-10-03T14:01:37+03:00
2026-10-04,NR,kerosene,Nauru,2.1811,AUD,liter,2026-10-03T14:01:37+03:00
2026-10-04,NZ,diesel,New Zealand,3.1293,NZD,liter,2026-10-03T14:01:37+03:00
2026-10-04,NZ,gasoline,New Zealand,3.6036,NZD,liter,2026-10-03T14:01:37+03:00
2026-10-04,NZ,gasoline_premium,New Zealand,3.7909,NZD,liter,2026-10-03T14:01:37+03:00
2026-10-04,NZ,gasoline_regular,New Zealand,3.4158,NZD,liter,2026-10-03T14:01:37+03:00
2026-10-04,NZ,gasoline_super,New Zealand,3.7743,NZD,liter,2026-10-03T14:01:37+03:00
2026-10-04,NZ,lpg,New Zealand,1.9583,NZD,liter,2026-10-03T14:01:37+03:00
2026-10-04,NZ,premium,New Zealand,3.7743,NZD,liter,2026-10-03T14:01:37+03:00
2026-10-04,OM,diesel,Oman,0.258,OMR,liter,2026-10-03T14:01:37+03:00
2026-10-04,OM,gasoline,Oman,0.239,OMR,liter,2026-10-03T14:01:37+03:00
2026-10-04,OM,gasoline_premium,Oman,0.399,OMR,liter,2026-10-03T14:01:37+03:00
2026-10-04,OM,gasoline_regular,Oman,0.229,OMR,liter,2026-10-03T14:01:37+03:00
2026-10-04,OM,premium,Oman,0.399,OMR,liter,2026-10-03T14:01:37+03:00
2026-10-04,PA,diesel,Panama,3.4069,USD,gallon,2026-10-03T14:01:37+03:00
2026-10-04,PA,gasoline,Panama,4.8718,USD,gallon,2026-10-03T14:01:37+03:00
2026-10-04,PA,gasoline_premium,Panama,5.239,USD,gallon,2026-10-03T14:01:37+03:00
2026-10-04,PA,premium,Panama,5.239,USD,gallon,2026-10-03T14:01:37+03:00
2026-10-04,PE,diesel,Peru,25.905,PEN,gallon,2026-10-03T14:01:37+03:00
2026-10-04,PE,gasoline,Peru,22.105,PEN,gallon,2026-10-03T14:01:37+03:00
2026-10-04,PE,gasoline_premium,Peru,23.305,PEN,gallon,2026-10-03T14:01:37+03:00
2026-10-04,PE,lpg,Peru,6.98,PEN,gallon,2026-10-03T14:01:37+03:00
2026-10-04,PE,premium,Peru,23.305,PEN,gallon,2026-10-03T14:01:37+03:00
2026-10-04,PF,diesel,French Polynesia,165,XPF,liter,2026-09-05T11:14:47+03:00
2026-10-04,PF,gasoline,French Polynesia,165,XPF,liter,2026-09-05T11:14:47+03:00
2026-10-04,PF,kerosene,French Polynesia,137,XPF,liter,2026-09-05T11:14:47+03:00
2026-10-04,PG,diesel,Papua New Guinea,4.9,PGK,liter,2026-10-03T14:01:37+03:00
2026-10-04,PG,gasoline,Papua New Guinea,4.9,PGK,liter,2026-10-03T14:01:37+03:00
2026-10-04,PG,kerosene,Papua New Guinea,4.9,PGK,liter,2026-10-03T14:01:37+03:00
2026-10-04,PH,diesel,Philippines,95.6979,PHP,liter,2026-10-03T14:01:37+03:00
2026-10-04,PH,diesel_premium,Philippines,99.52,PHP,liter,2026-10-03T14:01:37+03:00
2026-10-04,PH,gasoline,Philippines,89.4627,PHP,liter,2026-10-03T14:01:37+03:00
2026-10-04,PH,gasoline_premium,Philippines,91.89,PHP,liter,2026-10-03T14:01:37+03:00
2026-10-04,PH,premium,Philippines,91.89,PHP,liter,2026-10-03T14:01:37+03:00
2026-10-04,PK,diesel,Pakistan,399.64,PKR,liter,2026-10-03T14:01:37+03:00
2026-10-04,PK,gasoline,Pakistan,392.76,PKR,liter,2026-10-03T14:01:37+03:00
2026-10-04,PK,gasoline_premium,Pakistan,410,PKR,liter,2026-10-03T14:01:37+03:00
2026-10-04,PK,kerosene,Pakistan,329.54,PKR,liter,2026-10-03T14:01:37+03:00
2026-10-04,PK,lpg,Pakistan,258.65,PKR,kg,2026-10-03T14:01:37+03:00
2026-10-04,PK,premium,Pakistan,410,PKR,liter,2026-10-03T14:01:37+03:00
2026-10-04,PL,diesel,Poland,8.8534,PLN,liter,2026-10-03T14:01:37+03:00
2026-10-04,PL,diesel_premium,Poland,9.045,PLN,liter,2026-10-03T14:01:37+03:00
2026-10-04,PL,gasoline,Poland,7.8638,PLN,liter,2026-10-03T14:01:37+03:00
2026-10-04,PL,gasoline_premium,Poland,8.5706,PLN,liter,2026-10-03T14:01:37+03:00
2026-10-04,PL,lpg,Poland,3.2125,PLN,liter,2026-10-03T14:01:37+03:00
2026-10-04,PL,premium,Poland,8.5706,PLN,liter,2026-10-03T14:01:37+03:00
2026-10-04,PS,diesel,Palestine,7.9025,ILS,liter,2026-10-03T14:01:37+03:00
2026-10-04,PS,gasoline_premium,Palestine,7.8667,ILS,liter,2026-10-03T14:01:37+03:00
2026-10-04,PS,gasoline_super,Palestine,8.785,ILS,liter,2026-10-03T14:01:37+03:00
2026-10-04,PS,kerosene,Palestine,7.9025,ILS,liter,2026-10-03T14:01:37+03:00
2026-10-04,PS,premium,Palestine,8.785,ILS,liter,2026-10-03T14:01:37+03:00
2026-10-04,PT,diesel,Portugal,2.2098,EUR,liter,2026-10-03T14:01:37+03:00
2026-10-04,PT,diesel_premium,Portugal,2.2447,EUR,liter,2026-10-03T14:01:37+03:00
2026-10-04,PT,gasoline,Portugal,2.0953,EUR,liter,2026-10-03T14:01:37+03:00
2026-10-04,PT,gasoline_premium,Portugal,2.274,EUR,liter,2026-10-03T14:01:37+03:00
2026-10-04,PT,lpg,Portugal,0.9121,EUR,liter,2026-10-03T14:01:37+03:00
2026-10-04,PT,premium,Portugal,2.274,EUR,liter,2026-10-03T14:01:37+03:00
2026-10-04,PY,diesel,Paraguay,8927.1429,PYG,liter,2026-10-03T14:01:37+03:00
2026-10-04,PY,diesel_premium,Paraguay,10821.4286,PYG,liter,2026-10-03T14:01:37+03:00
2026-10-04,PY,gasoline,Paraguay,7132.8571,PYG,liter,2026-10-03T14:01:37+03:00
2026-10-04,PY,gasoline_premium,Paraguay,9040,PYG,liter,2026-10-03T14:01:37+03:00
2026-10-04,PY,lpg,Paraguay,4900,PYG,liter,2026-10-03T14:01:37+03:00
2026-10-04,PY,premium,Paraguay,9040,PYG,liter,2026-10-03T14:01:37+03:00
2026-10-04,QA,diesel,Qatar,2.05,QAR,liter,2026-10-03T14:01:37+03:00
2026-10-04,QA,gasoline,Qatar,1.95,QAR,liter,2026-10-03T14:01:37+03:00
2026-10-04,QA,gasoline_premium,Qatar,2.1,QAR,liter,2026-10-03T14:01:37+03:00
2026-10-04,QA,premium,Qatar,2.1,QAR,liter,2026-10-03T14:01:37+03:00
2026-10-04,RO,diesel,Romania,10.9584,RON,liter,2026-10-03T14:01:37+03:00
2026-10-04,RO,diesel_premium,Romania,11.4604,RON,liter,2026-10-03T14:01:37+03:00
2026-10-04,RO,gasoline,Romania,9.9961,RON,liter,2026-10-03T14:01:37+03:00
2026-10-04,RO,gasoline_premium,Romania,10.6081,RON,liter,2026-10-03T14:01:37+03:00
2026-10-04,RO,lpg,Romania,4.7365,RON,liter,2026-10-03T14:01:37+03:00
2026-10-04,RO,premium,Romania,10.6081,RON,liter,2026-10-03T14:01:37+03:00
2026-10-04,RS,diesel,Serbia,236,RSD,liter,2026-10-03T14:01:37+03:00
2026-10-04,RS,diesel_premium,Serbia,251.95,RSD,liter,2026-10-03T14:01:37+03:00
2026-10-04,RS,gasoline,Serbia,207,RSD,liter,2026-10-03T14:01:37+03:00
2026-10-04,RS,gasoline_premium,Serbia,229.9,RSD,liter,2026-10-03T14:01:37+03:00
2026-10-04,RS,gasoline_super,Serbia,230.3469,RSD,liter,2026-10-03T14:01:37+03:00
2026-10-04,RS,lpg,Serbia,107.9719,RSD,liter,2026-10-03T14:01:37+03:00
2026-10-04,RS,premium,Serbia,230.3469,RSD,liter,2026-10-03T14:01:37+03:00
2026-10-04,RU,cng,Russia,30.3983,RUB,m3,2026-10-03T14:01:37+03:00
2026-10-04,RU,diesel,Russia,83.8862,RUB,liter,2026-10-03T14:01:37+03:00
2026-10-04,RU,diesel_premium,Russia,81.8969,RUB,liter,2026-10-03T14:01:37+03:00
2026-10-04,RU,gasoline,Russia,87.8238,RUB,liter,2026-10-03T14:01:37+03:00
2026-10-04,RU,gasoline_premium,Russia,96.2582,RUB,liter,2026-10-03T14:01:37+03:00
2026-10-04,RU,gasoline_regular,Russia,80.0884,RUB,liter,2026-10-03T14:01:37+03:00
2026-10-04,RU,gasoline_super,Russia,109.5957,RUB,liter,2026-10-03T14:01:37+03:00
2026-10-04,RU,lpg,Russia,44.237,RUB,liter,2026-10-03T14:01:37+03:00
2026-10-04,RU,premium,Russia,109.5957,RUB,liter,2026-10-03T14:01:37+03:00
2026-10-04,RW,diesel,Rwanda,2927,RWF,liter,2026-10-03T14:01:37+03:00
2026-10-04,RW,gasoline,Rwanda,2938,RWF,liter,2026-10-03T14:01:37+03:00
2026-10-04,SA,diesel,Saudi Arabia,1.79,SAR,liter,2026-10-03T14:01:37+03:00
2026-10-04,SA,gasoline,Saudi Arabia,2.18,SAR,liter,2026-10-03T14:01:37+03:00
2026-10-04,SA,gasoline_premium,Saudi Arabia,2.33,SAR,liter,2026-10-03T14:01:37+03:00
2026-10-04,SA,gasoline_super,Saudi Arabia,4.64,SAR,liter,2026-10-03T14:01:37+03:00
2026-10-04,SA,kerosene,Saudi Arabia,1.75,SAR,liter,2026-10-03T14:01:37+03:00
2026-10-04,SA,premium,Saudi Arabia,4.64,SAR,liter,2026-10-03T14:01:37+03:00
2026-10-04,SB,diesel,Solomon Islands,13.4759,SBD,liter,2026-10-03T14:01:37+03:00
2026-10-04,SB,gasoline,Solomon Islands,11.1771,SBD,liter,2026-10-03T14:01:37+03:00
2026-10-04,SB,kerosene,Solomon Islands,14.2583,SBD,liter,2026-10-03T14:01:37+03:00
2026-10-04,SC,diesel,Seychelles,25.19,SCR,liter,2026-10-03T14:01:37+03:00
2026-10-04,SC,gasoline,Seychelles,24.68,SCR,liter,2026-10-03T14:01:37+03:00
2026-10-04,SC,kerosene,Seychelles,30,SCR,liter,2026-10-03T14:01:37+03:00
2026-10-04,SE,diesel,Sweden,22.8077,SEK,liter,2026-10-03T14:01:37+03:00
2026-10-04,SE,e85,Sweden,15.465,SEK,liter,2026-10-03T14:01:37+03:00
2026-10-04,SE,gasoline,Sweden,18.765,SEK,liter,2026-10-03T14:01:37+03:00
2026-10-04,SE,gasoline_premium,Sweden,19.315,SEK,liter,2026-10-03T14:01:37+03:00
2026-10-04,SE,premium,Sweden,19.315,SEK,liter,2026-10-03T14:01:37+03:00
2026-10-04,SG,diesel,Singapore,4.0141,SGD,liter,2026-10-03T14:01:37+03:00
2026-10-04,SG,gasoline,Singapore,3.5355,SGD,liter,2026-10-03T14:01:37+03:00
2026-10-04,SG,gasoline_premium,Singapore,4.163,SGD,liter,2026-10-03T14:01:37+03:00
2026-10-04,SG,gasoline_regular,Singapore,3.51,SGD,liter,2026-10-03T14:01:37+03:00
2026-10-04,SG,premium,Singapore,4.163,SGD,liter,2026-10-03T14:01:37+03:00
2026-10-04,SI,diesel,Slovenia,1.9545,EUR,liter,2026-10-03T14:01:37+03:00
2026-10-04,SI,diesel_premium,Slovenia,2.453,EUR,liter,2026-10-03T14:01:37+03:00
2026-10-04,SI,gasoline,Slovenia,1.7242,EUR,liter,2026-10-03T14:01:37+03:00
2026-10-04,SI,gasoline_premium,Slovenia,2.121,EUR,liter,2026-10-03T14:01:37+03:00
2026-10-04,SI,lpg,Slovenia,0.9718,EUR,liter,2026-10-03T14:01:37+03:00
2026-10-04,SI,premium,Slovenia,2.121,EUR,liter,2026-10-03T14:01:37+03:00
2026-10-04,SK,diesel,Slovakia,1.9872,EUR,liter,2026-10-03T14:01:37+03:00
2026-10-04,SK,diesel_premium,Slovakia,2.176,EUR,liter,2026-10-03T14:01:37+03:00
2026-10-04,SK,gasoline,Slovakia,1.8542,EUR,liter,2026-10-03T14:01:37+03:00
2026-10-04,SK,gasoline_premium,Slovakia,2.0504,EUR,liter,2026-10-03T14:01:37+03:00
2026-10-04,SK,lpg,Slovakia,0.819,EUR,liter,2026-10-03T14:01:37+03:00
2026-10-04,SK,premium,Slovakia,2.0504,EUR,liter,2026-10-03T14:01:37+03:00
2026-10-04,SL,diesel,Sierra Leone,45,SLE,liter,2026-10-03T14:01:37+03:00
2026-10-04,SL,gasoline,Sierra Leone,40,SLE,liter,2026-10-03T14:01:37+03:00
2026-10-04,SL,kerosene,Sierra Leone,44.1,SLE,liter,2026-10-03T14:01:37+03:00
2026-10-04,SN,diesel,Senegal,755,XOF,liter,2026-10-03T14:01:37+03:00
2026-10-04,SN,gasoline,Senegal,990,XOF,liter,2026-10-03T14:01:37+03:00
2026-10-04,SN,gasoline_regular,Senegal,665,XOF,liter,2026-10-03T14:01:37+03:00
2026-10-04,SR,diesel,Suriname,53.27,SRD,liter,2026-10-03T14:01:37+03:00
2026-10-04,SR,gasoline,Suriname,48.32,SRD,liter,2026-10-03T14:01:37+03:00
2026-10-04,SS,diesel,South Sudan,17500,SSP,liter,2026-10-03T14:01:37+03:00
2026-10-04,SS,gasoline,South Sudan,16000,SSP,liter,2026-10-03T14:01:37+03:00
2026-10-04,SV,diesel,El Salvador,4.86,USD,gallon,2026-10-03T14:01:37+03:00
2026-10-04,SV,gasoline,El Salvador,4.8,USD,gallon,2026-10-03T14:01:37+03:00
2026-10-04,SV,gasoline_premium,El Salvador,5.13,USD,gallon,2026-10-03T14:01:37+03:00
2026-10-04,SV,premium,El Salvador,5.13,USD,gallon,2026-10-03T14:01:37+03:00
2026-10-04,SY,diesel,Syria,175,SYP,liter,2026-10-03T14:01:37+03:00
2026-10-04,SY,gasoline,Syria,185,SYP,liter,2026-10-03T14:01:37+03:00
2026-10-04,SY,gasoline_premium,Syria,195,SYP,liter,2026-10-03T14:01:37+03:00
2026-10-04,SY,premium,Syria,195,SYP,liter,2026-10-03T14:01:37+03:00
2026-10-04,SZ,diesel,Eswatini,32.25,SZL,liter,2026-10-03T14:01:37+03:00
2026-10-04,SZ,gasoline,Eswatini,29.4,SZL,liter,2026-10-03T14:01:37+03:00
2026-10-04,SZ,kerosene,Eswatini,25.16,SZL,liter,2026-10-03T14:01:37+03:00
2026-10-04,TG,diesel,Togo,766,XOF,liter,2026-10-03T14:01:37+03:00
2026-10-04,TG,gasoline,Togo,817,XOF,liter,2026-10-03T14:01:37+03:00
2026-10-04,TG,kerosene,Togo,1056,XOF,liter,2026-10-03T14:01:37+03:00
2026-10-04,TH,diesel,Thailand,42.19,THB,liter,2026-10-03T14:01:37+03:00
2026-10-04,TH,diesel_premium,Thailand,50.05,THB,liter,2026-10-03T14:01:37+03:00
2026-10-04,TH,e85,Thailand,31.63,THB,liter,2026-10-03T14:01:37+03:00
2026-10-04,TH,gasoline,Thailand,40.69,THB,liter,2026-10-03T14:01:37+03:00
2026-10-04,TH,gasoline_premium,Thailand,49.29,THB,liter,2026-10-03T14:01:37+03:00
2026-10-04,TH,gasoline_regular,Thailand,40.32,THB,liter,2026-10-03T14:01:37+03:00
2026-10-04,TH,gasoline_super,Thailand,49.79,THB,liter,2026-10-03T14:01:37+03:00
2026-10-04,TH,lpg,Thailand,25.87,THB,kg,2026-10-03T14:01:37+03:00
2026-10-04,TH,premium,Thailand,49.79,THB,liter,2026-10-03T14:01:37+03:00
2026-10-04,TJ,diesel,Tajikistan,15.395,TJS,liter,2026-10-03T14:01:37+03:00
2026-10-04,TJ,diesel_premium,Tajikistan,14.9,TJS,liter,2026-10-03T14:01:37+03:00
2026-10-04,TJ,gasoline,Tajikistan,12.9119,TJS,liter,2026-10-03T14:01:37+03:00
2026-10-04,TJ,gasoline_premium,Tajikistan,12.9,TJS,liter,2026-10-03T14:01:37+03:00
2026-10-04,TJ,lpg,Tajikistan,6.3944,TJS,liter,2026-10-03T14:01:37+03:00
2026-10-04,TJ,premium,Tajikistan,12.9,TJS,liter,2026-10-03T14:01:37+03:00
2026-10-04,TL,diesel,Timor-Leste,1.6237,USD,liter,2026-10-03T14:01:37+03:00
2026-10-04,TL,gasoline,Timor-Leste,1.5225,USD,liter,2026-10-03T14:01:37+03:00
2026-10-04,TM,diesel,Turkmenistan,1.35,TMT,liter,2026-10-03T14:01:37+03:00
2026-10-04,TM,gasoline,Turkmenistan,1.35,TMT,liter,2026-10-03T14:01:37+03:00
2026-10-04,TM,gasoline_premium,Turkmenistan,1.5,TMT,liter,2026-10-03T14:01:37+03:00
2026-10-04,TM,gasoline_regular,Turkmenistan,1.15,TMT,liter,2026-10-03T14:01:37+03:00
2026-10-04,TM,premium,Turkmenistan,1.5,TMT,liter,2026-10-03T14:01:37+03:00
2026-10-04,TN,diesel,Tunisia,2.21,TND,liter,2026-10-03T14:01:37+03:00
2026-10-04,TN,gasoline,Tunisia,2.53,TND,liter,2026-10-03T14:01:37+03:00
2026-10-04,TO,diesel,Tonga,4.425,TOP,liter,2026-10-03T14:01:37+03:00
2026-10-04,TO,gasoline,Tonga,3.85,TOP,liter,2026-10-03T14:01:37+03:00
2026-10-04,TO,kerosene,Tonga,3.5,TOP,liter,2026-10-03T14:01:37+03:00
2026-10-04,TR,diesel,Turkey,94.963,TRY,liter,2026-10-03T14:01:37+03:00
2026-10-04,TR,gasoline,Turkey,84.58,TRY,liter,2026-10-03T14:01:37+03:00
2026-10-04,TR,lpg,Turkey,41.2367,TRY,liter,2026-10-03T14:01:37+03:00
2026-10-04,TW,diesel,Taiwan,29.8838,TWD,liter,2026-10-03T14:01:37+03:00
2026-10-04,TW,gasoline,Taiwan,30.1532,TWD,liter,2026-10-03T14:01:37+03:00
2026-10-04,TW,gasoline_premium,Taiwan,32.0766,TWD,liter,2026-10-03T14:01:37+03:00
2026-10-04,TW,gasoline_super,Taiwan,34.6946,TWD,liter,2026-10-03T14:01:37+03:00
2026-10-04,TW,premium,Taiwan,34.6946,TWD,liter,2026-10-03T14:01:37+03:00
2026-10-04,TZ,diesel,Tanzania,3877,TZS,liter,2026-10-03T14:01:37+03:00
2026-10-04,TZ,gasoline,Tanzania,3796,TZS,liter,2026-10-03T14:01:37+03:00
2026-10-04,TZ,kerosene,Tanzania,3713,TZS,liter,2026-10-03T14:01:37+03:00
2026-10-04,UA,diesel,Ukraine,98.919,UAH,liter,2026-10-03T14:01:37+03:00
2026-10-04,UA,diesel_premium,Ukraine,101.9,UAH,liter,2026-10-03T14:01:37+03:00
2026-10-04,UA,gasoline,Ukraine,89.8729,UAH,liter,2026-10-03T14:01:37+03:00
2026-10-04,UA,gasoline_premium,Ukraine,94.9366,UAH,liter,2026-10-03T14:01:37+03:00
2026-10-04,UA,gasoline_regular,Ukraine,85.8256,UAH,liter,2026-10-03T14:01:37+03:00
2026-10-04,UA,gasoline_super,Ukraine,101.4,UAH,liter,2026-10-03T14:01:37+03:00
2026-10-04,UA,lpg,Ukraine,44.7649,UAH,liter,2026-10-03T14:01:37+03:00
2026-10-04,UA,premium,Ukraine,101.4,UAH,liter,2026-10-03T14:01:37+03:00
2026-10-04,UG,diesel,Uganda,6724.5,UGX,liter,2026-10-03T14:01:37+03:00
2026-10-04,UG,gasoline,Uganda,6874.5,UGX,liter,2026-10-03T14:01:37+03:00
2026-10-04,US,diesel,United States,6.3728,USD,gallon,2026-10-03T14:01:37+03:00
2026-10-04,US,e85,United States,3.31,USD,gallon,2026-10-03T14:01:37+03:00
2026-10-04,US,gasoline,United States,4.4398,USD,gallon,2026-10-03T14:01:37+03:00
2026-10-04,US,gasoline_premium,United States,5.0164,USD,gallon,2026-10-03T14:01:37+03:00
2026-10-04,US,gasoline_super,United States,5.4203,USD,gallon,2026-10-03T14:01:37+03:00
2026-10-04,US,lpg,United States,3.59,USD,gallon,2026-10-03T14:01:37+03:00
2026-10-04,US,premium,United States,5.4203,USD,gallon,2026-10-03T14:01:37+03:00
2026-10-04,UY,diesel,Uruguay,58.68,UYU,liter,2026-10-03T14:01:37+03:00
2026-10-04,UY,diesel_premium,Uruguay,67.33,UYU,liter,2026-10-03T14:01:37+03:00
2026-10-04,UY,gasoline,Uruguay,88.67,UYU,liter,2026-10-03T14:01:37+03:00
2026-10-04,UY,gasoline_premium,Uruguay,91.19,UYU,liter,2026-10-03T14:01:37+03:00
2026-10-04,UY,premium,Uruguay,91.19,UYU,liter,2026-10-03T14:01:37+03:00
2026-10-04,UZ,diesel,Uzbekistan,16235.9504,UZS,liter,2026-10-03T14:01:37+03:00
2026-10-04,UZ,gasoline,Uzbekistan,13449.8834,UZS,liter,2026-10-03T14:01:37+03:00
2026-10-04,UZ,gasoline_premium,Uzbekistan,18947.7273,UZS,liter,2026-10-03T14:01:37+03:00
2026-10-04,UZ,gasoline_super,Uzbekistan,27571.9697,UZS,liter,2026-10-03T14:01:37+03:00
2026-10-04,UZ,premium,Uzbekistan,27571.9697,UZS,liter,2026-10-03T14:01:37+03:00
2026-10-04,VC,diesel,Saint Vincent and the Grenadines,17.53,XCD,imperial_gallon,2026-10-03T14:01:37+03:00
2026-10-04,VC,gasoline,Saint Vincent and the Grenadines,18.31,XCD,imperial_gallon,2026-10-03T14:01:37+03:00
2026-10-04,VE,diesel,Venezuela,0.5,USD,liter,2026-10-03T14:01:37+03:00
2026-10-04,VE,gasoline,Venezuela,435.6845,VES,liter,2026-10-03T14:01:37+03:00
2026-10-04,VE,gasoline_premium,Venezuela,871.3689,VES,liter,2026-10-03T14:01:37+03:00
2026-10-04,VE,premium,Venezuela,871.3689,VES,liter,2026-10-03T14:01:37+03:00
2026-10-04,VN,diesel,Vietnam,29970,VND,liter,2026-10-03T14:01:37+03:00
2026-10-04,VN,diesel_premium,Vietnam,31600,VND,liter,2026-10-03T14:01:37+03:00
2026-10-04,VN,gasoline,Vietnam,27180,VND,liter,2026-10-03T14:01:37+03:00
2026-10-04,VN,gasoline_regular,Vietnam,26503.3333,VND,liter,2026-10-03T14:01:37+03:00
2026-10-04,VU,diesel,Vanuatu,195,VUV,liter,2026-10-03T14:01:37+03:00
2026-10-04,VU,gasoline,Vanuatu,222,VUV,liter,2026-10-03T14:01:37+03:00
2026-10-04,WS,diesel,Samoa,4.44,WST,liter,2026-10-03T14:01:37+03:00
2026-10-04,WS,gasoline,Samoa,3.58,WST,liter,2026-10-03T14:01:37+03:00
2026-10-04,WS,kerosene,Samoa,3.9,WST,liter,2026-10-03T14:01:37+03:00
2026-10-04,XK,diesel,Kosovo,1.89,EUR,liter,2026-10-03T14:01:37+03:00
2026-10-04,XK,diesel_premium,Kosovo,1.94,EUR,liter,2026-10-03T14:01:37+03:00
2026-10-04,XK,gasoline,Kosovo,1.66,EUR,liter,2026-10-03T14:01:37+03:00
2026-10-04,XK,gasoline_premium,Kosovo,1.73,EUR,liter,2026-10-03T14:01:37+03:00
2026-10-04,XK,lpg,Kosovo,0.69,EUR,liter,2026-10-03T14:01:37+03:00
2026-10-04,XK,premium,Kosovo,1.73,EUR,liter,2026-10-03T14:01:37+03:00
2026-10-04,XN,diesel,Turkish Republic of Northern Cyprus,76,TRY,liter,2026-10-03T14:01:37+03:00
2026-10-04,XN,gasoline,Turkish Republic of Northern Cyprus,77.12,TRY,liter,2026-10-03T14:01:37+03:00
2026-10-04,XN,gasoline_premium,Turkish Republic of Northern Cyprus,78.12,TRY,liter,2026-10-03T14:01:37+03:00
2026-10-04,XN,premium,Turkish Republic of Northern Cyprus,78.12,TRY,liter,2026-10-03T14:01:37+03:00
2026-10-04,ZA,diesel,South Africa,29.1104,ZAR,liter,2026-10-03T14:01:37+03:00
2026-10-04,ZA,diesel_premium,South Africa,29.8667,ZAR,liter,2026-10-03T14:01:37+03:00
2026-10-04,ZA,gasoline,South Africa,26.92,ZAR,liter,2026-10-03T14:01:37+03:00
2026-10-04,ZA,gasoline_regular,South Africa,26.76,ZAR,liter,2026-10-03T14:01:37+03:00
2026-10-04,ZM,diesel,Zambia,29.7736,ZMW,liter,2026-10-03T14:01:37+03:00
2026-10-04,ZM,gasoline,Zambia,28.0945,ZMW,liter,2026-10-03T14:01:37+03:00
2026-10-04,ZM,kerosene,Zambia,29.76,ZMW,liter,2026-10-03T14:01:37+03:00
2026-10-04,ZW,diesel,Zimbabwe,55.7068,ZWG,liter,2026-10-03T14:01:37+03:00
2026-10-04,ZW,gasoline,Zimbabwe,55.1712,ZWG,liter,2026-10-03T14:01:37+03:00
2026-10-04,ZW,lpg,Zimbabwe,47.1365,ZWG,kg,2026-10-03T14:01:37+03:00
2026-10-05,AD,diesel,Andorra,1.7378,EUR,liter,2026-10-03T14:01:37+03:00
2026-10-05,AD,diesel_premium,Andorra,1.7719,EUR,liter,2026-10-03T14:01:37+03:00
2026-10-05,AD,gasoline,Andorra,1.5894,EUR,liter,2026-10-03T14:01:37+03:00
2026-10-05,AD,gasoline_premium,Andorra,1.6495,EUR,liter,2026-10-03T14:01:37+03:00
2026-10-05,AD,premium,Andorra,1.6495,EUR,liter,2026-10-03T14:01:37+03:00
2026-10-05,AE,diesel,UAE,4.8,AED,liter,2026-10-03T14:01:37+03:00
2026-10-05,AE,gasoline,UAE,4.28,AED,liter,2026-10-03T14:01:37+03:00
2026-10-05,AE,gasoline_regular,UAE,4.21,AED,liter,2026-10-03T14:01:37+03:00
2026-10-05,AE,gasoline_super,UAE,4.4,AED,liter,2026-10-03T14:01:37+03:00
2026-10-05,AE,premium,UAE,4.4,AED,liter,2026-10-03T14:01:37+03:00
2026-10-05,AF,diesel,Afghanistan,79.1275,AFN,liter,2026-10-03T14:01:37+03:00
2026-10-05,AF,gasoline,Afghanistan,89,AFN,liter,2026-10-03T14:01:37+03:00
2026-10-05,AL,diesel,Albania,213.7289,ALL,liter,2026-10-03T14:01:37+03:00
2026-10-05,AL,diesel_premium,Albania,230,ALL,liter,2026-10-03T14:01:37+03:00
2026-10-05,AL,gasoline,Albania,193.4495,ALL,liter,2026-10-03T14:01:37+03:00
2026-10-05,AL,gasoline_premium,Albania,220,ALL,liter,2026-10-03T14:01:37+03:00
2026-10-05,AL,lpg,Albania,69.2062,ALL,liter,2026-10-03T14:01:37+03:00
2026-10-05,AL,premium,Albania,220,ALL,liter,2026-10-03T14:01:37+03:00
2026-10-05,AM,diesel,Armenia,695.8895,AMD,liter,2026-10-03T14:01:37+03:00
2026-10-05,AM,gasoline,Armenia,607.1632,AMD,liter,2026-10-03T14:01:37+03:00
2026-10-05,AM,gasoline_premium,Armenia,675,AMD,liter,2026-10-03T14:01:37+03:00
2026-10-05,AM,gasoline_regular,Armenia,600,AMD,liter,2026-10-03T14:01:37+03:00
2026-10-05,AM,lpg,Armenia,240,AMD,liter,2026-10-03T14:01:37+03:00
2026-10-05,AM,premium,Armenia,675,AMD,liter,2026-10-03T14:01:37+03:00
2026-10-05,AR,cng,Argentina,804,ARS,m3,2026-10-03T14:01:37+03:00
2026-10-05,AR,diesel,Argentina,2415.2022,ARS,liter,2026-10-03T14:01:37+03:00
2026-10-05,AR,diesel_premium,Argentina,2637.3056,ARS,liter,2026-10-03T14:01:37+03:00
2026-10-05,AR,gasoline,Argentina,2210.3087,ARS,liter,2026-10-03T14:01:37+03:00
2026-10-05,AR,gasoline_premium,Argentina,2474.2778,ARS,liter,2026-10-03T14:01:37+03:00
2026-10-05,AR,premium,Argentina,2474.2778,ARS,liter,2026-10-03T14:01:37+03:00
2026-10-05,AT,cng,Austria,1.799,EUR,kg,2026-10-03T14:01:37+03:00
2026-10-05,AT,diesel,Austria,2.2013,EUR,liter,2026-10-03T14:01:37+03:00
2026-10-05,AT,diesel_premium,Austria,2.4939,EUR,liter,2026-10-03T14:01:37+03:00
2026-10-05,AT,gasoline,Austria,1.8944,EUR,liter,2026-10-03T14:01:37+03:00
2026-10-05,AT,gasoline_premium,Austria,2.1316,EUR,liter,2026-10-03T14:01:37+03:00
2026-10-05,AT,gasoline_super,Austria,2.049,EUR,liter,2026-10-03T14:01:37+03:00
2026-10-05,AT,lpg,Austria,1.1665,EUR,liter,2026-10-03T14:01:37+03:00
2026-10-05,AT,premium,Austria,2.049,EUR,liter,2026-10-03T14:01:37+03:00
2026-10-05,AU,diesel,Australia,2.8708,AUD,liter,2026-10-03T14:01:37+03:00
2026-10-05,AU,diesel_premium,Australia,2.8823,AUD,liter,2026-10-03T14:01:37+03:00
2026-10-05,AU,e85,Australia,2.599,AUD,liter,2026-10-03T14:01:37+03:00
2026-10-05,AU,gasoline,Australia,2.399,AUD,liter,2026-10-03T14:01:37+03:00
2026-10-05,AU,gasoline_premium,Australia,2.5611,AUD,liter,2026-10-03T14:01:37+03:00
2026-10-05,AU,gasoline_super,Australia,2.662,AUD,liter,2026-10-03T14:01:37+03:00
2026-10-05,AU,lpg,Australia,1.3903,AUD,liter,2026-10-03T14:01:37+03:00
2026-10-05,AU,premium,Australia,2.662,AUD,liter,2026-10-03T14:01:37+03:00
2026-10-05,AZ,cng,Azerbaijan,0.4,AZN,m3,2026-10-03T14:01:37+03:00
2026-10-05,AZ,diesel,Azerbaijan,1.1,AZN,liter,2026-10-03T14:01:37+03:00
2026-10-05,AZ,gasoline,Azerbaijan,1.15,AZN,liter,2026-10-03T14:01:37+03:00
2026-10-05,AZ,gasoline_premium,Azerbaijan,1.6,AZN,liter,2026-10-03T14:01:37+03:00
2026-10-05,AZ,gasoline_super,Azerbaijan,2.3,AZN,liter,2026-10-03T14:01:37+03:00
2026-10-05,AZ,lpg,Azerbaijan,0.7,AZN,liter,2026-10-03T14:01:37+03:00
2026-10-05,AZ,premium,Azerbaijan,2.3,AZN,liter,2026-10-03T14:01:37+03:00
2026-10-05,BA,diesel,Bih,3.7802,BAM,liter,2026-10-03T14:01:37+03:00
2026-10-05,BA,gasoline,Bih,3.3775,BAM,liter,2026-10-03T14:01:37+03:00
2026-10-05,BA,gasoline_premium,Bih,3.51,BAM,liter,2026-10-03T14:01:37+03:00
2026-10-05,BA,lpg,Bih,1.3949,BAM,liter,2026-10-03T14:01:37+03:00
2026-10-05,BA,premium,Bih,3.51,BAM,liter,2026-10-03T14:01:37+03:00
2026-10-05,BB,diesel,Barbados,3.8,BBD,liter,2026-10-03T14:01:37+03:00
2026-10-05,BB,gasoline,Barbados,4.27,BBD,liter,2026-10-03T14:01:37+03:00
2026-10-05,BB,kerosene,Barbados,2.3,BBD,liter,2026-10-03T14:01:37+03:00
2026-10-05,BD,diesel,Bangladesh,135,BDT,liter,2026-10-03T14:01:37+03:00
2026-10-05,BD,gasoline,Bangladesh,160,BDT,liter,2026-10-03T14:01:37+03:00
2026-10-05,BD,gasoline_premium,Bangladesh,165,BDT,liter,2026-10-03T14:01:37+03:00
2026-10-05,BD,kerosene,Bangladesh,155,BDT,liter,2026-10-03T14:01:37+03:00
2026-10-05,BD,premium,Bangladesh,165,BDT,liter,2026-10-03T14:01:37+03:00
2026-10-05,BE,diesel,Belgium,2.4341,EUR,liter,2026-10-03T14:01:37+03:00
2026-10-05,BE,gasoline,Belgium,2.0638,EUR,liter,2026-10-03T14:01:37+03:00
2026-10-05,BE,gasoline_premium,Belgium,2.2511,EUR,liter,2026-10-03T14:01:37+03:00
2026-10-05,BE,lpg,Belgium,0.9597,EUR,liter,2026-10-03T14:01:37+03:00
2026-10-05,BE,premium,Belgium,2.2511,EUR,liter,2026-10-03T14:01:37+03:00
2026-10-05,BF,diesel,Burkina Faso,750,XOF,liter,2026-10-03T14:01:37+03:00
2026-10-05,BF,gasoline,Burkina Faso,850,XOF,liter,2026-10-03T14:01:37+03:00
2026-10-05,BF,kerosene,Burkina Faso,950,XOF,liter,2026-10-03T14:01:37+03:00
2026-10-05,BG,diesel,Bulgaria,1.8988,EUR,liter,2026-10-03T14:01:37+03:00
2026-10-05,BG,diesel_premium,Bulgaria,2.1041,EUR,liter,2026-10-03T14:01:37+03:00
2026-10-05,BG,gasoline,Bulgaria,1.6526,EUR,liter,2026-10-03T14:01:37+03:00
2026-10-05,BG,gasoline_super,Bulgaria,1.8665,EUR,liter,2026-10-03T14:01:37+03:00
2026-10-05,BG,lpg,Bulgaria,0.6362,EUR,liter,2026-10-03T14:01:37+03:00
2026-10-05,BG,premium,Bulgaria,1.8665,EUR,liter,2026-10-03T14:01:37+03:00
2026-10-05,BH,diesel,Bahrain,0.229,BHD,liter,2026-10-03T14:01:37+03:00
2026-10-05,BH,gasoline,Bahrain,0.225,BHD,liter,2026-10-03T14:01:37+03:00
2026-10-05,BH,gasoline_premium,Bahrain,0.247,BHD,liter,2026-10-03T14:01:37+03:00
2026-10-05,BH,gasoline_super,Bahrain,0.38,BHD,liter,2026-10-03T14:01:37+03:00
2026-10-05,BH,premium,Bahrain,0.38,BHD,liter,2026-10-03T14:01:37+03:00
2026-10-05,BO,cng,Bolivia,2.99,BOB,m3,2026-10-03T14:01:37+03:00
2026-10-05,BO,diesel,Bolivia,9.8,BOB,liter,2026-10-03T14:01:37+03:00
2026-10-05,BO,gasoline,Bolivia,6.96,BOB,liter,2026-10-03T14:01:37+03:00
2026-10-05,BO,gasoline_premium,Bolivia,11,BOB,liter,2026-10-03T14:01:37+03:00
2026-10-05,BO,premium,Bolivia,11,BOB,liter,2026-10-03T14:01:37+03:00
2026-10-05,BR,cng,Brazil,4.8432,BRL,m3,2026-10-03T14:01:37+03:00
2026-10-05,BR,diesel,Brazil,7.2172,BRL,liter,2026-10-03T14:01:37+03:00
2026-10-05,BR,e85,Brazil,4.318,BRL,liter,2026-10-03T14:01:37+03:00
2026-10-05,BR,gasoline,Brazil,6.593,BRL,liter,2026-10-03T14:01:37+03:00
2026-10-05,BR,gasoline_premium,Brazil,6.7701,BRL,liter,2026-10-03T14:01:37+03:00
2026-10-05,BR,premium,Brazil,6.7701,BRL,liter,2026-10-03T14:01:37+03:00
2026-10-05,BW,diesel,Botswana,20.93,BWP,liter,2026-10-03T14:01:37+03:00
2026-10-05,BW,gasoline,Botswana,18.21,BWP,liter,2026-10-03T14:01:37+03:00
2026-10-05,BW,kerosene,Botswana,18.33,BWP,liter,2026-10-03T14:01:37+03:00
2026-10-05,BY,diesel,Belarus,2.71,BYN,liter,2026-10-03T14:01:37+03:00
2026-10-05,BY,gasoline,Belarus,2.71,BYN,liter,2026-10-03T14:01:37+03:00
2026-10-05,BY,gasoline_premium,Belarus,2.93,BYN,liter,2026-10-03T14:01:37+03:00
2026-10-05,BY,gasoline_regular,Belarus,2.61,BYN,liter,2026-10-03T14:01:37+03:00
2026-10-05,BY,lpg,Belarus,1.3111,BYN,liter,2026-10-03T14:01:37+03:00
2026-10-05,BY,premium,Belarus,2.93,BYN,liter,2026-10-03T14:01:37+03:00
2026-10-05,BZ,diesel,Belize,14.6649,BZD,gallon,2026-10-03T14:01:37+03:00
2026-10-05,BZ,gasoline,Belize,14.2291,BZD,gallon,2026-10-03T14:01:37+03:00
2026-10-05,BZ,gasoline_premium,Belize,15.54,BZD,gallon,2026-10-03T14:01:37+03:00
2026-10-05,BZ,premium,Belize,15.54,BZD,gallon,2026-10-03T14:01:37+03:00
2026-10-05,CA,diesel,Canada,2.6077,CAD,liter,2026-10-03T14:01:37+03:00
2026-10-05,CA,gasoline,Canada,1.8365,CAD,liter,2026-10-03T14:01:37+03:00
2026-10-05,CA,gasoline_premium,Canada,1.9955,CAD,liter,2026-10-03T14:01:37+03:00
2026-10-05,CA,gasoline_super,Canada,2.1035,CAD,liter,2026-10-03T14:01:37+03:00
2026-10-05,CA,lpg,Canada,1.267,CAD,liter,2026-10-03T14:01:37+03:00
2026-10-05,CA,premium,Canada,2.1035,CAD,liter,2026-10-03T14:01:37+03:00
2026-10-05,CH,diesel,Switzerland,2.321,CHF,liter,2026-10-03T14:01:37+03:00
2026-10-05,CH,gasoline,Switzerland,2.0593,CHF,liter,2026-10-03T14:01:37+03:00
2026-10-05,CH,gasoline_premium,Switzerland,2.25,CHF,liter,2026-10-03T14:01:37+03:00
2026-10-05,CH,lpg,Switzerland,1.187,CHF,liter,2026-10-03T14:01:37+03:00
2026-10-05,CH,premium,Switzerland,2.25,CHF,liter,2026-10-03T14:01:37+03:00
2026-10-05,CI,diesel,Ivory Coast,725,XOF,liter,2026-10-03T14:01:37+03:00
2026-10-05,CI,gasoline,Ivory Coast,905,XOF,liter,2026-10-03T14:01:37+03:00
2026-10-05,CI,kerosene,Ivory Coast,780,XOF,liter,2026-10-03T14:01:37+03:00
2026-10-05,CL,cng,Chile,906,CLP,m3,2026-10-03T14:01:37+03:00
2026-10-05,CL,diesel,Chile,1435.7942,CLP,liter,2026-10-03T14:01:37+03:00
2026-10-05,CL,gasoline,Chile,1514.2327,CLP,liter,2026-10-03T14:01:37+03:00
2026-10-05,CL,gasoline_premium,Chile,1522.1778,CLP,liter,2026-10-03T14:01:37+03:00
2026-10-05,CL,gasoline_super,Chile,1563.2028,CLP,liter,2026-10-03T14:01:37+03:00
2026-10-05,CL,lpg,Chile,681.5,CLP,liter,2026-10-03T14:01:37+03:00
2026-10-05,CL,premium,Chile,1563.2028,CLP,liter,2026-10-03T14:01:37+03:00
2026-10-05,CN,diesel,China,8.3082,CNY,liter,2026-10-03T14:01:37+03:00
2026-10-05,CN,gasoline,China,8.6098,CNY,liter,2026-10-03T14:01:37+03:00
2026-10-05,CN,gasoline_premium,China,9.1267,CNY,liter,2026-10-03T14:01:37+03:00
2026-10-05,CN,gasoline_super,China,10.6609,CNY,liter,2026-10-03T14:01:37+03:00
2026-10-05,CN,premium,China,10.6609,CNY,liter,2026-10-03T14:01:37+03:00
2026-10-05,CO,cng,Colombia,3499,COP,m3,2026-10-03T14:01:37+03:00
2026-10-05,CO,diesel,Colombia,11219,COP,gallon,2026-10-03T14:01:37+03:00
2026-10-05,CO,diesel_premium,Colombia,11450,COP,gallon,2026-10-03T14:01:37+03:00
2026-10-05,CO,gasoline,Colombia,15977.25,COP,gallon,2026-10-03T14:01:37+03:00
2026-10-05,CO,gasoline_premium,Colombia,22050,COP,gallon,2026-10-03T14:01:37+03:00
2026-10-05,CO,lpg,Colombia,2490,COP,gallon,2026-10-03T14:01:37+03:00
2026-10-05,CO,premium,Colombia,22050,COP,gallon,2026-10-03T14:01:37+03:00
2026-10-05,CR,diesel,Costa Rica,688,CRC,liter,2026-10-03T14:01:37+03:00
2026-10-05,CR,gasoline,Costa Rica,707,CRC,liter,2026-10-03T14:01:37+03:00
2026-10-05,CR,gasoline_premium,Costa Rica,726,CRC,liter,2026-10-03T14:01:37+03:00
2026-10-05,CR,premium,Costa Rica,726,CRC,liter,2026-10-03T14:01:37+03:00
2026-10-05,CU,diesel,Cuba,132,CUP,liter,2026-10-03T14:01:37+03:00
2026-10-05,CU,diesel_premium,Cuba,150,CUP,liter,2026-10-03T14:01:37+03:00
2026-10-05,CU,gasoline,Cuba,132,CUP,liter,2026-10-03T14:01:37+03:00
2026-10-05,CU,gasoline_premium,Cuba,156,CUP,liter,2026-10-03T14:01:37+03:00
2026-10-05,CU,gasoline_regular,Cuba,114,CUP,liter,2026-10-03T14:01:37+03:00
2026-10-05,CU,gasoline_super,Cuba,198,CUP,liter,2026-10-03T14:01:37+03:00
2026-10-05,CU,premium,Cuba,198,CUP,liter,2026-10-03T14:01:37+03:00
2026-10-05,CV,diesel,Cape Verde,190.3,CVE,liter,2026-10-03T14:01:37+03:00
2026-10-05,CV,gasoline,Cape Verde,197.2,CVE,liter,2026-10-03T14:01:37+03:00
2026-10-05,CY,diesel,Cyprus,1.9327,EUR,liter,2026-10-03T14:01:37+03:00
2026-10-05,CY,gasoline,Cyprus,1.7336,EUR,liter,2026-10-03T14:01:37+03:00
2026-10-05,CY,gasoline_premium,Cyprus,1.778,EUR,liter,2026-10-03T14:01:37+03:00
2026-10-05,CY,premium,Cyprus,1.778,EUR,liter,2026-10-03T14:01:37+03:00
2026-10-05,CZ,cng,Czech Republic,44.8,CZK,kg,2026-10-03T14:01:37+03:00
2026-10-05,CZ,diesel,Czech Republic,49.2774,CZK,liter,2026-10-03T14:01:37+03:00
2026-10-05,CZ,diesel_premium,Czech Republic,47.5,CZK,liter,2026-10-03T14:01:37+03:00
2026-10-05,CZ,gasoline,Czech Republic,45.2136,CZK,liter,2026-10-03T14:01:37+03:00
2026-10-05,CZ,gasoline_premium,Czech Republic,48.1,CZK,liter,2026-10-03T14:01:37+03:00
2026-10-05,CZ,lpg,Czech Republic,21.4641,CZK,liter,2026-10-03T14:01:37+03:00
2026-10-05,CZ,premium,Czech Republic,48.1,CZK,liter,2026-10-03T14:01:37+03:00
2026-10-05,DE,diesel,Germany,2.3838,EUR,liter,2026-10-03T14:01:37+03:00
2026-10-05,DE,diesel_premium,Germany,2.5662,EUR,liter,2026-10-03T14:01:37+03:00
2026-10-05,DE,gasoline,Germany,2.2901,EUR,liter,2026-10-03T14:01:37+03:00
2026-10-05,DE,gasoline_premium,Germany,2.27,EUR,liter,2026-10-03T14:01:37+03:00
2026-10-05,DE,lpg,Germany,1.1395,EUR,liter,2026-10-03T14:01:37+03:00
2026-10-05,DE,premium,Germany,2.27,EUR,liter,2026-10-03T14:01:37+03:00
2026-10-05,DK,diesel,Denmark,18.8616,DKK,liter,2026-10-03T14:01:37+03:00
2026-10-05,DK,diesel_premium,Denmark,19.8028,DKK,liter,2026-10-03T14:01:37+03:00
2026-10-05,DK,gasoline,Denmark,17.7368,DKK,liter,2026-10-03T14:01:37+03:00
2026-10-05,DK,gasoline_premium,Denmark,19.5693,DKK,liter,2026-10-03T14:01:37+03:00
2026-10-05,DK,premium,Denmark,19.5693,DKK,liter,2026-10-03T14:01:37+03:00
2026-10-05,DO,diesel,Dominican Republic,270.8,DOP,gallon,2026-10-03T14:01:37+03:00
2026-10-05,DO,diesel_premium,Dominican Republic,306.1,DOP,gallon,2026-10-03T14:01:37+03:00
2026-10-05,DO,gasoline,Dominican Republic,317.5,DOP,gallon,2026-10-03T14:01:37+03:00
2026-10-05,DO,gasoline_premium,Dominican Republic,353.1,DOP,gallon,2026-10-03T14:01:37+03:00
2026-10-05,DO,kerosene,Dominican Republic,380.1,DOP,gallon,2026-10-03T14:01:37+03:00
2026-10-05,DO,lpg,Dominican Republic,135.2,DOP,gallon,2026-10-03T14:01:37+03:00
2026-10-05,DO,premium,Dominican Republic,353.1,DOP,gallon,2026-10-03T14:01:37+03:00
2026-10-05,DZ,diesel,Algeria,31,DZD,liter,2026-10-03T14:01:37+03:00
2026-10-05,DZ,gasoline,Algeria,47,DZD,liter,2026-10-03T14:01:37+03:00
2026-10-05,DZ,lpg,Algeria,12.3846,DZD,liter,2026-10-03T14:01:37+03:00
2026-10-05,EC,diesel,Ecuador,3.15,USD,gallon,2026-10-03T14:01:37+03:00
2026-10-05,EC,gasoline,Ecuador,3.21,USD,gallon,2026-10-03T14:01:37+03:00
2026-10-05,EC,gasoline_premium,Ecuador,4.74,USD,gallon,2026-10-03T14:01:37+03:00
2026-10-05,EC,premium,Ecuador,4.74,USD,gallon,2026-10-03T14:01:37+03:00
2026-10-05,EE,diesel,Estonia,2.1039,EUR,liter,2026-10-03T14:01:37+03:00
2026-10-05,EE,gasoline,Estonia,1.9248,EUR,liter,2026-10-03T14:01:37+03:00
2026-10-05,EE,gasoline_premium,Estonia,1.986,EUR,liter,2026-10-03T14:01:37+03:00
2026-10-05,EE,lpg,Estonia,1.0032,EUR,liter,2026-10-03T14:01:37+03:00
2026-10-05,EE,premium,Estonia,1.986,EUR,liter,2026-10-03T14:01:37+03:00
2026-10-05,EG,diesel,Egypt,20.5,EGP,liter,2026-10-03T14:01:37+03:00
2026-10-05,EG,gasoline,Egypt,22.25,EGP,liter,2026-10-03T14:01:37+03:00
2026-10-05,EG,gasoline_premium,Egypt,24,EGP,liter,2026-10-03T14:01:37+03:00
2026-10-05,EG,gasoline_regular,Egypt,20.75,EGP,liter,2026-10-03T14:01:37+03:00
2026-10-05,EG,kerosene,Egypt,20.5,EGP,liter,2026-10-03T14:01:37+03:00
2026-10-05,EG,premium,Egypt,24,EGP,liter,2026-10-03T14:01:37+03:00
2026-10-05,ES,cng,Spain,1.8815,EUR,kg,2026-10-03T14:01:37+03:00
2026-10-05,ES,diesel,Spain,1.9597,EUR,liter,2026-10-03T14:01:37+03:00
2026-10-05,ES,diesel_premium,Spain,2.0549,EUR,liter,2026-10-03T14:01:37+03:00
2026-10-05,ES,gasoline,Spain,1.8722,EUR,liter,2026-10-03T14:01:37+03:00
2026-10-05,ES,gasoline_premium,Spain,1.9815,EUR,liter,2026-10-03T14:01:37+03:00
2026-10-05,ES,lpg,Spain,1.128,EUR,liter,2026-10-03T14:01:37+03:00
2026-10-05,ES,premium,Spain,1.9815,EUR,liter,2026-10-03T14:01:37+03:00
2026-10-05,ET,diesel,Ethiopia,180.46,ETB,liter,2026-10-03T14:01:37+03:00
2026-10-05,ET,gasoline,Ethiopia,167.41,ETB,liter,2026-10-03T14:01:37+03:00
2026-10-05,ET,kerosene,Ethiopia,320.66,ETB,liter,2026-10-03T14:01:37+03:00
2026-10-05,FI,diesel,Finland,2.4898,EUR,liter,2026-10-03T14:01:37+03:00
2026-10-05,FI,gasoline,Finland,2.2984,EUR,liter,2026-10-03T14:01:37+03:00
2026-10-05,FI,gasoline_premium,Finland,2.359,EUR,liter,2026-10-03T14:01:37+03:00
2026-10-05,FI,premium,Finland,2.359,EUR,liter,2026-10-03T14:01:37+03:00
2026-10-05,FJ,diesel,Fiji,3.41,FJD,liter,2026-10-03T14:01:37+03:00
2026-10-05,FJ,gasoline,Fiji,3.15,FJD,liter,2026-10-03T14:01:37+03:00
2026-10-05,FJ,kerosene,Fiji,2.67,FJD,liter,2026-10-03T14:01:37+03:00
2026-10-05,FM,diesel,Micronesia,0.9344,EUR,liter,2026-05-02T15:49:36+03:00
2026-10-05,FM,gasoline,Micronesia,0.9794,EUR,liter,2026-05-02T15:49:36+03:00
2026-10-05,FO,diesel,Faroe Islands,16.13,DKK,liter,2026-10-03T14:01:37+03:00
2026-10-05,FO,gasoline,Faroe Islands,15.56,DKK,liter,2026-10-03T14:01:37+03:00
2026-10-05,FO,gasoline_premium,Faroe Islands,18.45,DKK,liter,2026-10-03T14:01:37+03:00
2026-10-05,FO,premium,Faroe Islands,18.45,DKK,liter,2026-10-03T14:01:37+03:00
2026-10-05,FR,diesel,France,2.3833,EUR,liter,2026-10-03T14:01:37+03:00
2026-10-05,FR,diesel_premium,France,2.377,EUR,liter,2026-10-03T14:01:37+03:00
2026-10-05,FR,e85,France,0.8965,EUR,liter,2026-10-03T14:01:37+03:00
2026-10-05,FR,gasoline,France,2.1884,EUR,liter,2026-10-03T14:01:37+03:00
2026-10-05,FR,gasoline_premium,France,2.2584,EUR,liter,2026-10-03T14:01:37+03:00
2026-10-05,FR,lpg,France,1.0495,EUR,liter,2026-10-03T14:01:37+03:00
2026-10-05,FR,premium,France,2.2584,EUR,liter,2026-10-03T14:01:37+03:00
2026-10-05,GB,diesel,United Kingdom,1.991,GBP,liter,2026-10-03T14:01:37+03:00
2026-10-05,GB,diesel_premium,United Kingdom,2.1822,GBP,liter,2026-10-03T14:01:37+03:00
2026-10-05,GB,gasoline,United Kingdom,1.7454,GBP,liter,2026-10-03T14:01:37+03:00
2026-10-05,GB,gasoline_premium,United Kingdom,1.9315,GBP,liter,2026-10-03T14:01:37+03:00
2026-10-05,GB,lpg,United Kingdom,0.98,GBP,liter,2026-10-03T14:01:37+03:00
2026-10-05,GB,premium,United Kingdom,1.9315,GBP,liter,2026-10-03T14:01:37+03:00
2026-10-05,GD,diesel,Grenada,17,XCD,imperial_gallon,2026-10-03T14:01:37+03:00
2026-10-05,GD,gasoline,Grenada,17,XCD,imperial_gallon,2026-10-03T14:01:37+03:00
2026-10-05,GD,kerosene,Grenada,16.86,XCD,imperial_gallon,2026-10-03T14:01:37+03:00
2026-10-05,GE,cng,Georgia,1.6,GEL,m3,2026-10-03T14:01:37+03:00
2026-10-05,GE,diesel,Georgia,4.7853,GEL,liter,2026-10-03T14:01:37+03:00
2026-10-05,GE,diesel_premium,Georgia,4.9204,GEL,liter,2026-10-03T14:01:37+03:00
2026-10-05,GE,gasoline,Georgia,4.1876,GEL,liter,2026-10-03T14:01:37+03:00
2026-10-05,GE,gasoline_premium,Georgia,4.5531,GEL,liter,2026-10-03T14:01:37+03:00
2026-10-05,GE,gasoline_regular,Georgia,3.91,GEL,liter,2026-10-03T14:01:37+03:00
2026-10-05,GE,lpg,Georgia,1.9108,GEL,liter,2026-10-03T14:01:37+03:00
2026-10-05,GE,premium,Georgia,4.5531,GEL,liter,2026-10-03T14:01:37+03:00
2026-10-05,GH,diesel,Ghana,18.1923,GHS,liter,2026-10-03T14:01:37+03:00
2026-10-05,GH,gasoline,Ghana,16.823,GHS,liter,2026-10-03T14:01:37+03:00
2026-10-05,GH,gasoline_premium,Ghana,19.0829,GHS,liter,2026-10-03T14:01:37+03:00
2026-10-05,GH,kerosene,Ghana,18.38,GHS,liter,2026-10-03T14:01:37+03:00
2026-10-05,GH,lpg,Ghana,16.562,GHS,kg,2026-10-03T14:01:37+03:00
2026-10-05,GH,premium,Ghana,19.0829,GHS,liter,2026-10-03T14:01:37+03:00
2026-10-05,GM,diesel,Gambia,120,GMD,liter,2026-10-03T14:01:37+03:00
2026-10-05,GM,gasoline,Gambia,109.8,GMD,liter,2026-10-03T14:01:37+03:00
2026-10-05,GM,kerosene,Gambia,112.64,GMD,liter,2026-10-03T14:01:37+03:00
2026-10-05,GN,diesel,Guinea,12000,GNF,liter,2026-10-03T14:01:37+03:00
2026-10-05,GN,gasoline,Guinea,12000,GNF,liter,2026-10-03T14:01:37+03:00
2026-10-05,GR,diesel,Greece,2.1336,EUR,liter,2026-10-03T14:01:37+03:00
2026-10-05,GR,diesel_premium,Greece,2.22,EUR,liter,2026-10-03T14:01:37+03:00
2026-10-05,GR,gasoline,Greece,2.2094,EUR,liter,2026-10-03T14:01:37+03:00
2026-10-05,GR,gasoline_super,Greece,2.421,EUR,liter,2026-10-03T14:01:37+03:00
2026-10-05,GR,lpg,Greece,1.0952,EUR,liter,2026-10-03T14:01:37+03:00
2026-10-05,GR,premium,Greece,2.421,EUR,liter,2026-10-03T14:01:37+03:00
2026-10-05,GT,diesel,Guatemala,45.6154,GTQ,gallon,2026-10-03T14:01:37+03:00
2026-10-05,GT,gasoline,Guatemala,39.2108,GTQ,gallon,2026-10-03T14:01:37+03:00
2026-10-05,GT,gasoline_premium,Guatemala,40.9462,GTQ,gallon,2026-10-03T14:01:37+03:00
2026-10-05,GT,premium,Guatemala,40.9462,GTQ,gallon,2026-10-03T14:01:37+03:00
2026-10-05,GW,diesel,Guinea-Bissau,898,XOF,liter,2026-10-03T14:01:37+03:00
2026-10-05,GW,gasoline,Guinea-Bissau,899,XOF,liter,2026-10-03T14:01:37+03:00
2026-10-05,GY,diesel,Guyana,318,GYD,liter,2026-10-03T14:01:37+03:00
2026-10-05,GY,gasoline,Guyana,258,GYD,liter,2026-10-03T14:01:37+03:00
2026-10-05,GY,kerosene,Guyana,230,GYD,liter,2026-10-03T14:01:37+03:00
2026-10-05,HK,diesel,Hong Kong,37.18,HKD,liter,2026-10-03T14:01:37+03:00
2026-10-05,HK,gasoline,Hong Kong,34.62,HKD,liter,2026-10-03T14:01:37+03:00
2026-10-05,HK,gasoline_premium,Hong Kong,36.33,HKD,liter,2026-10-03T14:01:37+03:00
2026-10-05,HK,lpg,Hong Kong,4.19,HKD,liter,2026-10-03T14:01:37+03:00
2026-10-05,HK,premium,Hong Kong,36.33,HKD,liter,2026-10-03T14:01:37+03:00
2026-10-05,HN,diesel,Honduras,148.01,HNL,gallon,2026-10-03T14:01:37+03:00
2026-10-05,HN,gasoline,Honduras,130.51,HNL,gallon,2026-10-03T14:01:37+03:00
2026-10-05,HN,gasoline_premium,Honduras,143.73,HNL,gallon,2026-10-03T14:01:37+03:00
2026-10-05,HN,kerosene,Honduras,129.86,HNL,gallon,2026-10-03T14:01:37+03:00
2026-10-05,HN,lpg,Honduras,49.94,HNL,gallon,2026-10-03T14:01:37+03:00
2026-10-05,HN,premium,Honduras,143.73,HNL,gallon,2026-10-03T14:01:37+03:00
2026-10-05,HR,diesel,Croatia,1.9354,EUR,liter,2026-10-03T14:01:37+03:00
2026-10-05,HR,diesel_premium,Croatia,2.125,EUR,liter,2026-10-03T14:01:37+03:00
2026-10-05,HR,gasoline,Croatia,1.7792,EUR,liter,2026-10-03T14:01:37+03:00
2026-10-05,HR,gasoline_super,Croatia,2.3833,EUR,liter,2026-10-03T14:01:37+03:00
2026-10-05,HR,lpg,Croatia,0.8465,EUR,liter,2026-10-03T14:01:37+03:00
2026-10-05,HR,premium,Croatia,2.3833,EUR,liter,2026-10-03T14:01:37+03:00
2026-10-05,HT,diesel,Haiti,203.4126,HTG,liter,2026-10-03T14:01:37+03:00
2026-10-05,HT,gasoline,Haiti,184.9205,HTG,liter,2026-10-03T14:01:37+03:00
2026-10-05,HT,kerosene,Haiti,202.0917,HTG,liter,2026-10-03T14:01:37+03:00
2026-10-05,HU,cng,Hungary,850,HUF,kg,2026-10-03T14:01:37+03:00
2026-10-05,HU,diesel,Hungary,709.6429,HUF,liter,2026-10-03T14:01:37+03:00
2026-10-05,HU,diesel_premium,Hungary,806,HUF,liter,2026-10-03T14:01:37+03:00
2026-10-05,HU,gasoline,Hungary,632.3214,HUF,liter,2026-10-03T14:01:37+03:00
2026-10-05,HU,gasoline_premium,Hungary,720,HUF,liter,2026-10-03T14:01:37+03:00
2026-10-05,HU,lpg,Hungary,351.3478,HUF,liter,2026-10-03T14:01:37+03:00
2026-10-05,HU,premium,Hungary,720,HUF,liter,2026-10-03T14:01:37+03:00
2026-10-05,ID,diesel,Indonesia,24007.6923,IDR,liter,2026-10-03T14:01:37+03:00
2026-10-05,ID,gasoline,Indonesia,16165.3846,IDR,liter,2026-10-03T14:01:37+03:00
2026-10-05,ID,gasoline_premium,Indonesia,19846.1538,IDR,liter,2026-10-03T14:01:37+03:00
2026-10-05,ID,premium,Indonesia,19846.1538,IDR,liter,2026-10-03T14:01:37+03:00
2026-10-05,IE,diesel,Ireland,2.0396,EUR,liter,2026-10-03T14:01:37+03:00
2026-10-05,IE,gasoline,Ireland,1.9168,EUR,liter,2026-10-03T14:01:37+03:00
2026-10-05,IL,diesel,Israel,7.8873,ILS,liter,2026-10-03T14:01:37+03:00
2026-10-05,IL,gasoline,Israel,8.27,ILS,liter,2026-10-03T14:01:37+03:00
2026-10-05,IN,cng,India,86.98,INR,kg,2026-10-03T14:01:37+03:00
2026-10-05,IN,diesel,India,95.2,INR,liter,2026-10-03T14:01:37+03:00
2026-10-05,IN,gasoline,India,102.12,INR,liter,2026-10-03T14:01:37+03:00
2026-10-05,IQ,diesel,Iraq,400,IQD,liter,2026-10-03T14:01:37+03:00
2026-10-05,IQ,gasoline,Iraq,850,IQD,liter,2026-10-03T14:01:37+03:00
2026-10-05,IQ,gasoline_regular,Iraq,450,IQD,liter,2026-10-03T14:01:37+03:00
2026-10-05,IQ,gasoline_super,Iraq,1250,IQD,liter,2026-10-03T14:01:37+03:00
2026-10-05,IQ,kerosene,Iraq,150,IQD,liter,2026-10-03T14:01:37+03:00
2026-10-05,IQ,premium,Iraq,1250,IQD,liter,2026-10-03T14:01:37+03:00
2026-10-05,IS,diesel,Iceland,315.5164,ISK,liter,2026-10-03T14:01:37+03:00
2026-10-05,IS,gasoline,Iceland,272.4611,ISK,liter,2026-10-03T14:01:37+03:00
2026-10-05,IT,cng,Italy,1.8986,EUR,kg,2026-10-03T14:01:37+03:00
2026-10-05,IT,diesel,Italy,2.3038,EUR,liter,2026-10-03T14:01:37+03:00
2026-10-05,IT,diesel_premium,Italy,2.3928,EUR,liter,2026-10-03T14:01:37+03:00
2026-10-05,IT,gasoline,Italy,2.1071,EUR,liter,2026-10-03T14:01:37+03:00
2026-10-05,IT,gasoline_premium,Italy,2.2596,EUR,liter,2026-10-03T14:01:37+03:00
2026-10-05,IT,gasoline_super,Italy,2.3859,EUR,liter,2026-10-03T14:01:37+03:00
2026-10-05,IT,lpg,Italy,0.7529,EUR,liter,2026-10-03T14:01:37+03:00
2026-10-05,IT,premium,Italy,2.3859,EUR,liter,2026-10-03T14:01:37+03:00
2026-10-05,JM,diesel,Jamaica,264.7052,JMD,liter,2026-10-03T14:01:37+03:00
2026-10-05,JM,gasoline,Jamaica,230.1764,JMD,liter,2026-10-03T14:01:37+03:00
2026-10-05,JM,gasoline_premium,Jamaica,240.8293,JMD,liter,2026-10-03T14:01:37+03:00
2026-10-05,JM,kerosene,Jamaica,217.6659,JMD,liter,2026-10-03T14:01:37+03:00
2026-10-05,JM,premium,Jamaica,240.8293,JMD,liter,2026-10-03T14:01:37+03:00
2026-10-05,JO,diesel,Jordan,0.9,JOD,liter,2026-10-03T14:01:37+03:00
2026-10-05,JO,gasoline,Jordan,1.05,JOD,liter,2026-10-03T14:01:37+03:00
2026-10-05,JO,gasoline_premium,Jordan,1.36,JOD,liter,2026-10-03T14:01:37+03:00
2026-10-05,JO,gasoline_super,Jordan,1.51,JOD,liter,2026-10-03T14:01:37+03:00
2026-10-05,JO,kerosene,Jordan,0.55,JOD,liter,2026-10-03T14:01:37+03:00
2026-10-05,JO,premium,Jordan,1.51,JOD,liter,2026-10-03T14:01:37+03:00
2026-10-05,JP,diesel,Japan,151.9804,JPY,liter,2026-10-03T14:01:37+03:00
2026-10-05,JP,gasoline,Japan,163.6431,JPY,liter,2026-10-03T14:01:37+03:00
2026-10-05,JP,gasoline_premium,Japan,174.3922,JPY,liter,2026-10-03T14:01:37+03:00
2026-10-05,JP,lpg,Japan,138.2,JPY,liter,2026-10-03T14:01:37+03:00
2026-10-05,JP,premium,Japan,174.3922,JPY,liter,2026-10-03T14:01:37+03:00
2026-10-05,KE,diesel,Kenya,217,KES,liter,2026-10-03T14:01:37+03:00
2026-10-05,KE,gasoline,Kenya,214,KES,liter,2026-10-03T14:01:37+03:00
2026-10-05,KE,kerosene,Kenya,191.38,KES,liter,2026-10-03T14:01:37+03:00
2026-10-05,KG,diesel,Kyrgyzstan,100.3739,KGS,liter,2026-10-03T14:01:37+03:00
2026-10-05,KG,gasoline,Kyrgyzstan,88.4106,KGS,liter,2026-10-03T14:01:37+03:00
2026-10-05,KG,gasoline_premium,Kyrgyzstan,109.8533,KGS,liter,2026-10-03T14:01:37+03:00
2026-10-05,KG,gasoline_super,Kyrgyzstan,149.9,KGS,liter,2026-10-03T14:01:37+03:00
2026-10-05,KG,lpg,Kyrgyzstan,48.8,KGS,liter,2026-10-03T14:01:37+03:00
2026-10-05,KG,premium,Kyrgyzstan,149.9,KGS,liter,2026-10-03T14:01:37+03:00
2026-10-05,KH,diesel,Cambodia,5800,KHR,liter,2026-10-03T14:01:37+03:00
2026-10-05,KH,gasoline,Cambodia,5183.3333,KHR,liter,2026-10-03T14:01:37+03:00
2026-10-05,KH,gasoline_premium,Cambodia,6250,KHR,liter,2026-10-03T14:01:37+03:00
2026-10-05,KH,premium,Cambodia,6250,KHR,liter,2026-10-03T14:01:37+03:00
2026-10-05,KN,gasoline,Saint Kitts and Nevis,16.93,XCD,imperial_gallon,2026-10-03T14:01:37+03:00
2026-10-05,KR,diesel,South Korea,1843.5816,KRW,liter,2026-10-03T14:01:37+03:00
2026-10-05,KR,gasoline,South Korea,1857.8413,KRW,liter,2026-10-03T14:01:37+03:00
2026-10-05,KR,gasoline_premium,South Korea,2343.5,KRW,liter,2026-10-03T14:01:37+03:00
2026-10-05,KR,kerosene,South Korea,1572.65,KRW,liter,2026-10-03T14:01:37+03:00
2026-10-05,KR,lpg,South Korea,1096.37,KRW,liter,2026-10-03T14:01:37+03:00
2026-10-05,KR,premium,South Korea,2343.5,KRW,liter,2026-10-03T14:01:37+03:00
2026-10-05,KU,diesel,Kurdistan Region,1350,IQD,liter,2026-10-03T14:01:37+03:00
2026-10-05,KU,gasoline,Kurdistan Region,1080,IQD,liter,2026-10-03T14:01:37+03:00
2026-10-05,KU,gasoline_premium,Kurdistan Region,1450,IQD,liter,2026-10-03T14:01:37+03:00
2026-10-05,KU,premium,Kurdistan Region,1450,IQD,liter,2026-10-03T14:01:37+03:00
2026-10-05,KW,diesel,Kuwait,0.115,KWD,liter,2026-10-03T14:01:37+03:00
2026-10-05,KW,gasoline,Kuwait,0.085,KWD,liter,2026-10-03T14:01:37+03:00
2026-10-05,KW,gasoline_premium,Kuwait,0.105,KWD,liter,2026-10-03T14:01:37+03:00
2026-10-05,KW,gasoline_super,Kuwait,0.275,KWD,liter,2026-10-03T14:01:37+03:00
2026-10-05,KW,kerosene,Kuwait,0.115,KWD,liter,2026-10-03T14:01:37+03:00
2026-10-05,KW,premium,Kuwait,0.275,KWD,liter,2026-10-03T14:01:37+03:00
2026-10-05,KY,diesel,Cayman Islands,6.37,KYD,imperial_gallon,2026-10-03T14:01:37+03:00
2026-10-05,KY,gasoline,Cayman Islands,5.78,KYD,imperial_gallon,2026-10-03T14:01:37+03:00
2026-10-05,KY,gasoline_premium,Cayman Islands,6.37,KYD,imperial_gallon,2026-10-03T14:01:37+03:00
2026-10-05,KY,premium,Cayman Islands,6.37,KYD,imperial_gallon,2026-10-03T14:01:37+03:00
2026-10-05,KZ,diesel,Kazakhstan,342.0059,KZT,liter,2026-10-03T14:01:37+03:00
2026-10-05,KZ,gasoline,Kazakhstan,312.2797,KZT,liter,2026-10-03T14:01:37+03:00
2026-10-05,KZ,gasoline_premium,Kazakhstan,352.7256,KZT,liter,2026-10-03T14:01:37+03:00
2026-10-05,KZ,gasoline_regular,Kazakhstan,245.6149,KZT,liter,2026-10-03T14:01:37+03:00
2026-10-05,KZ,lpg,Kazakhstan,105.1485,KZT,liter,2026-10-03T14:01:37+03:00
2026-10-05,KZ,premium,Kazakhstan,352.7256,KZT,liter,2026-10-03T14:01:37+03:00
2026-10-05,LA,diesel,Laos,33898.463,LAK,liter,2026-10-03T14:01:37+03:00
2026-10-05,LA,gasoline,Laos,34458.5407,LAK,liter,2026-10-03T14:01:37+03:00
2026-10-05,LA,gasoline_premium,Laos,43380,LAK,liter,2026-10-03T14:01:37+03:00
2026-10-05,LA,premium,Laos,43380,LAK,liter,2026-10-03T14:01:37+03:00
2026-10-05,LB,diesel,Lebanon,136300,LBP,liter,2026-10-03T14:01:37+03:00
2026-10-05,LB,gasoline,Lebanon,141850,LBP,liter,2026-10-03T14:01:37+03:00
2026-10-05,LB,gasoline_premium,Lebanon,142700,LBP,liter,2026-10-03T14:01:37+03:00
2026-10-05,LB,lpg,Lebanon,66650,LBP,liter,2026-10-03T14:01:37+03:00
2026-10-05,LB,premium,Lebanon,142700,LBP,liter,2026-10-03T14:01:37+03:00
2026-10-05,LC,diesel,Saint Lucia,3.79,XCD,liter,2026-10-03T14:01:37+03:00
2026-10-05,LC,gasoline,Saint Lucia,3.79,XCD,liter,2026-10-03T14:01:37+03:00
2026-10-05,LC,kerosene,Saint Lucia,2.29,XCD,liter,2026-10-03T14:01:37+03:00
2026-10-05,LI,diesel,Liechtenstein,2.3393,CHF,liter,2026-10-03T14:01:37+03:00
2026-10-05,LI,gasoline,Liechtenstein,2.12,CHF,liter,2026-10-03T14:01:37+03:00
2026-10-05,LI,gasoline_premium,Liechtenstein,2.22,CHF,liter,2026-10-03T14:01:37+03:00
2026-10-05,LI,premium,Liechtenstein,2.22,CHF,liter,2026-10-03T14:01:37+03:00
2026-10-05,LK,diesel,Sri Lanka,392,LKR,liter,2026-10-03T14:01:37+03:00
2026-10-05,LK,diesel_premium,Sri Lanka,528,LKR,liter,2026-10-03T14:01:37+03:00
2026-10-05,LK,gasoline,Sri Lanka,414,LKR,liter,2026-10-03T14:01:37+03:00
2026-10-05,LK,gasoline_premium,Sri Lanka,475,LKR,liter,2026-10-03T14:01:37+03:00
2026-10-05,LK,kerosene,Sri Lanka,285,LKR,liter,2026-10-03T14:01:37+03:00
2026-10-05,LK,premium,Sri Lanka,475,LKR,liter,2026-10-03T14:01:37+03:00
2026-10-05,LR,diesel,Liberia,315.0112,LRD,liter,2026-10-03T14:01:37+03:00
2026-10-05,LR,gasoline,Liberia,257.6771,LRD,liter,2026-10-03T14:01:37+03:00
2026-10-05,LS,diesel,Lesotho,30.95,LSL,liter,2026-10-03T14:01:37+03:00
2026-10-05,LS,gasoline,Lesotho,24.5,LSL,liter,2026-10-03T14:01:37+03:00
2026-10-05,LS,gasoline_premium,Lesotho,24.8,LSL,liter,2026-10-03T14:01:37+03:00
2026-10-05,LS,premium,Lesotho,24.8,LSL,liter,2026-10-03T14:01:37+03:00
2026-10-05,LT,diesel,Lithuania,2.2298,EUR,liter,2026-10-03T14:01:37+03:00
2026-10-05,LT,diesel_premium,Lithuania,2.296,EUR,liter,2026-10-03T14:01:37+03:00
2026-10-05,LT,gasoline,Lithuania,1.9258,EUR,liter,2026-10-03T14:01:37+03:00
2026-10-05,LT,gasoline_premium,Lithuania,2.0108,EUR,liter,2026-10-03T14:01:37+03:00
2026-10-05,LT,lpg,Lithuania,0.8155,EUR,liter,2026-10-03T14:01:37+03:00
2026-10-05,LT,premium,Lithuania,2.0108,EUR,liter,2026-10-03T14:01:37+03:00
2026-10-05,LU,diesel,Luxembourg,2.0284,EUR,liter,2026-10-03T14:01:37+03:00
2026-10-05,LU,gasoline,Luxembourg,1.8218,EUR,liter,2026-10-03T14:01:37+03:00
2026-10-05,LU,gasoline_premium,Luxembourg,1.9002,EUR,liter,2026-10-03T14:01:37+03:00
2026-10-05,LU,lpg,Luxembourg,0.8319,EUR,liter,2026-10-03T14:01:37+03:00
2026-10-05,LU,premium,Luxembourg,1.9002,EUR,liter,2026-10-03T14:01:37+03:00
2026-10-05,LV,diesel,Latvia,2.1007,EUR,liter,2026-10-03T14:01:37+03:00
2026-10-05,LV,diesel_premium,Latvia,2.2056,EUR,liter,2026-10-03T14:01:37+03:00
2026-10-05,LV,gasoline,Latvia,1.9447,EUR,liter,2026-10-03T14:01:37+03:00
2026-10-05,LV,gasoline_premium,Latvia,2.006,EUR,liter,2026-10-03T14:01:37+03:00
2026-10-05,LV,lpg,Latvia,0.9314,EUR,liter,2026-10-03T14:01:37+03:00
2026-10-05,LV,premium,Latvia,2.006,EUR,liter,2026-10-03T14:01:37+03:00
2026-10-05,MA,diesel,Morocco,15.8543,MAD,liter,2026-10-03T14:01:37+03:00
2026-10-05,MA,gasoline,Morocco,15.4189,MAD,liter,2026-10-03T14:01:37+03:00
2026-10-05,MC,diesel,Monaco,2.4837,EUR,liter,2026-10-03T14:01:37+03:00
2026-10-05,MC,gasoline,Monaco,2.2795,EUR,liter,2026-10-03T14:01:37+03:00
2026-10-05,MC,gasoline_premium,Monaco,2.3415,EUR,liter,2026-10-03T14:01:37+03:00
2026-10-05,MC,lpg,Monaco,1.15,EUR,liter,2026-10-03T14:01:37+03:00
2026-10-05,MC,premium,Monaco,2.3415,EUR,liter,2026-10-03T14:01:37+03:00
2026-10-05,MD,diesel,Moldova,35.7733,MDL,liter,2026-10-03T14:01:37+03:00
2026-10-05,MD,gasoline,Moldova,34.1367,MDL,liter,2026-10-03T14:01:37+03:00
2026-10-05,MD,lpg,Moldova,15.2,MDL,liter,2026-10-03T14:01:37+03:00
2026-10-05,ME,diesel,Montenegro,1.9381,EUR,liter,2026-10-03T14:01:37+03:00
2026-10-05,ME,gasoline,Montenegro,1.7429,EUR,liter,2026-10-03T14:01:37+03:00
2026-10-05,ME,gasoline_premium,Montenegro,1.7829,EUR,liter,2026-10-03T14:01:37+03:00
2026-10-05,ME,premium,Montenegro,1.7829,EUR,liter,2026-10-03T14:01:37+03:00
2026-10-05,MG,diesel,Madagascar,4860,MGA,liter,2026-10-03T14:01:37+03:00
2026-10-05,MG,gasoline,Madagascar,5300,MGA,liter,2026-10-03T14:01:37+03:00
2026-10-05,MG,kerosene,Madagascar,3710,MGA,liter,2026-10-03T14:01:37+03:00
2026-10-05,MK,cng,North Macedonia,88.5,MKD,kg,2026-10-03T14:01:37+03:00
2026-10-05,MK,diesel,North Macedonia,100,MKD,liter,2026-10-03T14:01:37+03:00
2026-10-05,MK,diesel_premium,North Macedonia,101,MKD,liter,2026-10-03T14:01:37+03:00
2026-10-05,MK,gasoline,North Macedonia,100,MKD,liter,2026-10-03T14:01:37+03:00
2026-10-05,MK,gasoline_premium,North Macedonia,102,MKD,liter,2026-10-03T14:01:37+03:00
2026-10-05,MK,lpg,North Macedonia,47,MKD,liter,2026-10-03T14:01:37+03:00
2026-10-05,MK,premium,North Macedonia,102,MKD,liter,2026-10-03T14:01:37+03:00
2026-10-05,MM,diesel,Myanmar,4815,MMK,liter,2026-10-03T14:01:37+03:00
2026-10-05,MM,diesel_premium,Myanmar,5795,MMK,liter,2026-10-03T14:01:37+03:00
2026-10-05,MM,gasoline,Myanmar,4540,MMK,liter,2026-10-03T14:01:37+03:00
2026-10-05,MM,gasoline_premium,Myanmar,4730,MMK,liter,2026-10-03T14:01:37+03:00
2026-10-05,MM,premium,Myanmar,4730,MMK,liter,2026-10-03T14:01:37+03:00
2026-10-05,MN,diesel,Mongolia,4895,MNT,liter,2026-10-03T14:01:37+03:00
2026-10-05,MN,gasoline,Mongolia,3118.75,MNT,liter,2026-10-03T14:01:37+03:00
2026-10-05,MN,gasoline_premium,Mongolia,5080,MNT,liter,2026-10-03T14:01:37+03:00
2026-10-05,MN,gasoline_super,Mongolia,5550,MNT,liter,2026-10-03T14:01:37+03:00
2026-10-05,MN,lpg,Mongolia,1840,MNT,liter,2026-10-03T14:01:37+03:00
2026-10-05,MN,premium,Mongolia,5550,MNT,liter,2026-10-03T14:01:37+03:00
2026-10-05,MR,diesel,Mauritania,62.13,MRU,liter,2026-09-27T14:11:38+03:00
2026-10-05,MR,gasoline,Mauritania,65.02,MRU,liter,2026-09-27T14:11:38+03:00
2026-10-05,MT,diesel,Malta,1.215,EUR,liter,2026-10-03T14:01:37+03:00
2026-10-05,MT,diesel_premium,Malta,1.31,EUR,liter,2026-10-03T14:01:37+03:00
2026-10-05,MT,gasoline,Malta,1.346,EUR,liter,2026-10-03T14:01:37+03:00
2026-10-05,MT,gasoline_premium,Malta,1.49,EUR,liter,2026-10-03T14:01:37+03:00
2026-10-05,MT,premium,Malta,1.49,EUR,liter,2026-10-03T14:01:37+03:00
2026-10-05,MU,diesel,Mauritius,75.9833,MUR,liter,2026-10-03T14:01:37+03:00
2026-10-05,MU,gasoline,Mauritius,75.35,MUR,liter,2026-10-03T14:01:37+03:00
2026-10-05,MV,diesel,Maldives,17.54,MVR,liter,2026-10-03T14:01:37+03:00
2026-10-05,MV,gasoline,Maldives,16.01,MVR,liter,2026-10-03T14:01:37+03:00
2026-10-05,MW,diesel,Malawi,5863,MWK,liter,2026-10-03T14:01:37+03:00
2026-10-05,MW,gasoline,Malawi,5619,MWK,liter,2026-10-03T14:01:37+03:00
2026-10-05,MW,kerosene,Malawi,4546.5,MWK,liter,2026-10-03T14:01:37+03:00
2026-10-05,MX,diesel,Mexico,27.0014,MXN,liter,2026-10-03T14:01:37+03:00
2026-10-05,MX,gasoline,Mexico,23.7823,MXN,liter,2026-10-03T14:01:37+03:00
2026-10-05,MX,gasoline_premium,Mexico,28.6366,MXN,liter,2026-10-03T14:01:37+03:00
2026-10-05,MX,premium,Mexico,28.6366,MXN,liter,2026-10-03T14:01:37+03:00
2026-10-05,MY,diesel,Malaysia,5.27,MYR,liter,2026-10-03T14:01:37+03:00
2026-10-05,MY,gasoline,Malaysia,4.52,MYR,liter,2026-10-03T14:01:37+03:00
2026-10-05,MY,gasoline_premium,Malaysia,5,MYR,liter,2026-10-03T14:01:37+03:00
2026-10-05,MY,premium,Malaysia,5,MYR,liter,2026-10-03T14:01:37+03:00
2026-10-05,MZ,diesel,Mozambique,116.25,MZN,liter,2026-10-03T14:01:37+03:00
2026-10-05,MZ,gasoline,Mozambique,93.69,MZN,liter,2026-10-03T14:01:37+03:00
2026-10-05,MZ,kerosene,Mozambique,97.56,MZN,liter,2026-10-03T14:01:37+03:00
2026-10-05,NA,diesel,Namibia,27.86,NAD,liter,2026-10-03T14:01:37+03:00
2026-10-05,NA,diesel_premium,Namibia,27.96,NAD,liter,2026-10-03T14:01:37+03:00
2026-10-05,NA,gasoline,Namibia,25.08,NAD,liter,2026-10-03T14:01:37+03:00
2026-10-05,NC,diesel,New Caledonia,190.6,XPF,liter,2026-10-03T14:01:37+03:00
2026-10-05,NC,gasoline,New Caledonia,182.4,XPF,liter,2026-10-03T14:01:37+03:00
2026-10-05,NE,diesel,Niger,618,XOF,liter,2026-10-03T14:01:37+03:00
2026-10-05,NE,gasoline,Niger,499,XOF,liter,2026-10-03T14:01:37+03:00
2026-10-05,NG,diesel,Nigeria,1756.7157,NGN,liter,2026-10-03T14:01:37+03:00
2026-10-05,NG,gasoline,Nigeria,1347.7671,NGN,liter,2026-10-03T14:01:37+03:00
2026-10-05,NI,diesel,Nicaragua,43.22,NIO,liter,2026-10-03T14:01:37+03:00
2026-10-05,NI,gasoline,Nicaragua,47.82,NIO,liter,2026-10-03T14:01:37+03:00
2026-10-05,NI,gasoline_premium,Nicaragua,49,NIO,liter,2026-10-03T14:01:37+03:00
2026-10-05,NI,kerosene,Nicaragua,60.36,NIO,liter,2026-10-03T14:01:37+03:00
2026-10-05,NI,premium,Nicaragua,49,NIO,liter,2026-10-03T14:01:37+03:00
2026-10-05,NL,cng,Netherlands,1.6995,EUR,kg,2026-10-03T14:01:37+03:00
2026-10-05,NL,diesel,Netherlands,2.6413,EUR,liter,2026-10-03T14:01:37+03:00
2026-10-05,NL,diesel_premium,Netherlands,2.7918,EUR,liter,2026-10-03T14:01:37+03:00
2026-10-05,NL,gasoline,Netherlands,2.5777,EUR,liter,2026-10-03T14:01:37+03:00
2026-10-05,NL,gasoline_premium,Netherlands,2.863,EUR,liter,2026-10-03T14:01:37+03:00
2026-10-05,NL,lpg,Netherlands,1.1011,EUR,liter,2026-10-03T14:01:37+03:00
2026-10-05,NL,premium,Netherlands,2.863,EUR,liter,2026-10-03T14:01:37+03:00
2026-10-05,NO,diesel,Norway,23.7723,NOK,liter,2026-10-03T14:01:37+03:00
2026-10-05,NO,gasoline,Norway,21.7546,NOK,liter,2026-10-03T14:01:37+03:00
2026-10-05,NO,gasoline_premium,Norway,27.79,NOK,liter,2026-10-03T14:01:37+03:00
2026-10-05,NO,premium,Norway,27.79,NOK,liter,2026-10-03T14:01:37+03:00
2026-10-05,NP,diesel,Nepal,200,NPR,liter,2026-10-03T14:01:37+03:00
2026-10-05,NP,gasoline,Nepal,200,NPR,liter,2026-10-03T14:01:37+03:00
2026-10-05,NP,kerosene,Nepal,200,NPR,liter,2026-10-03T14:01:37+03:00
2026-10-05,NR,diesel,Nauru,2.9032,AUD,liter,2026-10-03T14:01:37+03:00
2026-10-05,NR,gasoline,Nauru,2.4238,AUD,liter,2026-10-03T14:01:37+03:00
2026-10-05,NR,kerosene,Nauru,2.1811,AUD,liter,2026-10-03T14:01:37+03:00
2026-10-05,NZ,diesel,New Zealand,3.1293,NZD,liter,2026-10-03T14:01:37+03:00
2026-10-05,NZ,gasoline,New Zealand,3.6036,NZD,liter,2026-10-03T14:01:37+03:00
2026-10-05,NZ,gasoline_premium,New Zealand,3.7909,NZD,liter,2026-10-03T14:01:37+03:00
2026-10-05,NZ,gasoline_regular,New Zealand,3.4158,NZD,liter,2026-10-03T14:01:37+03:00
2026-10-05,NZ,gasoline_super,New Zealand,3.7743,NZD,liter,2026-10-03T14:01:37+03:00
2026-10-05,NZ,lpg,New Zealand,1.9583,NZD,liter,2026-10-03T14:01:37+03:00
2026-10-05,NZ,premium,New Zealand,3.7743,NZD,liter,2026-10-03T14:01:37+03:00
2026-10-05,OM,diesel,Oman,0.258,OMR,liter,2026-10-03T14:01:37+03:00
2026-10-05,OM,gasoline,Oman,0.239,OMR,liter,2026-10-03T14:01:37+03:00
2026-10-05,OM,gasoline_premium,Oman,0.399,OMR,liter,2026-10-03T14:01:37+03:00
2026-10-05,OM,gasoline_regular,Oman,0.229,OMR,liter,2026-10-03T14:01:37+03:00
2026-10-05,OM,premium,Oman,0.399,OMR,liter,2026-10-03T14:01:37+03:00
2026-10-05,PA,diesel,Panama,3.4069,USD,gallon,2026-10-03T14:01:37+03:00
2026-10-05,PA,gasoline,Panama,4.8718,USD,gallon,2026-10-03T14:01:37+03:00
2026-10-05,PA,gasoline_premium,Panama,5.239,USD,gallon,2026-10-03T14:01:37+03:00
2026-10-05,PA,premium,Panama,5.239,USD,gallon,2026-10-03T14:01:37+03:00
2026-10-05,PE,diesel,Peru,25.905,PEN,gallon,2026-10-03T14:01:37+03:00
2026-10-05,PE,gasoline,Peru,22.105,PEN,gallon,2026-10-03T14:01:37+03:00
2026-10-05,PE,gasoline_premium,Peru,23.305,PEN,gallon,2026-10-03T14:01:37+03:00
2026-10-05,PE,lpg,Peru,6.98,PEN,gallon,2026-10-03T14:01:37+03:00
2026-10-05,PE,premium,Peru,23.305,PEN,gallon,2026-10-03T14:01:37+03:00
2026-10-05,PF,diesel,French Polynesia,165,XPF,liter,2026-09-05T11:14:47+03:00
2026-10-05,PF,gasoline,French Polynesia,165,XPF,liter,2026-09-05T11:14:47+03:00
2026-10-05,PF,kerosene,French Polynesia,137,XPF,liter,2026-09-05T11:14:47+03:00
2026-10-05,PG,diesel,Papua New Guinea,4.9,PGK,liter,2026-10-03T14:01:37+03:00
2026-10-05,PG,gasoline,Papua New Guinea,4.9,PGK,liter,2026-10-03T14:01:37+03:00
2026-10-05,PG,kerosene,Papua New Guinea,4.9,PGK,liter,2026-10-03T14:01:37+03:00
2026-10-05,PH,diesel,Philippines,95.6979,PHP,liter,2026-10-03T14:01:37+03:00
2026-10-05,PH,diesel_premium,Philippines,99.52,PHP,liter,2026-10-03T14:01:37+03:00
2026-10-05,PH,gasoline,Philippines,89.4627,PHP,liter,2026-10-03T14:01:37+03:00
2026-10-05,PH,gasoline_premium,Philippines,91.89,PHP,liter,2026-10-03T14:01:37+03:00
2026-10-05,PH,premium,Philippines,91.89,PHP,liter,2026-10-03T14:01:37+03:00
2026-10-05,PK,diesel,Pakistan,399.64,PKR,liter,2026-10-03T14:01:37+03:00
2026-10-05,PK,gasoline,Pakistan,392.76,PKR,liter,2026-10-03T14:01:37+03:00
2026-10-05,PK,gasoline_premium,Pakistan,410,PKR,liter,2026-10-03T14:01:37+03:00
2026-10-05,PK,kerosene,Pakistan,329.54,PKR,liter,2026-10-03T14:01:37+03:00
2026-10-05,PK,lpg,Pakistan,258.65,PKR,kg,2026-10-03T14:01:37+03:00
2026-10-05,PK,premium,Pakistan,410,PKR,liter,2026-10-03T14:01:37+03:00
2026-10-05,PL,diesel,Poland,8.8534,PLN,liter,2026-10-03T14:01:37+03:00
2026-10-05,PL,diesel_premium,Poland,9.045,PLN,liter,2026-10-03T14:01:37+03:00
2026-10-05,PL,gasoline,Poland,7.8638,PLN,liter,2026-10-03T14:01:37+03:00
2026-10-05,PL,gasoline_premium,Poland,8.5706,PLN,liter,2026-10-03T14:01:37+03:00
2026-10-05,PL,lpg,Poland,3.2125,PLN,liter,2026-10-03T14:01:37+03:00
2026-10-05,PL,premium,Poland,8.5706,PLN,liter,2026-10-03T14:01:37+03:00
2026-10-05,PS,diesel,Palestine,7.9025,ILS,liter,2026-10-03T14:01:37+03:00
2026-10-05,PS,gasoline_premium,Palestine,7.8667,ILS,liter,2026-10-03T14:01:37+03:00
2026-10-05,PS,gasoline_super,Palestine,8.785,ILS,liter,2026-10-03T14:01:37+03:00
2026-10-05,PS,kerosene,Palestine,7.9025,ILS,liter,2026-10-03T14:01:37+03:00
2026-10-05,PS,premium,Palestine,8.785,ILS,liter,2026-10-03T14:01:37+03:00
2026-10-05,PT,diesel,Portugal,2.2098,EUR,liter,2026-10-03T14:01:37+03:00
2026-10-05,PT,diesel_premium,Portugal,2.2447,EUR,liter,2026-10-03T14:01:37+03:00
2026-10-05,PT,gasoline,Portugal,2.0953,EUR,liter,2026-10-03T14:01:37+03:00
2026-10-05,PT,gasoline_premium,Portugal,2.274,EUR,liter,2026-10-03T14:01:37+03:00
2026-10-05,PT,lpg,Portugal,0.9121,EUR,liter,2026-10-03T14:01:37+03:00
2026-10-05,PT,premium,Portugal,2.274,EUR,liter,2026-10-03T14:01:37+03:00
2026-10-05,PY,diesel,Paraguay,8927.1429,PYG,liter,2026-10-03T14:01:37+03:00
2026-10-05,PY,diesel_premium,Paraguay,10821.4286,PYG,liter,2026-10-03T14:01:37+03:00
2026-10-05,PY,gasoline,Paraguay,7132.8571,PYG,liter,2026-10-03T14:01:37+03:00
2026-10-05,PY,gasoline_premium,Paraguay,9040,PYG,liter,2026-10-03T14:01:37+03:00
2026-10-05,PY,lpg,Paraguay,4900,PYG,liter,2026-10-03T14:01:37+03:00
2026-10-05,PY,premium,Paraguay,9040,PYG,liter,2026-10-03T14:01:37+03:00
2026-10-05,QA,diesel,Qatar,2.05,QAR,liter,2026-10-03T14:01:37+03:00
2026-10-05,QA,gasoline,Qatar,1.95,QAR,liter,2026-10-03T14:01:37+03:00
2026-10-05,QA,gasoline_premium,Qatar,2.1,QAR,liter,2026-10-03T14:01:37+03:00
2026-10-05,QA,premium,Qatar,2.1,QAR,liter,2026-10-03T14:01:37+03:00
2026-10-05,RO,diesel,Romania,10.9584,RON,liter,2026-10-03T14:01:37+03:00
2026-10-05,RO,diesel_premium,Romania,11.4604,RON,liter,2026-10-03T14:01:37+03:00
2026-10-05,RO,gasoline,Romania,9.9961,RON,liter,2026-10-03T14:01:37+03:00
2026-10-05,RO,gasoline_premium,Romania,10.6081,RON,liter,2026-10-03T14:01:37+03:00
2026-10-05,RO,lpg,Romania,4.7365,RON,liter,2026-10-03T14:01:37+03:00
2026-10-05,RO,premium,Romania,10.6081,RON,liter,2026-10-03T14:01:37+03:00
2026-10-05,RS,diesel,Serbia,236,RSD,liter,2026-10-03T14:01:37+03:00
2026-10-05,RS,diesel_premium,Serbia,251.95,RSD,liter,2026-10-03T14:01:37+03:00
2026-10-05,RS,gasoline,Serbia,207,RSD,liter,2026-10-03T14:01:37+03:00
2026-10-05,RS,gasoline_premium,Serbia,229.9,RSD,liter,2026-10-03T14:01:37+03:00
2026-10-05,RS,gasoline_super,Serbia,230.3469,RSD,liter,2026-10-03T14:01:37+03:00
2026-10-05,RS,lpg,Serbia,107.9719,RSD,liter,2026-10-03T14:01:37+03:00
2026-10-05,RS,premium,Serbia,230.3469,RSD,liter,2026-10-03T14:01:37+03:00
2026-10-05,RU,cng,Russia,30.3983,RUB,m3,2026-10-03T14:01:37+03:00
2026-10-05,RU,diesel,Russia,83.8862,RUB,liter,2026-10-03T14:01:37+03:00
2026-10-05,RU,diesel_premium,Russia,81.8969,RUB,liter,2026-10-03T14:01:37+03:00
2026-10-05,RU,gasoline,Russia,87.8238,RUB,liter,2026-10-03T14:01:37+03:00
2026-10-05,RU,gasoline_premium,Russia,96.2582,RUB,liter,2026-10-03T14:01:37+03:00
2026-10-05,RU,gasoline_regular,Russia,80.0884,RUB,liter,2026-10-03T14:01:37+03:00
2026-10-05,RU,gasoline_super,Russia,109.5957,RUB,liter,2026-10-03T14:01:37+03:00
2026-10-05,RU,lpg,Russia,44.237,RUB,liter,2026-10-03T14:01:37+03:00
2026-10-05,RU,premium,Russia,109.5957,RUB,liter,2026-10-03T14:01:37+03:00
2026-10-05,RW,diesel,Rwanda,2927,RWF,liter,2026-10-03T14:01:37+03:00
2026-10-05,RW,gasoline,Rwanda,2938,RWF,liter,2026-10-03T14:01:37+03:00
2026-10-05,SA,diesel,Saudi Arabia,1.79,SAR,liter,2026-10-03T14:01:37+03:00
2026-10-05,SA,gasoline,Saudi Arabia,2.18,SAR,liter,2026-10-03T14:01:37+03:00
2026-10-05,SA,gasoline_premium,Saudi Arabia,2.33,SAR,liter,2026-10-03T14:01:37+03:00
2026-10-05,SA,gasoline_super,Saudi Arabia,4.64,SAR,liter,2026-10-03T14:01:37+03:00
2026-10-05,SA,kerosene,Saudi Arabia,1.75,SAR,liter,2026-10-03T14:01:37+03:00
2026-10-05,SA,premium,Saudi Arabia,4.64,SAR,liter,2026-10-03T14:01:37+03:00
2026-10-05,SB,diesel,Solomon Islands,13.4759,SBD,liter,2026-10-03T14:01:37+03:00
2026-10-05,SB,gasoline,Solomon Islands,11.1771,SBD,liter,2026-10-03T14:01:37+03:00
2026-10-05,SB,kerosene,Solomon Islands,14.2583,SBD,liter,2026-10-03T14:01:37+03:00
2026-10-05,SC,diesel,Seychelles,25.19,SCR,liter,2026-10-03T14:01:37+03:00
2026-10-05,SC,gasoline,Seychelles,24.68,SCR,liter,2026-10-03T14:01:37+03:00
2026-10-05,SC,kerosene,Seychelles,30,SCR,liter,2026-10-03T14:01:37+03:00
2026-10-05,SE,diesel,Sweden,22.8077,SEK,liter,2026-10-03T14:01:37+03:00
2026-10-05,SE,e85,Sweden,15.465,SEK,liter,2026-10-03T14:01:37+03:00
2026-10-05,SE,gasoline,Sweden,18.765,SEK,liter,2026-10-03T14:01:37+03:00
2026-10-05,SE,gasoline_premium,Sweden,19.315,SEK,liter,2026-10-03T14:01:37+03:00
2026-10-05,SE,premium,Sweden,19.315,SEK,liter,2026-10-03T14:01:37+03:00
2026-10-05,SG,diesel,Singapore,4.0141,SGD,liter,2026-10-03T14:01:37+03:00
2026-10-05,SG,gasoline,Singapore,3.5355,SGD,liter,2026-10-03T14:01:37+03:00
2026-10-05,SG,gasoline_premium,Singapore,4.163,SGD,liter,2026-10-03T14:01:37+03:00
2026-10-05,SG,gasoline_regular,Singapore,3.51,SGD,liter,2026-10-03T14:01:37+03:00
2026-10-05,SG,premium,Singapore,4.163,SGD,liter,2026-10-03T14:01:37+03:00
2026-10-05,SI,diesel,Slovenia,1.9545,EUR,liter,2026-10-03T14:01:37+03:00
2026-10-05,SI,diesel_premium,Slovenia,2.453,EUR,liter,2026-10-03T14:01:37+03:00
2026-10-05,SI,gasoline,Slovenia,1.7242,EUR,liter,2026-10-03T14:01:37+03:00
2026-10-05,SI,gasoline_premium,Slovenia,2.121,EUR,liter,2026-10-03T14:01:37+03:00
2026-10-05,SI,lpg,Slovenia,0.9718,EUR,liter,2026-10-03T14:01:37+03:00
2026-10-05,SI,premium,Slovenia,2.121,EUR,liter,2026-10-03T14:01:37+03:00
2026-10-05,SK,diesel,Slovakia,1.9872,EUR,liter,2026-10-03T14:01:37+03:00
2026-10-05,SK,diesel_premium,Slovakia,2.176,EUR,liter,2026-10-03T14:01:37+03:00
2026-10-05,SK,gasoline,Slovakia,1.8542,EUR,liter,2026-10-03T14:01:37+03:00
2026-10-05,SK,gasoline_premium,Slovakia,2.0504,EUR,liter,2026-10-03T14:01:37+03:00
2026-10-05,SK,lpg,Slovakia,0.819,EUR,liter,2026-10-03T14:01:37+03:00
2026-10-05,SK,premium,Slovakia,2.0504,EUR,liter,2026-10-03T14:01:37+03:00
2026-10-05,SL,diesel,Sierra Leone,45,SLE,liter,2026-10-03T14:01:37+03:00
2026-10-05,SL,gasoline,Sierra Leone,40,SLE,liter,2026-10-03T14:01:37+03:00
2026-10-05,SL,kerosene,Sierra Leone,44.1,SLE,liter,2026-10-03T14:01:37+03:00
2026-10-05,SN,diesel,Senegal,755,XOF,liter,2026-10-03T14:01:37+03:00
2026-10-05,SN,gasoline,Senegal,990,XOF,liter,2026-10-03T14:01:37+03:00
2026-10-05,SN,gasoline_regular,Senegal,665,XOF,liter,2026-10-03T14:01:37+03:00
2026-10-05,SR,diesel,Suriname,53.27,SRD,liter,2026-10-03T14:01:37+03:00
2026-10-05,SR,gasoline,Suriname,48.32,SRD,liter,2026-10-03T14:01:37+03:00
2026-10-05,SS,diesel,South Sudan,17500,SSP,liter,2026-10-03T14:01:37+03:00
2026-10-05,SS,gasoline,South Sudan,16000,SSP,liter,2026-10-03T14:01:37+03:00
2026-10-05,SV,diesel,El Salvador,4.86,USD,gallon,2026-10-03T14:01:37+03:00
2026-10-05,SV,gasoline,El Salvador,4.8,USD,gallon,2026-10-03T14:01:37+03:00
2026-10-05,SV,gasoline_premium,El Salvador,5.13,USD,gallon,2026-10-03T14:01:37+03:00
2026-10-05,SV,premium,El Salvador,5.13,USD,gallon,2026-10-03T14:01:37+03:00
2026-10-05,SY,diesel,Syria,175,SYP,liter,2026-10-03T14:01:37+03:00
2026-10-05,SY,gasoline,Syria,185,SYP,liter,2026-10-03T14:01:37+03:00
2026-10-05,SY,gasoline_premium,Syria,195,SYP,liter,2026-10-03T14:01:37+03:00
2026-10-05,SY,premium,Syria,195,SYP,liter,2026-10-03T14:01:37+03:00
2026-10-05,SZ,diesel,Eswatini,32.25,SZL,liter,2026-10-03T14:01:37+03:00
2026-10-05,SZ,gasoline,Eswatini,29.4,SZL,liter,2026-10-03T14:01:37+03:00
2026-10-05,SZ,kerosene,Eswatini,25.16,SZL,liter,2026-10-03T14:01:37+03:00
2026-10-05,TG,diesel,Togo,766,XOF,liter,2026-10-03T14:01:37+03:00
2026-10-05,TG,gasoline,Togo,817,XOF,liter,2026-10-03T14:01:37+03:00
2026-10-05,TG,kerosene,Togo,1056,XOF,liter,2026-10-03T14:01:37+03:00
2026-10-05,TH,diesel,Thailand,42.19,THB,liter,2026-10-03T14:01:37+03:00
2026-10-05,TH,diesel_premium,Thailand,50.05,THB,liter,2026-10-03T14:01:37+03:00
2026-10-05,TH,e85,Thailand,31.63,THB,liter,2026-10-03T14:01:37+03:00
2026-10-05,TH,gasoline,Thailand,40.69,THB,liter,2026-10-03T14:01:37+03:00
2026-10-05,TH,gasoline_premium,Thailand,49.29,THB,liter,2026-10-03T14:01:37+03:00
2026-10-05,TH,gasoline_regular,Thailand,40.32,THB,liter,2026-10-03T14:01:37+03:00
2026-10-05,TH,gasoline_super,Thailand,49.79,THB,liter,2026-10-03T14:01:37+03:00
2026-10-05,TH,lpg,Thailand,25.87,THB,kg,2026-10-03T14:01:37+03:00
2026-10-05,TH,premium,Thailand,49.79,THB,liter,2026-10-03T14:01:37+03:00
2026-10-05,TJ,diesel,Tajikistan,15.395,TJS,liter,2026-10-03T14:01:37+03:00
2026-10-05,TJ,diesel_premium,Tajikistan,14.9,TJS,liter,2026-10-03T14:01:37+03:00
2026-10-05,TJ,gasoline,Tajikistan,12.9119,TJS,liter,2026-10-03T14:01:37+03:00
2026-10-05,TJ,gasoline_premium,Tajikistan,12.9,TJS,liter,2026-10-03T14:01:37+03:00
2026-10-05,TJ,lpg,Tajikistan,6.3944,TJS,liter,2026-10-03T14:01:37+03:00
2026-10-05,TJ,premium,Tajikistan,12.9,TJS,liter,2026-10-03T14:01:37+03:00
2026-10-05,TL,diesel,Timor-Leste,1.6237,USD,liter,2026-10-03T14:01:37+03:00
2026-10-05,TL,gasoline,Timor-Leste,1.5225,USD,liter,2026-10-03T14:01:37+03:00
2026-10-05,TM,diesel,Turkmenistan,1.35,TMT,liter,2026-10-03T14:01:37+03:00
2026-10-05,TM,gasoline,Turkmenistan,1.35,TMT,liter,2026-10-03T14:01:37+03:00
2026-10-05,TM,gasoline_premium,Turkmenistan,1.5,TMT,liter,2026-10-03T14:01:37+03:00
2026-10-05,TM,gasoline_regular,Turkmenistan,1.15,TMT,liter,2026-10-03T14:01:37+03:00
2026-10-05,TM,premium,Turkmenistan,1.5,TMT,liter,2026-10-03T14:01:37+03:00
2026-10-05,TN,diesel,Tunisia,2.21,TND,liter,2026-10-03T14:01:37+03:00
2026-10-05,TN,gasoline,Tunisia,2.53,TND,liter,2026-10-03T14:01:37+03:00
2026-10-05,TO,diesel,Tonga,4.425,TOP,liter,2026-10-03T14:01:37+03:00
2026-10-05,TO,gasoline,Tonga,3.85,TOP,liter,2026-10-03T14:01:37+03:00
2026-10-05,TO,kerosene,Tonga,3.5,TOP,liter,2026-10-03T14:01:37+03:00
2026-10-05,TR,diesel,Turkey,94.963,TRY,liter,2026-10-03T14:01:37+03:00
2026-10-05,TR,gasoline,Turkey,84.58,TRY,liter,2026-10-03T14:01:37+03:00
2026-10-05,TR,lpg,Turkey,41.2367,TRY,liter,2026-10-03T14:01:37+03:00
2026-10-05,TW,diesel,Taiwan,29.8838,TWD,liter,2026-10-03T14:01:37+03:00
2026-10-05,TW,gasoline,Taiwan,30.1532,TWD,liter,2026-10-03T14:01:37+03:00
2026-10-05,TW,gasoline_premium,Taiwan,32.0766,TWD,liter,2026-10-03T14:01:37+03:00
2026-10-05,TW,gasoline_super,Taiwan,34.6946,TWD,liter,2026-10-03T14:01:37+03:00
2026-10-05,TW,premium,Taiwan,34.6946,TWD,liter,2026-10-03T14:01:37+03:00
2026-10-05,TZ,diesel,Tanzania,3877,TZS,liter,2026-10-03T14:01:37+03:00
2026-10-05,TZ,gasoline,Tanzania,3796,TZS,liter,2026-10-03T14:01:37+03:00
2026-10-05,TZ,kerosene,Tanzania,3713,TZS,liter,2026-10-03T14:01:37+03:00
2026-10-05,UA,diesel,Ukraine,98.919,UAH,liter,2026-10-03T14:01:37+03:00
2026-10-05,UA,diesel_premium,Ukraine,101.9,UAH,liter,2026-10-03T14:01:37+03:00
2026-10-05,UA,gasoline,Ukraine,89.8729,UAH,liter,2026-10-03T14:01:37+03:00
2026-10-05,UA,gasoline_premium,Ukraine,94.9366,UAH,liter,2026-10-03T14:01:37+03:00
2026-10-05,UA,gasoline_regular,Ukraine,85.8256,UAH,liter,2026-10-03T14:01:37+03:00
2026-10-05,UA,gasoline_super,Ukraine,101.4,UAH,liter,2026-10-03T14:01:37+03:00
2026-10-05,UA,lpg,Ukraine,44.7649,UAH,liter,2026-10-03T14:01:37+03:00
2026-10-05,UA,premium,Ukraine,101.4,UAH,liter,2026-10-03T14:01:37+03:00
2026-10-05,UG,diesel,Uganda,6724.5,UGX,liter,2026-10-03T14:01:37+03:00
2026-10-05,UG,gasoline,Uganda,6874.5,UGX,liter,2026-10-03T14:01:37+03:00
2026-10-05,US,diesel,United States,6.3728,USD,gallon,2026-10-03T14:01:37+03:00
2026-10-05,US,e85,United States,3.31,USD,gallon,2026-10-03T14:01:37+03:00
2026-10-05,US,gasoline,United States,4.4398,USD,gallon,2026-10-03T14:01:37+03:00
2026-10-05,US,gasoline_premium,United States,5.0164,USD,gallon,2026-10-03T14:01:37+03:00
2026-10-05,US,gasoline_super,United States,5.4203,USD,gallon,2026-10-03T14:01:37+03:00
2026-10-05,US,lpg,United States,3.59,USD,gallon,2026-10-03T14:01:37+03:00
2026-10-05,US,premium,United States,5.4203,USD,gallon,2026-10-03T14:01:37+03:00
2026-10-05,UY,diesel,Uruguay,58.68,UYU,liter,2026-10-03T14:01:37+03:00
2026-10-05,UY,diesel_premium,Uruguay,67.33,UYU,liter,2026-10-03T14:01:37+03:00
2026-10-05,UY,gasoline,Uruguay,88.67,UYU,liter,2026-10-03T14:01:37+03:00
2026-10-05,UY,gasoline_premium,Uruguay,91.19,UYU,liter,2026-10-03T14:01:37+03:00
2026-10-05,UY,premium,Uruguay,91.19,UYU,liter,2026-10-03T14:01:37+03:00
2026-10-05,UZ,diesel,Uzbekistan,16235.9504,UZS,liter,2026-10-03T14:01:37+03:00
2026-10-05,UZ,gasoline,Uzbekistan,13449.8834,UZS,liter,2026-10-03T14:01:37+03:00
2026-10-05,UZ,gasoline_premium,Uzbekistan,18947.7273,UZS,liter,2026-10-03T14:01:37+03:00
2026-10-05,UZ,gasoline_super,Uzbekistan,27571.9697,UZS,liter,2026-10-03T14:01:37+03:00
2026-10-05,UZ,premium,Uzbekistan,27571.9697,UZS,liter,2026-10-03T14:01:37+03:00
2026-10-05,VC,diesel,Saint Vincent and the Grenadines,17.53,XCD,imperial_gallon,2026-10-03T14:01:37+03:00
2026-10-05,VC,gasoline,Saint Vincent and the Grenadines,18.31,XCD,imperial_gallon,2026-10-03T14:01:37+03:00
2026-10-05,VE,diesel,Venezuela,0.5,USD,liter,2026-10-03T14:01:37+03:00
2026-10-05,VE,gasoline,Venezuela,435.6845,VES,liter,2026-10-03T14:01:37+03:00
2026-10-05,VE,gasoline_premium,Venezuela,871.3689,VES,liter,2026-10-03T14:01:37+03:00
2026-10-05,VE,premium,Venezuela,871.3689,VES,liter,2026-10-03T14:01:37+03:00
2026-10-05,VN,diesel,Vietnam,29970,VND,liter,2026-10-03T14:01:37+03:00
2026-10-05,VN,diesel_premium,Vietnam,31600,VND,liter,2026-10-03T14:01:37+03:00
2026-10-05,VN,gasoline,Vietnam,27180,VND,liter,2026-10-03T14:01:37+03:00
2026-10-05,VN,gasoline_regular,Vietnam,26503.3333,VND,liter,2026-10-03T14:01:37+03:00
2026-10-05,VU,diesel,Vanuatu,195,VUV,liter,2026-10-03T14:01:37+03:00
2026-10-05,VU,gasoline,Vanuatu,222,VUV,liter,2026-10-03T14:01:37+03:00
2026-10-05,WS,diesel,Samoa,4.44,WST,liter,2026-10-03T14:01:37+03:00
2026-10-05,WS,gasoline,Samoa,3.58,WST,liter,2026-10-03T14:01:37+03:00
2026-10-05,WS,kerosene,Samoa,3.9,WST,liter,2026-10-03T14:01:37+03:00
2026-10-05,XK,diesel,Kosovo,1.89,EUR,liter,2026-10-03T14:01:37+03:00
2026-10-05,XK,diesel_premium,Kosovo,1.94,EUR,liter,2026-10-03T14:01:37+03:00
2026-10-05,XK,gasoline,Kosovo,1.66,EUR,liter,2026-10-03T14:01:37+03:00
2026-10-05,XK,gasoline_premium,Kosovo,1.73,EUR,liter,2026-10-03T14:01:37+03:00
2026-10-05,XK,lpg,Kosovo,0.69,EUR,liter,2026-10-03T14:01:37+03:00
2026-10-05,XK,premium,Kosovo,1.73,EUR,liter,2026-10-03T14:01:37+03:00
2026-10-05,XN,diesel,Turkish Republic of Northern Cyprus,76,TRY,liter,2026-10-03T14:01:37+03:00
2026-10-05,XN,gasoline,Turkish Republic of Northern Cyprus,77.12,TRY,liter,2026-10-03T14:01:37+03:00
2026-10-05,XN,gasoline_premium,Turkish Republic of Northern Cyprus,78.12,TRY,liter,2026-10-03T14:01:37+03:00
2026-10-05,XN,premium,Turkish Republic of Northern Cyprus,78.12,TRY,liter,2026-10-03T14:01:37+03:00
2026-10-05,ZA,diesel,South Africa,29.1104,ZAR,liter,2026-10-03T14:01:37+03:00
2026-10-05,ZA,diesel_premium,South Africa,29.8667,ZAR,liter,2026-10-03T14:01:37+03:00
2026-10-05,ZA,gasoline,South Africa,26.92,ZAR,liter,2026-10-03T14:01:37+03:00
2026-10-05,ZA,gasoline_regular,South Africa,26.76,ZAR,liter,2026-10-03T14:01:37+03:00
2026-10-05,ZM,diesel,Zambia,29.7736,ZMW,liter,2026-10-03T14:01:37+03:00
2026-10-05,ZM,gasoline,Zambia,28.0945,ZMW,liter,2026-10-03T14:01:37+03:00
2026-10-05,ZM,kerosene,Zambia,29.76,ZMW,liter,2026-10-03T14:01:37+03:00
2026-10-05,ZW,diesel,Zimbabwe,55.7068,ZWG,liter,2026-10-03T14:01:37+03:00
2026-10-05,ZW,gasoline,Zimbabwe,55.1712,ZWG,liter,2026-10-03T14:01:37+03:00
2026-10-05,ZW,lpg,Zimbabwe,47.1365,ZWG,kg,2026-10-03T14:01:37+03:00
2026-10-06,AD,diesel,Andorra,1.7378,EUR,liter,2026-10-03T14:01:37+03:00
2026-10-06,AD,diesel_premium,Andorra,1.7719,EUR,liter,2026-10-03T14:01:37+03:00
2026-10-06,AD,gasoline,Andorra,1.5894,EUR,liter,2026-10-03T14:01:37+03:00
2026-10-06,AD,gasoline_premium,Andorra,1.6495,EUR,liter,2026-10-03T14:01:37+03:00
2026-10-06,AD,premium,Andorra,1.6495,EUR,liter,2026-10-03T14:01:37+03:00
2026-10-06,AE,diesel,UAE,4.8,AED,liter,2026-10-03T14:01:37+03:00
2026-10-06,AE,gasoline,UAE,4.28,AED,liter,2026-10-03T14:01:37+03:00
2026-10-06,AE,gasoline_regular,UAE,4.21,AED,liter,2026-10-03T14:01:37+03:00
2026-10-06,AE,gasoline_super,UAE,4.4,AED,liter,2026-10-03T14:01:37+03:00
2026-10-06,AE,premium,UAE,4.4,AED,liter,2026-10-03T14:01:37+03:00
2026-10-06,AF,diesel,Afghanistan,79.1275,AFN,liter,2026-10-03T14:01:37+03:00
2026-10-06,AF,gasoline,Afghanistan,89,AFN,liter,2026-10-03T14:01:37+03:00
2026-10-06,AL,diesel,Albania,213.7289,ALL,liter,2026-10-03T14:01:37+03:00
2026-10-06,AL,diesel_premium,Albania,230,ALL,liter,2026-10-03T14:01:37+03:00
2026-10-06,AL,gasoline,Albania,193.4495,ALL,liter,2026-10-03T14:01:37+03:00
2026-10-06,AL,gasoline_premium,Albania,220,ALL,liter,2026-10-03T14:01:37+03:00
2026-10-06,AL,lpg,Albania,69.2062,ALL,liter,2026-10-03T14:01:37+03:00
2026-10-06,AL,premium,Albania,220,ALL,liter,2026-10-03T14:01:37+03:00
2026-10-06,AM,diesel,Armenia,695.8895,AMD,liter,2026-10-03T14:01:37+03:00
2026-10-06,AM,gasoline,Armenia,607.1632,AMD,liter,2026-10-03T14:01:37+03:00
2026-10-06,AM,gasoline_premium,Armenia,675,AMD,liter,2026-10-03T14:01:37+03:00
2026-10-06,AM,gasoline_regular,Armenia,600,AMD,liter,2026-10-03T14:01:37+03:00
2026-10-06,AM,lpg,Armenia,240,AMD,liter,2026-10-03T14:01:37+03:00
2026-10-06,AM,premium,Armenia,675,AMD,liter,2026-10-03T14:01:37+03:00
2026-10-06,AR,cng,Argentina,804,ARS,m3,2026-10-03T14:01:37+03:00
2026-10-06,AR,diesel,Argentina,2415.2022,ARS,liter,2026-10-03T14:01:37+03:00
2026-10-06,AR,diesel_premium,Argentina,2637.3056,ARS,liter,2026-10-03T14:01:37+03:00
2026-10-06,AR,gasoline,Argentina,2210.3087,ARS,liter,2026-10-03T14:01:37+03:00
2026-10-06,AR,gasoline_premium,Argentina,2474.2778,ARS,liter,2026-10-03T14:01:37+03:00
2026-10-06,AR,premium,Argentina,2474.2778,ARS,liter,2026-10-03T14:01:37+03:00
2026-10-06,AT,cng,Austria,1.799,EUR,kg,2026-10-03T14:01:37+03:00
2026-10-06,AT,diesel,Austria,2.2013,EUR,liter,2026-10-03T14:01:37+03:00
2026-10-06,AT,diesel_premium,Austria,2.4939,EUR,liter,2026-10-03T14:01:37+03:00
2026-10-06,AT,gasoline,Austria,1.8944,EUR,liter,2026-10-03T14:01:37+03:00
2026-10-06,AT,gasoline_premium,Austria,2.1316,EUR,liter,2026-10-03T14:01:37+03:00
2026-10-06,AT,gasoline_super,Austria,2.049,EUR,liter,2026-10-03T14:01:37+03:00
2026-10-06,AT,lpg,Austria,1.1665,EUR,liter,2026-10-03T14:01:37+03:00
2026-10-06,AT,premium,Austria,2.049,EUR,liter,2026-10-03T14:01:37+03:00
2026-10-06,AU,diesel,Australia,2.8708,AUD,liter,2026-10-03T14:01:37+03:00
2026-10-06,AU,diesel_premium,Australia,2.8823,AUD,liter,2026-10-03T14:01:37+03:00
2026-10-06,AU,e85,Australia,2.599,AUD,liter,2026-10-03T14:01:37+03:00
2026-10-06,AU,gasoline,Australia,2.399,AUD,liter,2026-10-03T14:01:37+03:00
2026-10-06,AU,gasoline_premium,Australia,2.5611,AUD,liter,2026-10-03T14:01:37+03:00
2026-10-06,AU,gasoline_super,Australia,2.662,AUD,liter,2026-10-03T14:01:37+03:00
2026-10-06,AU,lpg,Australia,1.3903,AUD,liter,2026-10-03T14:01:37+03:00
2026-10-06,AU,premium,Australia,2.662,AUD,liter,2026-10-03T14:01:37+03:00
2026-10-06,AZ,cng,Azerbaijan,0.4,AZN,m3,2026-10-03T14:01:37+03:00
2026-10-06,AZ,diesel,Azerbaijan,1.1,AZN,liter,2026-10-03T14:01:37+03:00
2026-10-06,AZ,gasoline,Azerbaijan,1.15,AZN,liter,2026-10-03T14:01:37+03:00
2026-10-06,AZ,gasoline_premium,Azerbaijan,1.6,AZN,liter,2026-10-03T14:01:37+03:00
2026-10-06,AZ,gasoline_super,Azerbaijan,2.3,AZN,liter,2026-10-03T14:01:37+03:00
2026-10-06,AZ,lpg,Azerbaijan,0.7,AZN,liter,2026-10-03T14:01:37+03:00
2026-10-06,AZ,premium,Azerbaijan,2.3,AZN,liter,2026-10-03T14:01:37+03:00
2026-10-06,BA,diesel,Bih,3.7802,BAM,liter,2026-10-03T14:01:37+03:00
2026-10-06,BA,gasoline,Bih,3.3775,BAM,liter,2026-10-03T14:01:37+03:00
2026-10-06,BA,gasoline_premium,Bih,3.51,BAM,liter,2026-10-03T14:01:37+03:00
2026-10-06,BA,lpg,Bih,1.3949,BAM,liter,2026-10-03T14:01:37+03:00
2026-10-06,BA,premium,Bih,3.51,BAM,liter,2026-10-03T14:01:37+03:00
2026-10-06,BB,diesel,Barbados,3.8,BBD,liter,2026-10-03T14:01:37+03:00
2026-10-06,BB,gasoline,Barbados,4.27,BBD,liter,2026-10-03T14:01:37+03:00
2026-10-06,BB,kerosene,Barbados,2.3,BBD,liter,2026-10-03T14:01:37+03:00
2026-10-06,BD,diesel,Bangladesh,135,BDT,liter,2026-10-03T14:01:37+03:00
2026-10-06,BD,gasoline,Bangladesh,160,BDT,liter,2026-10-03T14:01:37+03:00
2026-10-06,BD,gasoline_premium,Bangladesh,165,BDT,liter,2026-10-03T14:01:37+03:00
2026-10-06,BD,kerosene,Bangladesh,155,BDT,liter,2026-10-03T14:01:37+03:00
2026-10-06,BD,premium,Bangladesh,165,BDT,liter,2026-10-03T14:01:37+03:00
2026-10-06,BE,diesel,Belgium,2.4341,EUR,liter,2026-10-03T14:01:37+03:00
2026-10-06,BE,gasoline,Belgium,2.0638,EUR,liter,2026-10-03T14:01:37+03:00
2026-10-06,BE,gasoline_premium,Belgium,2.2511,EUR,liter,2026-10-03T14:01:37+03:00
2026-10-06,BE,lpg,Belgium,0.9597,EUR,liter,2026-10-03T14:01:37+03:00
2026-10-06,BE,premium,Belgium,2.2511,EUR,liter,2026-10-03T14:01:37+03:00
2026-10-06,BF,diesel,Burkina Faso,750,XOF,liter,2026-10-03T14:01:37+03:00
2026-10-06,BF,gasoline,Burkina Faso,850,XOF,liter,2026-10-03T14:01:37+03:00
2026-10-06,BF,kerosene,Burkina Faso,950,XOF,liter,2026-10-03T14:01:37+03:00
2026-10-06,BG,diesel,Bulgaria,1.8988,EUR,liter,2026-10-03T14:01:37+03:00
2026-10-06,BG,diesel_premium,Bulgaria,2.1041,EUR,liter,2026-10-03T14:01:37+03:00
2026-10-06,BG,gasoline,Bulgaria,1.6526,EUR,liter,2026-10-03T14:01:37+03:00
2026-10-06,BG,gasoline_super,Bulgaria,1.8665,EUR,liter,2026-10-03T14:01:37+03:00
2026-10-06,BG,lpg,Bulgaria,0.6362,EUR,liter,2026-10-03T14:01:37+03:00
2026-10-06,BG,premium,Bulgaria,1.8665,EUR,liter,2026-10-03T14:01:37+03:00
2026-10-06,BH,diesel,Bahrain,0.229,BHD,liter,2026-10-03T14:01:37+03:00
2026-10-06,BH,gasoline,Bahrain,0.225,BHD,liter,2026-10-03T14:01:37+03:00
2026-10-06,BH,gasoline_premium,Bahrain,0.247,BHD,liter,2026-10-03T14:01:37+03:00
2026-10-06,BH,gasoline_super,Bahrain,0.38,BHD,liter,2026-10-03T14:01:37+03:00
2026-10-06,BH,premium,Bahrain,0.38,BHD,liter,2026-10-03T14:01:37+03:00
2026-10-06,BO,cng,Bolivia,2.99,BOB,m3,2026-10-03T14:01:37+03:00
2026-10-06,BO,diesel,Bolivia,9.8,BOB,liter,2026-10-03T14:01:37+03:00
2026-10-06,BO,gasoline,Bolivia,6.96,BOB,liter,2026-10-03T14:01:37+03:00
2026-10-06,BO,gasoline_premium,Bolivia,11,BOB,liter,2026-10-03T14:01:37+03:00
2026-10-06,BO,premium,Bolivia,11,BOB,liter,2026-10-03T14:01:37+03:00
2026-10-06,BR,cng,Brazil,4.8432,BRL,m3,2026-10-03T14:01:37+03:00
2026-10-06,BR,diesel,Brazil,7.2172,BRL,liter,2026-10-03T14:01:37+03:00
2026-10-06,BR,e85,Brazil,4.318,BRL,liter,2026-10-03T14:01:37+03:00
2026-10-06,BR,gasoline,Brazil,6.593,BRL,liter,2026-10-03T14:01:37+03:00
2026-10-06,BR,gasoline_premium,Brazil,6.7701,BRL,liter,2026-10-03T14:01:37+03:00
2026-10-06,BR,premium,Brazil,6.7701,BRL,liter,2026-10-03T14:01:37+03:00
2026-10-06,BW,diesel,Botswana,20.93,BWP,liter,2026-10-03T14:01:37+03:00
2026-10-06,BW,gasoline,Botswana,18.21,BWP,liter,2026-10-03T14:01:37+03:00
2026-10-06,BW,kerosene,Botswana,18.33,BWP,liter,2026-10-03T14:01:37+03:00
2026-10-06,BY,diesel,Belarus,2.71,BYN,liter,2026-10-03T14:01:37+03:00
2026-10-06,BY,gasoline,Belarus,2.71,BYN,liter,2026-10-03T14:01:37+03:00
2026-10-06,BY,gasoline_premium,Belarus,2.93,BYN,liter,2026-10-03T14:01:37+03:00
2026-10-06,BY,gasoline_regular,Belarus,2.61,BYN,liter,2026-10-03T14:01:37+03:00
2026-10-06,BY,lpg,Belarus,1.3111,BYN,liter,2026-10-03T14:01:37+03:00
2026-10-06,BY,premium,Belarus,2.93,BYN,liter,2026-10-03T14:01:37+03:00
2026-10-06,BZ,diesel,Belize,14.6649,BZD,gallon,2026-10-03T14:01:37+03:00
2026-10-06,BZ,gasoline,Belize,14.2291,BZD,gallon,2026-10-03T14:01:37+03:00
2026-10-06,BZ,gasoline_premium,Belize,15.54,BZD,gallon,2026-10-03T14:01:37+03:00
2026-10-06,BZ,premium,Belize,15.54,BZD,gallon,2026-10-03T14:01:37+03:00
2026-10-06,CA,diesel,Canada,2.6077,CAD,liter,2026-10-03T14:01:37+03:00
2026-10-06,CA,gasoline,Canada,1.8365,CAD,liter,2026-10-03T14:01:37+03:00
2026-10-06,CA,gasoline_premium,Canada,1.9955,CAD,liter,2026-10-03T14:01:37+03:00
2026-10-06,CA,gasoline_super,Canada,2.1035,CAD,liter,2026-10-03T14:01:37+03:00
2026-10-06,CA,lpg,Canada,1.267,CAD,liter,2026-10-03T14:01:37+03:00
2026-10-06,CA,premium,Canada,2.1035,CAD,liter,2026-10-03T14:01:37+03:00
2026-10-06,CH,diesel,Switzerland,2.321,CHF,liter,2026-10-03T14:01:37+03:00
2026-10-06,CH,gasoline,Switzerland,2.0593,CHF,liter,2026-10-03T14:01:37+03:00
2026-10-06,CH,gasoline_premium,Switzerland,2.25,CHF,liter,2026-10-03T14:01:37+03:00
2026-10-06,CH,lpg,Switzerland,1.187,CHF,liter,2026-10-03T14:01:37+03:00
2026-10-06,CH,premium,Switzerland,2.25,CHF,liter,2026-10-03T14:01:37+03:00
2026-10-06,CI,diesel,Ivory Coast,725,XOF,liter,2026-10-03T14:01:37+03:00
2026-10-06,CI,gasoline,Ivory Coast,905,XOF,liter,2026-10-03T14:01:37+03:00
2026-10-06,CI,kerosene,Ivory Coast,780,XOF,liter,2026-10-03T14:01:37+03:00
2026-10-06,CL,cng,Chile,906,CLP,m3,2026-10-03T14:01:37+03:00
2026-10-06,CL,diesel,Chile,1435.7942,CLP,liter,2026-10-03T14:01:37+03:00
2026-10-06,CL,gasoline,Chile,1514.2327,CLP,liter,2026-10-03T14:01:37+03:00
2026-10-06,CL,gasoline_premium,Chile,1522.1778,CLP,liter,2026-10-03T14:01:37+03:00
2026-10-06,CL,gasoline_super,Chile,1563.2028,CLP,liter,2026-10-03T14:01:37+03:00
2026-10-06,CL,lpg,Chile,681.5,CLP,liter,2026-10-03T14:01:37+03:00
2026-10-06,CL,premium,Chile,1563.2028,CLP,liter,2026-10-03T14:01:37+03:00
2026-10-06,CN,diesel,China,8.3082,CNY,liter,2026-10-03T14:01:37+03:00
2026-10-06,CN,gasoline,China,8.6098,CNY,liter,2026-10-03T14:01:37+03:00
2026-10-06,CN,gasoline_premium,China,9.1267,CNY,liter,2026-10-03T14:01:37+03:00
2026-10-06,CN,gasoline_super,China,10.6609,CNY,liter,2026-10-03T14:01:37+03:00
2026-10-06,CN,premium,China,10.6609,CNY,liter,2026-10-03T14:01:37+03:00
2026-10-06,CO,cng,Colombia,3499,COP,m3,2026-10-03T14:01:37+03:00
2026-10-06,CO,diesel,Colombia,11219,COP,gallon,2026-10-03T14:01:37+03:00
2026-10-06,CO,diesel_premium,Colombia,11450,COP,gallon,2026-10-03T14:01:37+03:00
2026-10-06,CO,gasoline,Colombia,15977.25,COP,gallon,2026-10-03T14:01:37+03:00
2026-10-06,CO,gasoline_premium,Colombia,22050,COP,gallon,2026-10-03T14:01:37+03:00
2026-10-06,CO,lpg,Colombia,2490,COP,gallon,2026-10-03T14:01:37+03:00
2026-10-06,CO,premium,Colombia,22050,COP,gallon,2026-10-03T14:01:37+03:00
2026-10-06,CR,diesel,Costa Rica,688,CRC,liter,2026-10-03T14:01:37+03:00
2026-10-06,CR,gasoline,Costa Rica,707,CRC,liter,2026-10-03T14:01:37+03:00
2026-10-06,CR,gasoline_premium,Costa Rica,726,CRC,liter,2026-10-03T14:01:37+03:00
2026-10-06,CR,premium,Costa Rica,726,CRC,liter,2026-10-03T14:01:37+03:00
2026-10-06,CU,diesel,Cuba,132,CUP,liter,2026-10-03T14:01:37+03:00
2026-10-06,CU,diesel_premium,Cuba,150,CUP,liter,2026-10-03T14:01:37+03:00
2026-10-06,CU,gasoline,Cuba,132,CUP,liter,2026-10-03T14:01:37+03:00
2026-10-06,CU,gasoline_premium,Cuba,156,CUP,liter,2026-10-03T14:01:37+03:00
2026-10-06,CU,gasoline_regular,Cuba,114,CUP,liter,2026-10-03T14:01:37+03:00
2026-10-06,CU,gasoline_super,Cuba,198,CUP,liter,2026-10-03T14:01:37+03:00
2026-10-06,CU,premium,Cuba,198,CUP,liter,2026-10-03T14:01:37+03:00
2026-10-06,CV,diesel,Cape Verde,190.3,CVE,liter,2026-10-03T14:01:37+03:00
2026-10-06,CV,gasoline,Cape Verde,197.2,CVE,liter,2026-10-03T14:01:37+03:00
2026-10-06,CY,diesel,Cyprus,1.9327,EUR,liter,2026-10-03T14:01:37+03:00
2026-10-06,CY,gasoline,Cyprus,1.7336,EUR,liter,2026-10-03T14:01:37+03:00
2026-10-06,CY,gasoline_premium,Cyprus,1.778,EUR,liter,2026-10-03T14:01:37+03:00
2026-10-06,CY,premium,Cyprus,1.778,EUR,liter,2026-10-03T14:01:37+03:00
2026-10-06,CZ,cng,Czech Republic,44.8,CZK,kg,2026-10-03T14:01:37+03:00
2026-10-06,CZ,diesel,Czech Republic,49.2774,CZK,liter,2026-10-03T14:01:37+03:00
2026-10-06,CZ,diesel_premium,Czech Republic,47.5,CZK,liter,2026-10-03T14:01:37+03:00
2026-10-06,CZ,gasoline,Czech Republic,45.2136,CZK,liter,2026-10-03T14:01:37+03:00
2026-10-06,CZ,gasoline_premium,Czech Republic,48.1,CZK,liter,2026-10-03T14:01:37+03:00
2026-10-06,CZ,lpg,Czech Republic,21.4641,CZK,liter,2026-10-03T14:01:37+03:00
2026-10-06,CZ,premium,Czech Republic,48.1,CZK,liter,2026-10-03T14:01:37+03:00
2026-10-06,DE,diesel,Germany,2.3838,EUR,liter,2026-10-03T14:01:37+03:00
2026-10-06,DE,diesel_premium,Germany,2.5662,EUR,liter,2026-10-03T14:01:37+03:00
2026-10-06,DE,gasoline,Germany,2.2901,EUR,liter,2026-10-03T14:01:37+03:00
2026-10-06,DE,gasoline_premium,Germany,2.27,EUR,liter,2026-10-03T14:01:37+03:00
2026-10-06,DE,lpg,Germany,1.1395,EUR,liter,2026-10-03T14:01:37+03:00
2026-10-06,DE,premium,Germany,2.27,EUR,liter,2026-10-03T14:01:37+03:00
2026-10-06,DK,diesel,Denmark,18.8616,DKK,liter,2026-10-03T14:01:37+03:00
2026-10-06,DK,diesel_premium,Denmark,19.8028,DKK,liter,2026-10-03T14:01:37+03:00
2026-10-06,DK,gasoline,Denmark,17.7368,DKK,liter,2026-10-03T14:01:37+03:00
2026-10-06,DK,gasoline_premium,Denmark,19.5693,DKK,liter,2026-10-03T14:01:37+03:00
2026-10-06,DK,premium,Denmark,19.5693,DKK,liter,2026-10-03T14:01:37+03:00
2026-10-06,DO,diesel,Dominican Republic,270.8,DOP,gallon,2026-10-03T14:01:37+03:00
2026-10-06,DO,diesel_premium,Dominican Republic,306.1,DOP,gallon,2026-10-03T14:01:37+03:00
2026-10-06,DO,gasoline,Dominican Republic,317.5,DOP,gallon,2026-10-03T14:01:37+03:00
2026-10-06,DO,gasoline_premium,Dominican Republic,353.1,DOP,gallon,2026-10-03T14:01:37+03:00
2026-10-06,DO,kerosene,Dominican Republic,380.1,DOP,gallon,2026-10-03T14:01:37+03:00
2026-10-06,DO,lpg,Dominican Republic,135.2,DOP,gallon,2026-10-03T14:01:37+03:00
2026-10-06,DO,premium,Dominican Republic,353.1,DOP,gallon,2026-10-03T14:01:37+03:00
2026-10-06,DZ,diesel,Algeria,31,DZD,liter,2026-10-03T14:01:37+03:00
2026-10-06,DZ,gasoline,Algeria,47,DZD,liter,2026-10-03T14:01:37+03:00
2026-10-06,DZ,lpg,Algeria,12.3846,DZD,liter,2026-10-03T14:01:37+03:00
2026-10-06,EC,diesel,Ecuador,3.15,USD,gallon,2026-10-03T14:01:37+03:00
2026-10-06,EC,gasoline,Ecuador,3.21,USD,gallon,2026-10-03T14:01:37+03:00
2026-10-06,EC,gasoline_premium,Ecuador,4.74,USD,gallon,2026-10-03T14:01:37+03:00
2026-10-06,EC,premium,Ecuador,4.74,USD,gallon,2026-10-03T14:01:37+03:00
2026-10-06,EE,diesel,Estonia,2.1039,EUR,liter,2026-10-03T14:01:37+03:00
2026-10-06,EE,gasoline,Estonia,1.9248,EUR,liter,2026-10-03T14:01:37+03:00
2026-10-06,EE,gasoline_premium,Estonia,1.986,EUR,liter,2026-10-03T14:01:37+03:00
2026-10-06,EE,lpg,Estonia,1.0032,EUR,liter,2026-10-03T14:01:37+03:00
2026-10-06,EE,premium,Estonia,1.986,EUR,liter,2026-10-03T14:01:37+03:00
2026-10-06,EG,diesel,Egypt,20.5,EGP,liter,2026-10-03T14:01:37+03:00
2026-10-06,EG,gasoline,Egypt,22.25,EGP,liter,2026-10-03T14:01:37+03:00
2026-10-06,EG,gasoline_premium,Egypt,24,EGP,liter,2026-10-03T14:01:37+03:00
2026-10-06,EG,gasoline_regular,Egypt,20.75,EGP,liter,2026-10-03T14:01:37+03:00
2026-10-06,EG,kerosene,Egypt,20.5,EGP,liter,2026-10-03T14:01:37+03:00
2026-10-06,EG,premium,Egypt,24,EGP,liter,2026-10-03T14:01:37+03:00
2026-10-06,ES,cng,Spain,1.8815,EUR,kg,2026-10-03T14:01:37+03:00
2026-10-06,ES,diesel,Spain,1.9597,EUR,liter,2026-10-03T14:01:37+03:00
2026-10-06,ES,diesel_premium,Spain,2.0549,EUR,liter,2026-10-03T14:01:37+03:00
2026-10-06,ES,gasoline,Spain,1.8722,EUR,liter,2026-10-03T14:01:37+03:00
2026-10-06,ES,gasoline_premium,Spain,1.9815,EUR,liter,2026-10-03T14:01:37+03:00
2026-10-06,ES,lpg,Spain,1.128,EUR,liter,2026-10-03T14:01:37+03:00
2026-10-06,ES,premium,Spain,1.9815,EUR,liter,2026-10-03T14:01:37+03:00
2026-10-06,ET,diesel,Ethiopia,180.46,ETB,liter,2026-10-03T14:01:37+03:00
2026-10-06,ET,gasoline,Ethiopia,167.41,ETB,liter,2026-10-03T14:01:37+03:00
2026-10-06,ET,kerosene,Ethiopia,320.66,ETB,liter,2026-10-03T14:01:37+03:00
2026-10-06,FI,diesel,Finland,2.4898,EUR,liter,2026-10-03T14:01:37+03:00
2026-10-06,FI,gasoline,Finland,2.2984,EUR,liter,2026-10-03T14:01:37+03:00
2026-10-06,FI,gasoline_premium,Finland,2.359,EUR,liter,2026-10-03T14:01:37+03:00
2026-10-06,FI,premium,Finland,2.359,EUR,liter,2026-10-03T14:01:37+03:00
2026-10-06,FJ,diesel,Fiji,3.41,FJD,liter,2026-10-03T14:01:37+03:00
2026-10-06,FJ,gasoline,Fiji,3.15,FJD,liter,2026-10-03T14:01:37+03:00
2026-10-06,FJ,kerosene,Fiji,2.67,FJD,liter,2026-10-03T14:01:37+03:00
2026-10-06,FM,diesel,Micronesia,0.9344,EUR,liter,2026-05-02T15:49:36+03:00
2026-10-06,FM,gasoline,Micronesia,0.9794,EUR,liter,2026-05-02T15:49:36+03:00
2026-10-06,FO,diesel,Faroe Islands,16.13,DKK,liter,2026-10-03T14:01:37+03:00
2026-10-06,FO,gasoline,Faroe Islands,15.56,DKK,liter,2026-10-03T14:01:37+03:00
2026-10-06,FO,gasoline_premium,Faroe Islands,18.45,DKK,liter,2026-10-03T14:01:37+03:00
2026-10-06,FO,premium,Faroe Islands,18.45,DKK,liter,2026-10-03T14:01:37+03:00
2026-10-06,FR,diesel,France,2.3833,EUR,liter,2026-10-03T14:01:37+03:00
2026-10-06,FR,diesel_premium,France,2.377,EUR,liter,2026-10-03T14:01:37+03:00
2026-10-06,FR,e85,France,0.8965,EUR,liter,2026-10-03T14:01:37+03:00
2026-10-06,FR,gasoline,France,2.1884,EUR,liter,2026-10-03T14:01:37+03:00
2026-10-06,FR,gasoline_premium,France,2.2584,EUR,liter,2026-10-03T14:01:37+03:00
2026-10-06,FR,lpg,France,1.0495,EUR,liter,2026-10-03T14:01:37+03:00
2026-10-06,FR,premium,France,2.2584,EUR,liter,2026-10-03T14:01:37+03:00
2026-10-06,GB,diesel,United Kingdom,1.991,GBP,liter,2026-10-03T14:01:37+03:00
2026-10-06,GB,diesel_premium,United Kingdom,2.1822,GBP,liter,2026-10-03T14:01:37+03:00
2026-10-06,GB,gasoline,United Kingdom,1.7454,GBP,liter,2026-10-03T14:01:37+03:00
2026-10-06,GB,gasoline_premium,United Kingdom,1.9315,GBP,liter,2026-10-03T14:01:37+03:00
2026-10-06,GB,lpg,United Kingdom,0.98,GBP,liter,2026-10-03T14:01:37+03:00
2026-10-06,GB,premium,United Kingdom,1.9315,GBP,liter,2026-10-03T14:01:37+03:00
2026-10-06,GD,diesel,Grenada,17,XCD,imperial_gallon,2026-10-03T14:01:37+03:00
2026-10-06,GD,gasoline,Grenada,17,XCD,imperial_gallon,2026-10-03T14:01:37+03:00
2026-10-06,GD,kerosene,Grenada,16.86,XCD,imperial_gallon,2026-10-03T14:01:37+03:00
2026-10-06,GE,cng,Georgia,1.6,GEL,m3,2026-10-03T14:01:37+03:00
2026-10-06,GE,diesel,Georgia,4.7853,GEL,liter,2026-10-03T14:01:37+03:00
2026-10-06,GE,diesel_premium,Georgia,4.9204,GEL,liter,2026-10-03T14:01:37+03:00
2026-10-06,GE,gasoline,Georgia,4.1876,GEL,liter,2026-10-03T14:01:37+03:00
2026-10-06,GE,gasoline_premium,Georgia,4.5531,GEL,liter,2026-10-03T14:01:37+03:00
2026-10-06,GE,gasoline_regular,Georgia,3.91,GEL,liter,2026-10-03T14:01:37+03:00
2026-10-06,GE,lpg,Georgia,1.9108,GEL,liter,2026-10-03T14:01:37+03:00
2026-10-06,GE,premium,Georgia,4.5531,GEL,liter,2026-10-03T14:01:37+03:00
2026-10-06,GH,diesel,Ghana,18.1923,GHS,liter,2026-10-03T14:01:37+03:00
2026-10-06,GH,gasoline,Ghana,16.823,GHS,liter,2026-10-03T14:01:37+03:00
2026-10-06,GH,gasoline_premium,Ghana,19.0829,GHS,liter,2026-10-03T14:01:37+03:00
2026-10-06,GH,kerosene,Ghana,18.38,GHS,liter,2026-10-03T14:01:37+03:00
2026-10-06,GH,lpg,Ghana,16.562,GHS,kg,2026-10-03T14:01:37+03:00
2026-10-06,GH,premium,Ghana,19.0829,GHS,liter,2026-10-03T14:01:37+03:00
2026-10-06,GM,diesel,Gambia,120,GMD,liter,2026-10-03T14:01:37+03:00
2026-10-06,GM,gasoline,Gambia,109.8,GMD,liter,2026-10-03T14:01:37+03:00
2026-10-06,GM,kerosene,Gambia,112.64,GMD,liter,2026-10-03T14:01:37+03:00
2026-10-06,GN,diesel,Guinea,12000,GNF,liter,2026-10-03T14:01:37+03:00
2026-10-06,GN,gasoline,Guinea,12000,GNF,liter,2026-10-03T14:01:37+03:00
2026-10-06,GR,diesel,Greece,2.1336,EUR,liter,2026-10-03T14:01:37+03:00
2026-10-06,GR,diesel_premium,Greece,2.22,EUR,liter,2026-10-03T14:01:37+03:00
2026-10-06,GR,gasoline,Greece,2.2094,EUR,liter,2026-10-03T14:01:37+03:00
2026-10-06,GR,gasoline_super,Greece,2.421,EUR,liter,2026-10-03T14:01:37+03:00
2026-10-06,GR,lpg,Greece,1.0952,EUR,liter,2026-10-03T14:01:37+03:00
2026-10-06,GR,premium,Greece,2.421,EUR,liter,2026-10-03T14:01:37+03:00
2026-10-06,GT,diesel,Guatemala,45.6154,GTQ,gallon,2026-10-03T14:01:37+03:00
2026-10-06,GT,gasoline,Guatemala,39.2108,GTQ,gallon,2026-10-03T14:01:37+03:00
2026-10-06,GT,gasoline_premium,Guatemala,40.9462,GTQ,gallon,2026-10-03T14:01:37+03:00
2026-10-06,GT,premium,Guatemala,40.9462,GTQ,gallon,2026-10-03T14:01:37+03:00
2026-10-06,GW,diesel,Guinea-Bissau,898,XOF,liter,2026-10-03T14:01:37+03:00
2026-10-06,GW,gasoline,Guinea-Bissau,899,XOF,liter,2026-10-03T14:01:37+03:00
2026-10-06,GY,diesel,Guyana,318,GYD,liter,2026-10-03T14:01:37+03:00
2026-10-06,GY,gasoline,Guyana,258,GYD,liter,2026-10-03T14:01:37+03:00
2026-10-06,GY,kerosene,Guyana,230,GYD,liter,2026-10-03T14:01:37+03:00
2026-10-06,HK,diesel,Hong Kong,37.18,HKD,liter,2026-10-03T14:01:37+03:00
2026-10-06,HK,gasoline,Hong Kong,34.62,HKD,liter,2026-10-03T14:01:37+03:00
2026-10-06,HK,gasoline_premium,Hong Kong,36.33,HKD,liter,2026-10-03T14:01:37+03:00
2026-10-06,HK,lpg,Hong Kong,4.19,HKD,liter,2026-10-03T14:01:37+03:00
2026-10-06,HK,premium,Hong Kong,36.33,HKD,liter,2026-10-03T14:01:37+03:00
2026-10-06,HN,diesel,Honduras,148.01,HNL,gallon,2026-10-03T14:01:37+03:00
2026-10-06,HN,gasoline,Honduras,130.51,HNL,gallon,2026-10-03T14:01:37+03:00
2026-10-06,HN,gasoline_premium,Honduras,143.73,HNL,gallon,2026-10-03T14:01:37+03:00
2026-10-06,HN,kerosene,Honduras,129.86,HNL,gallon,2026-10-03T14:01:37+03:00
2026-10-06,HN,lpg,Honduras,49.94,HNL,gallon,2026-10-03T14:01:37+03:00
2026-10-06,HN,premium,Honduras,143.73,HNL,gallon,2026-10-03T14:01:37+03:00
2026-10-06,HR,diesel,Croatia,1.9354,EUR,liter,2026-10-03T14:01:37+03:00
2026-10-06,HR,diesel_premium,Croatia,2.125,EUR,liter,2026-10-03T14:01:37+03:00
2026-10-06,HR,gasoline,Croatia,1.7792,EUR,liter,2026-10-03T14:01:37+03:00
2026-10-06,HR,gasoline_super,Croatia,2.3833,EUR,liter,2026-10-03T14:01:37+03:00
2026-10-06,HR,lpg,Croatia,0.8465,EUR,liter,2026-10-03T14:01:37+03:00
2026-10-06,HR,premium,Croatia,2.3833,EUR,liter,2026-10-03T14:01:37+03:00
2026-10-06,HT,diesel,Haiti,203.4126,HTG,liter,2026-10-03T14:01:37+03:00
2026-10-06,HT,gasoline,Haiti,184.9205,HTG,liter,2026-10-03T14:01:37+03:00
2026-10-06,HT,kerosene,Haiti,202.0917,HTG,liter,2026-10-03T14:01:37+03:00
2026-10-06,HU,cng,Hungary,850,HUF,kg,2026-10-03T14:01:37+03:00
2026-10-06,HU,diesel,Hungary,709.6429,HUF,liter,2026-10-03T14:01:37+03:00
2026-10-06,HU,diesel_premium,Hungary,806,HUF,liter,2026-10-03T14:01:37+03:00
2026-10-06,HU,gasoline,Hungary,632.3214,HUF,liter,2026-10-03T14:01:37+03:00
2026-10-06,HU,gasoline_premium,Hungary,720,HUF,liter,2026-10-03T14:01:37+03:00
2026-10-06,HU,lpg,Hungary,351.3478,HUF,liter,2026-10-03T14:01:37+03:00
2026-10-06,HU,premium,Hungary,720,HUF,liter,2026-10-03T14:01:37+03:00
2026-10-06,ID,diesel,Indonesia,24007.6923,IDR,liter,2026-10-03T14:01:37+03:00
2026-10-06,ID,gasoline,Indonesia,16165.3846,IDR,liter,2026-10-03T14:01:37+03:00
2026-10-06,ID,gasoline_premium,Indonesia,19846.1538,IDR,liter,2026-10-03T14:01:37+03:00
2026-10-06,ID,premium,Indonesia,19846.1538,IDR,liter,2026-10-03T14:01:37+03:00
2026-10-06,IE,diesel,Ireland,2.0396,EUR,liter,2026-10-03T14:01:37+03:00
2026-10-06,IE,gasoline,Ireland,1.9168,EUR,liter,2026-10-03T14:01:37+03:00
2026-10-06,IL,diesel,Israel,7.8873,ILS,liter,2026-10-03T14:01:37+03:00
2026-10-06,IL,gasoline,Israel,8.27,ILS,liter,2026-10-03T14:01:37+03:00
2026-10-06,IN,cng,India,86.98,INR,kg,2026-10-03T14:01:37+03:00
2026-10-06,IN,diesel,India,95.2,INR,liter,2026-10-03T14:01:37+03:00
2026-10-06,IN,gasoline,India,102.12,INR,liter,2026-10-03T14:01:37+03:00
2026-10-06,IQ,diesel,Iraq,400,IQD,liter,2026-10-03T14:01:37+03:00
2026-10-06,IQ,gasoline,Iraq,850,IQD,liter,2026-10-03T14:01:37+03:00
2026-10-06,IQ,gasoline_regular,Iraq,450,IQD,liter,2026-10-03T14:01:37+03:00
2026-10-06,IQ,gasoline_super,Iraq,1250,IQD,liter,2026-10-03T14:01:37+03:00
2026-10-06,IQ,kerosene,Iraq,150,IQD,liter,2026-10-03T14:01:37+03:00
2026-10-06,IQ,premium,Iraq,1250,IQD,liter,2026-10-03T14:01:37+03:00
2026-10-06,IS,diesel,Iceland,315.5164,ISK,liter,2026-10-03T14:01:37+03:00
2026-10-06,IS,gasoline,Iceland,272.4611,ISK,liter,2026-10-03T14:01:37+03:00
2026-10-06,IT,cng,Italy,1.8986,EUR,kg,2026-10-03T14:01:37+03:00
2026-10-06,IT,diesel,Italy,2.3038,EUR,liter,2026-10-03T14:01:37+03:00
2026-10-06,IT,diesel_premium,Italy,2.3928,EUR,liter,2026-10-03T14:01:37+03:00
2026-10-06,IT,gasoline,Italy,2.1071,EUR,liter,2026-10-03T14:01:37+03:00
2026-10-06,IT,gasoline_premium,Italy,2.2596,EUR,liter,2026-10-03T14:01:37+03:00
2026-10-06,IT,gasoline_super,Italy,2.3859,EUR,liter,2026-10-03T14:01:37+03:00
2026-10-06,IT,lpg,Italy,0.7529,EUR,liter,2026-10-03T14:01:37+03:00
2026-10-06,IT,premium,Italy,2.3859,EUR,liter,2026-10-03T14:01:37+03:00
2026-10-06,JM,diesel,Jamaica,264.7052,JMD,liter,2026-10-03T14:01:37+03:00
2026-10-06,JM,gasoline,Jamaica,230.1764,JMD,liter,2026-10-03T14:01:37+03:00
2026-10-06,JM,gasoline_premium,Jamaica,240.8293,JMD,liter,2026-10-03T14:01:37+03:00
2026-10-06,JM,kerosene,Jamaica,217.6659,JMD,liter,2026-10-03T14:01:37+03:00
2026-10-06,JM,premium,Jamaica,240.8293,JMD,liter,2026-10-03T14:01:37+03:00
2026-10-06,JO,diesel,Jordan,0.9,JOD,liter,2026-10-03T14:01:37+03:00
2026-10-06,JO,gasoline,Jordan,1.05,JOD,liter,2026-10-03T14:01:37+03:00
2026-10-06,JO,gasoline_premium,Jordan,1.36,JOD,liter,2026-10-03T14:01:37+03:00
2026-10-06,JO,gasoline_super,Jordan,1.51,JOD,liter,2026-10-03T14:01:37+03:00
2026-10-06,JO,kerosene,Jordan,0.55,JOD,liter,2026-10-03T14:01:37+03:00
2026-10-06,JO,premium,Jordan,1.51,JOD,liter,2026-10-03T14:01:37+03:00
2026-10-06,JP,diesel,Japan,151.9804,JPY,liter,2026-10-03T14:01:37+03:00
2026-10-06,JP,gasoline,Japan,163.6431,JPY,liter,2026-10-03T14:01:37+03:00
2026-10-06,JP,gasoline_premium,Japan,174.3922,JPY,liter,2026-10-03T14:01:37+03:00
2026-10-06,JP,lpg,Japan,138.2,JPY,liter,2026-10-03T14:01:37+03:00
2026-10-06,JP,premium,Japan,174.3922,JPY,liter,2026-10-03T14:01:37+03:00
2026-10-06,KE,diesel,Kenya,217,KES,liter,2026-10-03T14:01:37+03:00
2026-10-06,KE,gasoline,Kenya,214,KES,liter,2026-10-03T14:01:37+03:00
2026-10-06,KE,kerosene,Kenya,191.38,KES,liter,2026-10-03T14:01:37+03:00
2026-10-06,KG,diesel,Kyrgyzstan,100.3739,KGS,liter,2026-10-03T14:01:37+03:00
2026-10-06,KG,gasoline,Kyrgyzstan,88.4106,KGS,liter,2026-10-03T14:01:37+03:00
2026-10-06,KG,gasoline_premium,Kyrgyzstan,109.8533,KGS,liter,2026-10-03T14:01:37+03:00
2026-10-06,KG,gasoline_super,Kyrgyzstan,149.9,KGS,liter,2026-10-03T14:01:37+03:00
2026-10-06,KG,lpg,Kyrgyzstan,48.8,KGS,liter,2026-10-03T14:01:37+03:00
2026-10-06,KG,premium,Kyrgyzstan,149.9,KGS,liter,2026-10-03T14:01:37+03:00
2026-10-06,KH,diesel,Cambodia,5800,KHR,liter,2026-10-03T14:01:37+03:00
2026-10-06,KH,gasoline,Cambodia,5183.3333,KHR,liter,2026-10-03T14:01:37+03:00
2026-10-06,KH,gasoline_premium,Cambodia,6250,KHR,liter,2026-10-03T14:01:37+03:00
2026-10-06,KH,premium,Cambodia,6250,KHR,liter,2026-10-03T14:01:37+03:00
2026-10-06,KN,gasoline,Saint Kitts and Nevis,16.93,XCD,imperial_gallon,2026-10-03T14:01:37+03:00
2026-10-06,KR,diesel,South Korea,1843.5816,KRW,liter,2026-10-03T14:01:37+03:00
2026-10-06,KR,gasoline,South Korea,1857.8413,KRW,liter,2026-10-03T14:01:37+03:00
2026-10-06,KR,gasoline_premium,South Korea,2343.5,KRW,liter,2026-10-03T14:01:37+03:00
2026-10-06,KR,kerosene,South Korea,1572.65,KRW,liter,2026-10-03T14:01:37+03:00
2026-10-06,KR,lpg,South Korea,1096.37,KRW,liter,2026-10-03T14:01:37+03:00
2026-10-06,KR,premium,South Korea,2343.5,KRW,liter,2026-10-03T14:01:37+03:00
2026-10-06,KU,diesel,Kurdistan Region,1350,IQD,liter,2026-10-03T14:01:37+03:00
2026-10-06,KU,gasoline,Kurdistan Region,1080,IQD,liter,2026-10-03T14:01:37+03:00
2026-10-06,KU,gasoline_premium,Kurdistan Region,1450,IQD,liter,2026-10-03T14:01:37+03:00
2026-10-06,KU,premium,Kurdistan Region,1450,IQD,liter,2026-10-03T14:01:37+03:00
2026-10-06,KW,diesel,Kuwait,0.115,KWD,liter,2026-10-03T14:01:37+03:00
2026-10-06,KW,gasoline,Kuwait,0.085,KWD,liter,2026-10-03T14:01:37+03:00
2026-10-06,KW,gasoline_premium,Kuwait,0.105,KWD,liter,2026-10-03T14:01:37+03:00
2026-10-06,KW,gasoline_super,Kuwait,0.275,KWD,liter,2026-10-03T14:01:37+03:00
2026-10-06,KW,kerosene,Kuwait,0.115,KWD,liter,2026-10-03T14:01:37+03:00
2026-10-06,KW,premium,Kuwait,0.275,KWD,liter,2026-10-03T14:01:37+03:00
2026-10-06,KY,diesel,Cayman Islands,6.37,KYD,imperial_gallon,2026-10-03T14:01:37+03:00
2026-10-06,KY,gasoline,Cayman Islands,5.78,KYD,imperial_gallon,2026-10-03T14:01:37+03:00
2026-10-06,KY,gasoline_premium,Cayman Islands,6.37,KYD,imperial_gallon,2026-10-03T14:01:37+03:00
2026-10-06,KY,premium,Cayman Islands,6.37,KYD,imperial_gallon,2026-10-03T14:01:37+03:00
2026-10-06,KZ,diesel,Kazakhstan,342.0059,KZT,liter,2026-10-03T14:01:37+03:00
2026-10-06,KZ,gasoline,Kazakhstan,312.2797,KZT,liter,2026-10-03T14:01:37+03:00
2026-10-06,KZ,gasoline_premium,Kazakhstan,352.7256,KZT,liter,2026-10-03T14:01:37+03:00
2026-10-06,KZ,gasoline_regular,Kazakhstan,245.6149,KZT,liter,2026-10-03T14:01:37+03:00
2026-10-06,KZ,lpg,Kazakhstan,105.1485,KZT,liter,2026-10-03T14:01:37+03:00
2026-10-06,KZ,premium,Kazakhstan,352.7256,KZT,liter,2026-10-03T14:01:37+03:00
2026-10-06,LA,diesel,Laos,33898.463,LAK,liter,2026-10-03T14:01:37+03:00
2026-10-06,LA,gasoline,Laos,34458.5407,LAK,liter,2026-10-03T14:01:37+03:00
2026-10-06,LA,gasoline_premium,Laos,43380,LAK,liter,2026-10-03T14:01:37+03:00
2026-10-06,LA,premium,Laos,43380,LAK,liter,2026-10-03T14:01:37+03:00
2026-10-06,LB,diesel,Lebanon,136300,LBP,liter,2026-10-03T14:01:37+03:00
2026-10-06,LB,gasoline,Lebanon,141850,LBP,liter,2026-10-03T14:01:37+03:00
2026-10-06,LB,gasoline_premium,Lebanon,142700,LBP,liter,2026-10-03T14:01:37+03:00
2026-10-06,LB,lpg,Lebanon,66650,LBP,liter,2026-10-03T14:01:37+03:00
2026-10-06,LB,premium,Lebanon,142700,LBP,liter,2026-10-03T14:01:37+03:00
2026-10-06,LC,diesel,Saint Lucia,3.79,XCD,liter,2026-10-03T14:01:37+03:00
2026-10-06,LC,gasoline,Saint Lucia,3.79,XCD,liter,2026-10-03T14:01:37+03:00
2026-10-06,LC,kerosene,Saint Lucia,2.29,XCD,liter,2026-10-03T14:01:37+03:00
2026-10-06,LI,diesel,Liechtenstein,2.3393,CHF,liter,2026-10-03T14:01:37+03:00
2026-10-06,LI,gasoline,Liechtenstein,2.12,CHF,liter,2026-10-03T14:01:37+03:00
2026-10-06,LI,gasoline_premium,Liechtenstein,2.22,CHF,liter,2026-10-03T14:01:37+03:00
2026-10-06,LI,premium,Liechtenstein,2.22,CHF,liter,2026-10-03T14:01:37+03:00
2026-10-06,LK,diesel,Sri Lanka,392,LKR,liter,2026-10-03T14:01:37+03:00
2026-10-06,LK,diesel_premium,Sri Lanka,528,LKR,liter,2026-10-03T14:01:37+03:00
2026-10-06,LK,gasoline,Sri Lanka,414,LKR,liter,2026-10-03T14:01:37+03:00
2026-10-06,LK,gasoline_premium,Sri Lanka,475,LKR,liter,2026-10-03T14:01:37+03:00
2026-10-06,LK,kerosene,Sri Lanka,285,LKR,liter,2026-10-03T14:01:37+03:00
2026-10-06,LK,premium,Sri Lanka,475,LKR,liter,2026-10-03T14:01:37+03:00
2026-10-06,LR,diesel,Liberia,315.0112,LRD,liter,2026-10-03T14:01:37+03:00
2026-10-06,LR,gasoline,Liberia,257.6771,LRD,liter,2026-10-03T14:01:37+03:00
2026-10-06,LS,diesel,Lesotho,30.95,LSL,liter,2026-10-03T14:01:37+03:00
2026-10-06,LS,gasoline,Lesotho,24.5,LSL,liter,2026-10-03T14:01:37+03:00
2026-10-06,LS,gasoline_premium,Lesotho,24.8,LSL,liter,2026-10-03T14:01:37+03:00
2026-10-06,LS,premium,Lesotho,24.8,LSL,liter,2026-10-03T14:01:37+03:00
2026-10-06,LT,diesel,Lithuania,2.2298,EUR,liter,2026-10-03T14:01:37+03:00
2026-10-06,LT,diesel_premium,Lithuania,2.296,EUR,liter,2026-10-03T14:01:37+03:00
2026-10-06,LT,gasoline,Lithuania,1.9258,EUR,liter,2026-10-03T14:01:37+03:00
2026-10-06,LT,gasoline_premium,Lithuania,2.0108,EUR,liter,2026-10-03T14:01:37+03:00
2026-10-06,LT,lpg,Lithuania,0.8155,EUR,liter,2026-10-03T14:01:37+03:00
2026-10-06,LT,premium,Lithuania,2.0108,EUR,liter,2026-10-03T14:01:37+03:00
2026-10-06,LU,diesel,Luxembourg,2.0284,EUR,liter,2026-10-03T14:01:37+03:00
2026-10-06,LU,gasoline,Luxembourg,1.8218,EUR,liter,2026-10-03T14:01:37+03:00
2026-10-06,LU,gasoline_premium,Luxembourg,1.9002,EUR,liter,2026-10-03T14:01:37+03:00
2026-10-06,LU,lpg,Luxembourg,0.8319,EUR,liter,2026-10-03T14:01:37+03:00
2026-10-06,LU,premium,Luxembourg,1.9002,EUR,liter,2026-10-03T14:01:37+03:00
2026-10-06,LV,diesel,Latvia,2.1007,EUR,liter,2026-10-03T14:01:37+03:00
2026-10-06,LV,diesel_premium,Latvia,2.2056,EUR,liter,2026-10-03T14:01:37+03:00
2026-10-06,LV,gasoline,Latvia,1.9447,EUR,liter,2026-10-03T14:01:37+03:00
2026-10-06,LV,gasoline_premium,Latvia,2.006,EUR,liter,2026-10-03T14:01:37+03:00
2026-10-06,LV,lpg,Latvia,0.9314,EUR,liter,2026-10-03T14:01:37+03:00
2026-10-06,LV,premium,Latvia,2.006,EUR,liter,2026-10-03T14:01:37+03:00
2026-10-06,MA,diesel,Morocco,15.8543,MAD,liter,2026-10-03T14:01:37+03:00
2026-10-06,MA,gasoline,Morocco,15.4189,MAD,liter,2026-10-03T14:01:37+03:00
2026-10-06,MC,diesel,Monaco,2.4837,EUR,liter,2026-10-03T14:01:37+03:00
2026-10-06,MC,gasoline,Monaco,2.2795,EUR,liter,2026-10-03T14:01:37+03:00
2026-10-06,MC,gasoline_premium,Monaco,2.3415,EUR,liter,2026-10-03T14:01:37+03:00
2026-10-06,MC,lpg,Monaco,1.15,EUR,liter,2026-10-03T14:01:37+03:00
2026-10-06,MC,premium,Monaco,2.3415,EUR,liter,2026-10-03T14:01:37+03:00
2026-10-06,MD,diesel,Moldova,35.7733,MDL,liter,2026-10-03T14:01:37+03:00
2026-10-06,MD,gasoline,Moldova,34.1367,MDL,liter,2026-10-03T14:01:37+03:00
2026-10-06,MD,lpg,Moldova,15.2,MDL,liter,2026-10-03T14:01:37+03:00
2026-10-06,ME,diesel,Montenegro,1.9381,EUR,liter,2026-10-03T14:01:37+03:00
2026-10-06,ME,gasoline,Montenegro,1.7429,EUR,liter,2026-10-03T14:01:37+03:00
2026-10-06,ME,gasoline_premium,Montenegro,1.7829,EUR,liter,2026-10-03T14:01:37+03:00
2026-10-06,ME,premium,Montenegro,1.7829,EUR,liter,2026-10-03T14:01:37+03:00
2026-10-06,MG,diesel,Madagascar,4860,MGA,liter,2026-10-03T14:01:37+03:00
2026-10-06,MG,gasoline,Madagascar,5300,MGA,liter,2026-10-03T14:01:37+03:00
2026-10-06,MG,kerosene,Madagascar,3710,MGA,liter,2026-10-03T14:01:37+03:00
2026-10-06,MK,cng,North Macedonia,88.5,MKD,kg,2026-10-03T14:01:37+03:00
2026-10-06,MK,diesel,North Macedonia,100,MKD,liter,2026-10-03T14:01:37+03:00
2026-10-06,MK,diesel_premium,North Macedonia,101,MKD,liter,2026-10-03T14:01:37+03:00
2026-10-06,MK,gasoline,North Macedonia,100,MKD,liter,2026-10-03T14:01:37+03:00
2026-10-06,MK,gasoline_premium,North Macedonia,102,MKD,liter,2026-10-03T14:01:37+03:00
2026-10-06,MK,lpg,North Macedonia,47,MKD,liter,2026-10-03T14:01:37+03:00
2026-10-06,MK,premium,North Macedonia,102,MKD,liter,2026-10-03T14:01:37+03:00
2026-10-06,MM,diesel,Myanmar,4815,MMK,liter,2026-10-03T14:01:37+03:00
2026-10-06,MM,diesel_premium,Myanmar,5795,MMK,liter,2026-10-03T14:01:37+03:00
2026-10-06,MM,gasoline,Myanmar,4540,MMK,liter,2026-10-03T14:01:37+03:00
2026-10-06,MM,gasoline_premium,Myanmar,4730,MMK,liter,2026-10-03T14:01:37+03:00
2026-10-06,MM,premium,Myanmar,4730,MMK,liter,2026-10-03T14:01:37+03:00
2026-10-06,MN,diesel,Mongolia,4895,MNT,liter,2026-10-03T14:01:37+03:00
2026-10-06,MN,gasoline,Mongolia,3118.75,MNT,liter,2026-10-03T14:01:37+03:00
2026-10-06,MN,gasoline_premium,Mongolia,5080,MNT,liter,2026-10-03T14:01:37+03:00
2026-10-06,MN,gasoline_super,Mongolia,5550,MNT,liter,2026-10-03T14:01:37+03:00
2026-10-06,MN,lpg,Mongolia,1840,MNT,liter,2026-10-03T14:01:37+03:00
2026-10-06,MN,premium,Mongolia,5550,MNT,liter,2026-10-03T14:01:37+03:00
2026-10-06,MR,diesel,Mauritania,62.13,MRU,liter,2026-09-27T14:11:38+03:00
2026-10-06,MR,gasoline,Mauritania,65.02,MRU,liter,2026-09-27T14:11:38+03:00
2026-10-06,MT,diesel,Malta,1.215,EUR,liter,2026-10-03T14:01:37+03:00
2026-10-06,MT,diesel_premium,Malta,1.31,EUR,liter,2026-10-03T14:01:37+03:00
2026-10-06,MT,gasoline,Malta,1.346,EUR,liter,2026-10-03T14:01:37+03:00
2026-10-06,MT,gasoline_premium,Malta,1.49,EUR,liter,2026-10-03T14:01:37+03:00
2026-10-06,MT,premium,Malta,1.49,EUR,liter,2026-10-03T14:01:37+03:00
2026-10-06,MU,diesel,Mauritius,75.9833,MUR,liter,2026-10-03T14:01:37+03:00
2026-10-06,MU,gasoline,Mauritius,75.35,MUR,liter,2026-10-03T14:01:37+03:00
2026-10-06,MV,diesel,Maldives,17.54,MVR,liter,2026-10-03T14:01:37+03:00
2026-10-06,MV,gasoline,Maldives,16.01,MVR,liter,2026-10-03T14:01:37+03:00
2026-10-06,MW,diesel,Malawi,5863,MWK,liter,2026-10-03T14:01:37+03:00
2026-10-06,MW,gasoline,Malawi,5619,MWK,liter,2026-10-03T14:01:37+03:00
2026-10-06,MW,kerosene,Malawi,4546.5,MWK,liter,2026-10-03T14:01:37+03:00
2026-10-06,MX,diesel,Mexico,27.0014,MXN,liter,2026-10-03T14:01:37+03:00
2026-10-06,MX,gasoline,Mexico,23.7823,MXN,liter,2026-10-03T14:01:37+03:00
2026-10-06,MX,gasoline_premium,Mexico,28.6366,MXN,liter,2026-10-03T14:01:37+03:00
2026-10-06,MX,premium,Mexico,28.6366,MXN,liter,2026-10-03T14:01:37+03:00
2026-10-06,MY,diesel,Malaysia,5.27,MYR,liter,2026-10-03T14:01:37+03:00
2026-10-06,MY,gasoline,Malaysia,4.52,MYR,liter,2026-10-03T14:01:37+03:00
2026-10-06,MY,gasoline_premium,Malaysia,5,MYR,liter,2026-10-03T14:01:37+03:00
2026-10-06,MY,premium,Malaysia,5,MYR,liter,2026-10-03T14:01:37+03:00
2026-10-06,MZ,diesel,Mozambique,116.25,MZN,liter,2026-10-03T14:01:37+03:00
2026-10-06,MZ,gasoline,Mozambique,93.69,MZN,liter,2026-10-03T14:01:37+03:00
2026-10-06,MZ,kerosene,Mozambique,97.56,MZN,liter,2026-10-03T14:01:37+03:00
2026-10-06,NA,diesel,Namibia,27.86,NAD,liter,2026-10-03T14:01:37+03:00
2026-10-06,NA,diesel_premium,Namibia,27.96,NAD,liter,2026-10-03T14:01:37+03:00
2026-10-06,NA,gasoline,Namibia,25.08,NAD,liter,2026-10-03T14:01:37+03:00
2026-10-06,NC,diesel,New Caledonia,190.6,XPF,liter,2026-10-03T14:01:37+03:00
2026-10-06,NC,gasoline,New Caledonia,182.4,XPF,liter,2026-10-03T14:01:37+03:00
2026-10-06,NE,diesel,Niger,618,XOF,liter,2026-10-03T14:01:37+03:00
2026-10-06,NE,gasoline,Niger,499,XOF,liter,2026-10-03T14:01:37+03:00
2026-10-06,NG,diesel,Nigeria,1756.7157,NGN,liter,2026-10-03T14:01:37+03:00
2026-10-06,NG,gasoline,Nigeria,1347.7671,NGN,liter,2026-10-03T14:01:37+03:00
2026-10-06,NI,diesel,Nicaragua,43.22,NIO,liter,2026-10-03T14:01:37+03:00
2026-10-06,NI,gasoline,Nicaragua,47.82,NIO,liter,2026-10-03T14:01:37+03:00
2026-10-06,NI,gasoline_premium,Nicaragua,49,NIO,liter,2026-10-03T14:01:37+03:00
2026-10-06,NI,kerosene,Nicaragua,60.36,NIO,liter,2026-10-03T14:01:37+03:00
2026-10-06,NI,premium,Nicaragua,49,NIO,liter,2026-10-03T14:01:37+03:00
2026-10-06,NL,cng,Netherlands,1.6995,EUR,kg,2026-10-03T14:01:37+03:00
2026-10-06,NL,diesel,Netherlands,2.6413,EUR,liter,2026-10-03T14:01:37+03:00
2026-10-06,NL,diesel_premium,Netherlands,2.7918,EUR,liter,2026-10-03T14:01:37+03:00
2026-10-06,NL,gasoline,Netherlands,2.5777,EUR,liter,2026-10-03T14:01:37+03:00
2026-10-06,NL,gasoline_premium,Netherlands,2.863,EUR,liter,2026-10-03T14:01:37+03:00
2026-10-06,NL,lpg,Netherlands,1.1011,EUR,liter,2026-10-03T14:01:37+03:00
2026-10-06,NL,premium,Netherlands,2.863,EUR,liter,2026-10-03T14:01:37+03:00
2026-10-06,NO,diesel,Norway,23.7723,NOK,liter,2026-10-03T14:01:37+03:00
2026-10-06,NO,gasoline,Norway,21.7546,NOK,liter,2026-10-03T14:01:37+03:00
2026-10-06,NO,gasoline_premium,Norway,27.79,NOK,liter,2026-10-03T14:01:37+03:00
2026-10-06,NO,premium,Norway,27.79,NOK,liter,2026-10-03T14:01:37+03:00
2026-10-06,NP,diesel,Nepal,200,NPR,liter,2026-10-03T14:01:37+03:00
2026-10-06,NP,gasoline,Nepal,200,NPR,liter,2026-10-03T14:01:37+03:00
2026-10-06,NP,kerosene,Nepal,200,NPR,liter,2026-10-03T14:01:37+03:00
2026-10-06,NR,diesel,Nauru,2.9032,AUD,liter,2026-10-03T14:01:37+03:00
2026-10-06,NR,gasoline,Nauru,2.4238,AUD,liter,2026-10-03T14:01:37+03:00
2026-10-06,NR,kerosene,Nauru,2.1811,AUD,liter,2026-10-03T14:01:37+03:00
2026-10-06,NZ,diesel,New Zealand,3.1293,NZD,liter,2026-10-03T14:01:37+03:00
2026-10-06,NZ,gasoline,New Zealand,3.6036,NZD,liter,2026-10-03T14:01:37+03:00
2026-10-06,NZ,gasoline_premium,New Zealand,3.7909,NZD,liter,2026-10-03T14:01:37+03:00
2026-10-06,NZ,gasoline_regular,New Zealand,3.4158,NZD,liter,2026-10-03T14:01:37+03:00
2026-10-06,NZ,gasoline_super,New Zealand,3.7743,NZD,liter,2026-10-03T14:01:37+03:00
2026-10-06,NZ,lpg,New Zealand,1.9583,NZD,liter,2026-10-03T14:01:37+03:00
2026-10-06,NZ,premium,New Zealand,3.7743,NZD,liter,2026-10-03T14:01:37+03:00
2026-10-06,OM,diesel,Oman,0.258,OMR,liter,2026-10-03T14:01:37+03:00
2026-10-06,OM,gasoline,Oman,0.239,OMR,liter,2026-10-03T14:01:37+03:00
2026-10-06,OM,gasoline_premium,Oman,0.399,OMR,liter,2026-10-03T14:01:37+03:00
2026-10-06,OM,gasoline_regular,Oman,0.229,OMR,liter,2026-10-03T14:01:37+03:00
2026-10-06,OM,premium,Oman,0.399,OMR,liter,2026-10-03T14:01:37+03:00
2026-10-06,PA,diesel,Panama,3.4069,USD,gallon,2026-10-03T14:01:37+03:00
2026-10-06,PA,gasoline,Panama,4.8718,USD,gallon,2026-10-03T14:01:37+03:00
2026-10-06,PA,gasoline_premium,Panama,5.239,USD,gallon,2026-10-03T14:01:37+03:00
2026-10-06,PA,premium,Panama,5.239,USD,gallon,2026-10-03T14:01:37+03:00
2026-10-06,PE,diesel,Peru,25.905,PEN,gallon,2026-10-03T14:01:37+03:00
2026-10-06,PE,gasoline,Peru,22.105,PEN,gallon,2026-10-03T14:01:37+03:00
2026-10-06,PE,gasoline_premium,Peru,23.305,PEN,gallon,2026-10-03T14:01:37+03:00
2026-10-06,PE,lpg,Peru,6.98,PEN,gallon,2026-10-03T14:01:37+03:00
2026-10-06,PE,premium,Peru,23.305,PEN,gallon,2026-10-03T14:01:37+03:00
2026-10-06,PF,diesel,French Polynesia,165,XPF,liter,2026-09-05T11:14:47+03:00
2026-10-06,PF,gasoline,French Polynesia,165,XPF,liter,2026-09-05T11:14:47+03:00
2026-10-06,PF,kerosene,French Polynesia,137,XPF,liter,2026-09-05T11:14:47+03:00
2026-10-06,PG,diesel,Papua New Guinea,4.9,PGK,liter,2026-10-03T14:01:37+03:00
2026-10-06,PG,gasoline,Papua New Guinea,4.9,PGK,liter,2026-10-03T14:01:37+03:00
2026-10-06,PG,kerosene,Papua New Guinea,4.9,PGK,liter,2026-10-03T14:01:37+03:00
2026-10-06,PH,diesel,Philippines,95.6979,PHP,liter,2026-10-03T14:01:37+03:00
2026-10-06,PH,diesel_premium,Philippines,99.52,PHP,liter,2026-10-03T14:01:37+03:00
2026-10-06,PH,gasoline,Philippines,89.4627,PHP,liter,2026-10-03T14:01:37+03:00
2026-10-06,PH,gasoline_premium,Philippines,91.89,PHP,liter,2026-10-03T14:01:37+03:00
2026-10-06,PH,premium,Philippines,91.89,PHP,liter,2026-10-03T14:01:37+03:00
2026-10-06,PK,diesel,Pakistan,399.64,PKR,liter,2026-10-03T14:01:37+03:00
2026-10-06,PK,gasoline,Pakistan,392.76,PKR,liter,2026-10-03T14:01:37+03:00
2026-10-06,PK,gasoline_premium,Pakistan,410,PKR,liter,2026-10-03T14:01:37+03:00
2026-10-06,PK,kerosene,Pakistan,329.54,PKR,liter,2026-10-03T14:01:37+03:00
2026-10-06,PK,lpg,Pakistan,258.65,PKR,kg,2026-10-03T14:01:37+03:00
2026-10-06,PK,premium,Pakistan,410,PKR,liter,2026-10-03T14:01:37+03:00
2026-10-06,PL,diesel,Poland,8.8534,PLN,liter,2026-10-03T14:01:37+03:00
2026-10-06,PL,diesel_premium,Poland,9.045,PLN,liter,2026-10-03T14:01:37+03:00
2026-10-06,PL,gasoline,Poland,7.8638,PLN,liter,2026-10-03T14:01:37+03:00
2026-10-06,PL,gasoline_premium,Poland,8.5706,PLN,liter,2026-10-03T14:01:37+03:00
2026-10-06,PL,lpg,Poland,3.2125,PLN,liter,2026-10-03T14:01:37+03:00
2026-10-06,PL,premium,Poland,8.5706,PLN,liter,2026-10-03T14:01:37+03:00
2026-10-06,PS,diesel,Palestine,7.9025,ILS,liter,2026-10-03T14:01:37+03:00
2026-10-06,PS,gasoline_premium,Palestine,7.8667,ILS,liter,2026-10-03T14:01:37+03:00
2026-10-06,PS,gasoline_super,Palestine,8.785,ILS,liter,2026-10-03T14:01:37+03:00
2026-10-06,PS,kerosene,Palestine,7.9025,ILS,liter,2026-10-03T14:01:37+03:00
2026-10-06,PS,premium,Palestine,8.785,ILS,liter,2026-10-03T14:01:37+03:00
2026-10-06,PT,diesel,Portugal,2.2098,EUR,liter,2026-10-03T14:01:37+03:00
2026-10-06,PT,diesel_premium,Portugal,2.2447,EUR,liter,2026-10-03T14:01:37+03:00
2026-10-06,PT,gasoline,Portugal,2.0953,EUR,liter,2026-10-03T14:01:37+03:00
2026-10-06,PT,gasoline_premium,Portugal,2.274,EUR,liter,2026-10-03T14:01:37+03:00
2026-10-06,PT,lpg,Portugal,0.9121,EUR,liter,2026-10-03T14:01:37+03:00
2026-10-06,PT,premium,Portugal,2.274,EUR,liter,2026-10-03T14:01:37+03:00
2026-10-06,PY,diesel,Paraguay,8927.1429,PYG,liter,2026-10-03T14:01:37+03:00
2026-10-06,PY,diesel_premium,Paraguay,10821.4286,PYG,liter,2026-10-03T14:01:37+03:00
2026-10-06,PY,gasoline,Paraguay,7132.8571,PYG,liter,2026-10-03T14:01:37+03:00
2026-10-06,PY,gasoline_premium,Paraguay,9040,PYG,liter,2026-10-03T14:01:37+03:00
2026-10-06,PY,lpg,Paraguay,4900,PYG,liter,2026-10-03T14:01:37+03:00
2026-10-06,PY,premium,Paraguay,9040,PYG,liter,2026-10-03T14:01:37+03:00
2026-10-06,QA,diesel,Qatar,2.05,QAR,liter,2026-10-03T14:01:37+03:00
2026-10-06,QA,gasoline,Qatar,1.95,QAR,liter,2026-10-03T14:01:37+03:00
2026-10-06,QA,gasoline_premium,Qatar,2.1,QAR,liter,2026-10-03T14:01:37+03:00
2026-10-06,QA,premium,Qatar,2.1,QAR,liter,2026-10-03T14:01:37+03:00
2026-10-06,RO,diesel,Romania,10.9584,RON,liter,2026-10-03T14:01:37+03:00
2026-10-06,RO,diesel_premium,Romania,11.4604,RON,liter,2026-10-03T14:01:37+03:00
2026-10-06,RO,gasoline,Romania,9.9961,RON,liter,2026-10-03T14:01:37+03:00
2026-10-06,RO,gasoline_premium,Romania,10.6081,RON,liter,2026-10-03T14:01:37+03:00
2026-10-06,RO,lpg,Romania,4.7365,RON,liter,2026-10-03T14:01:37+03:00
2026-10-06,RO,premium,Romania,10.6081,RON,liter,2026-10-03T14:01:37+03:00
2026-10-06,RS,diesel,Serbia,236,RSD,liter,2026-10-03T14:01:37+03:00
2026-10-06,RS,diesel_premium,Serbia,251.95,RSD,liter,2026-10-03T14:01:37+03:00
2026-10-06,RS,gasoline,Serbia,207,RSD,liter,2026-10-03T14:01:37+03:00
2026-10-06,RS,gasoline_premium,Serbia,229.9,RSD,liter,2026-10-03T14:01:37+03:00
2026-10-06,RS,gasoline_super,Serbia,230.3469,RSD,liter,2026-10-03T14:01:37+03:00
2026-10-06,RS,lpg,Serbia,107.9719,RSD,liter,2026-10-03T14:01:37+03:00
2026-10-06,RS,premium,Serbia,230.3469,RSD,liter,2026-10-03T14:01:37+03:00
2026-10-06,RU,cng,Russia,30.3983,RUB,m3,2026-10-03T14:01:37+03:00
2026-10-06,RU,diesel,Russia,83.8862,RUB,liter,2026-10-03T14:01:37+03:00
2026-10-06,RU,diesel_premium,Russia,81.8969,RUB,liter,2026-10-03T14:01:37+03:00
2026-10-06,RU,gasoline,Russia,87.8238,RUB,liter,2026-10-03T14:01:37+03:00
2026-10-06,RU,gasoline_premium,Russia,96.2582,RUB,liter,2026-10-03T14:01:37+03:00
2026-10-06,RU,gasoline_regular,Russia,80.0884,RUB,liter,2026-10-03T14:01:37+03:00
2026-10-06,RU,gasoline_super,Russia,109.5957,RUB,liter,2026-10-03T14:01:37+03:00
2026-10-06,RU,lpg,Russia,44.237,RUB,liter,2026-10-03T14:01:37+03:00
2026-10-06,RU,premium,Russia,109.5957,RUB,liter,2026-10-03T14:01:37+03:00
2026-10-06,RW,diesel,Rwanda,2927,RWF,liter,2026-10-03T14:01:37+03:00
2026-10-06,RW,gasoline,Rwanda,2938,RWF,liter,2026-10-03T14:01:37+03:00
2026-10-06,SA,diesel,Saudi Arabia,1.79,SAR,liter,2026-10-03T14:01:37+03:00
2026-10-06,SA,gasoline,Saudi Arabia,2.18,SAR,liter,2026-10-03T14:01:37+03:00
2026-10-06,SA,gasoline_premium,Saudi Arabia,2.33,SAR,liter,2026-10-03T14:01:37+03:00
2026-10-06,SA,gasoline_super,Saudi Arabia,4.64,SAR,liter,2026-10-03T14:01:37+03:00
2026-10-06,SA,kerosene,Saudi Arabia,1.75,SAR,liter,2026-10-03T14:01:37+03:00
2026-10-06,SA,premium,Saudi Arabia,4.64,SAR,liter,2026-10-03T14:01:37+03:00
2026-10-06,SB,diesel,Solomon Islands,13.4759,SBD,liter,2026-10-03T14:01:37+03:00
2026-10-06,SB,gasoline,Solomon Islands,11.1771,SBD,liter,2026-10-03T14:01:37+03:00
2026-10-06,SB,kerosene,Solomon Islands,14.2583,SBD,liter,2026-10-03T14:01:37+03:00
2026-10-06,SC,diesel,Seychelles,25.19,SCR,liter,2026-10-03T14:01:37+03:00
2026-10-06,SC,gasoline,Seychelles,24.68,SCR,liter,2026-10-03T14:01:37+03:00
2026-10-06,SC,kerosene,Seychelles,30,SCR,liter,2026-10-03T14:01:37+03:00
2026-10-06,SE,diesel,Sweden,22.8077,SEK,liter,2026-10-03T14:01:37+03:00
2026-10-06,SE,e85,Sweden,15.465,SEK,liter,2026-10-03T14:01:37+03:00
2026-10-06,SE,gasoline,Sweden,18.765,SEK,liter,2026-10-03T14:01:37+03:00
2026-10-06,SE,gasoline_premium,Sweden,19.315,SEK,liter,2026-10-03T14:01:37+03:00
2026-10-06,SE,premium,Sweden,19.315,SEK,liter,2026-10-03T14:01:37+03:00
2026-10-06,SG,diesel,Singapore,4.0141,SGD,liter,2026-10-03T14:01:37+03:00
2026-10-06,SG,gasoline,Singapore,3.5355,SGD,liter,2026-10-03T14:01:37+03:00
2026-10-06,SG,gasoline_premium,Singapore,4.163,SGD,liter,2026-10-03T14:01:37+03:00
2026-10-06,SG,gasoline_regular,Singapore,3.51,SGD,liter,2026-10-03T14:01:37+03:00
2026-10-06,SG,premium,Singapore,4.163,SGD,liter,2026-10-03T14:01:37+03:00
2026-10-06,SI,diesel,Slovenia,1.9545,EUR,liter,2026-10-03T14:01:37+03:00
2026-10-06,SI,diesel_premium,Slovenia,2.453,EUR,liter,2026-10-03T14:01:37+03:00
2026-10-06,SI,gasoline,Slovenia,1.7242,EUR,liter,2026-10-03T14:01:37+03:00
2026-10-06,SI,gasoline_premium,Slovenia,2.121,EUR,liter,2026-10-03T14:01:37+03:00
2026-10-06,SI,lpg,Slovenia,0.9718,EUR,liter,2026-10-03T14:01:37+03:00
2026-10-06,SI,premium,Slovenia,2.121,EUR,liter,2026-10-03T14:01:37+03:00
2026-10-06,SK,diesel,Slovakia,1.9872,EUR,liter,2026-10-03T14:01:37+03:00
2026-10-06,SK,diesel_premium,Slovakia,2.176,EUR,liter,2026-10-03T14:01:37+03:00
2026-10-06,SK,gasoline,Slovakia,1.8542,EUR,liter,2026-10-03T14:01:37+03:00
2026-10-06,SK,gasoline_premium,Slovakia,2.0504,EUR,liter,2026-10-03T14:01:37+03:00
2026-10-06,SK,lpg,Slovakia,0.819,EUR,liter,2026-10-03T14:01:37+03:00
2026-10-06,SK,premium,Slovakia,2.0504,EUR,liter,2026-10-03T14:01:37+03:00
2026-10-06,SL,diesel,Sierra Leone,45,SLE,liter,2026-10-03T14:01:37+03:00
2026-10-06,SL,gasoline,Sierra Leone,40,SLE,liter,2026-10-03T14:01:37+03:00
2026-10-06,SL,kerosene,Sierra Leone,44.1,SLE,liter,2026-10-03T14:01:37+03:00
2026-10-06,SN,diesel,Senegal,755,XOF,liter,2026-10-03T14:01:37+03:00
2026-10-06,SN,gasoline,Senegal,990,XOF,liter,2026-10-03T14:01:37+03:00
2026-10-06,SN,gasoline_regular,Senegal,665,XOF,liter,2026-10-03T14:01:37+03:00
2026-10-06,SR,diesel,Suriname,53.27,SRD,liter,2026-10-03T14:01:37+03:00
2026-10-06,SR,gasoline,Suriname,48.32,SRD,liter,2026-10-03T14:01:37+03:00
2026-10-06,SS,diesel,South Sudan,17500,SSP,liter,2026-10-03T14:01:37+03:00
2026-10-06,SS,gasoline,South Sudan,16000,SSP,liter,2026-10-03T14:01:37+03:00
2026-10-06,SV,diesel,El Salvador,4.86,USD,gallon,2026-10-03T14:01:37+03:00
2026-10-06,SV,gasoline,El Salvador,4.8,USD,gallon,2026-10-03T14:01:37+03:00
2026-10-06,SV,gasoline_premium,El Salvador,5.13,USD,gallon,2026-10-03T14:01:37+03:00
2026-10-06,SV,premium,El Salvador,5.13,USD,gallon,2026-10-03T14:01:37+03:00
2026-10-06,SY,diesel,Syria,175,SYP,liter,2026-10-03T14:01:37+03:00
2026-10-06,SY,gasoline,Syria,185,SYP,liter,2026-10-03T14:01:37+03:00
2026-10-06,SY,gasoline_premium,Syria,195,SYP,liter,2026-10-03T14:01:37+03:00
2026-10-06,SY,premium,Syria,195,SYP,liter,2026-10-03T14:01:37+03:00
2026-10-06,SZ,diesel,Eswatini,32.25,SZL,liter,2026-10-03T14:01:37+03:00
2026-10-06,SZ,gasoline,Eswatini,29.4,SZL,liter,2026-10-03T14:01:37+03:00
2026-10-06,SZ,kerosene,Eswatini,25.16,SZL,liter,2026-10-03T14:01:37+03:00
2026-10-06,TG,diesel,Togo,766,XOF,liter,2026-10-03T14:01:37+03:00
2026-10-06,TG,gasoline,Togo,817,XOF,liter,2026-10-03T14:01:37+03:00
2026-10-06,TG,kerosene,Togo,1056,XOF,liter,2026-10-03T14:01:37+03:00
2026-10-06,TH,diesel,Thailand,42.19,THB,liter,2026-10-03T14:01:37+03:00
2026-10-06,TH,diesel_premium,Thailand,50.05,THB,liter,2026-10-03T14:01:37+03:00
2026-10-06,TH,e85,Thailand,31.63,THB,liter,2026-10-03T14:01:37+03:00
2026-10-06,TH,gasoline,Thailand,40.69,THB,liter,2026-10-03T14:01:37+03:00
2026-10-06,TH,gasoline_premium,Thailand,49.29,THB,liter,2026-10-03T14:01:37+03:00
2026-10-06,TH,gasoline_regular,Thailand,40.32,THB,liter,2026-10-03T14:01:37+03:00
2026-10-06,TH,gasoline_super,Thailand,49.79,THB,liter,2026-10-03T14:01:37+03:00
2026-10-06,TH,lpg,Thailand,25.87,THB,kg,2026-10-03T14:01:37+03:00
2026-10-06,TH,premium,Thailand,49.79,THB,liter,2026-10-03T14:01:37+03:00
2026-10-06,TJ,diesel,Tajikistan,15.395,TJS,liter,2026-10-03T14:01:37+03:00
2026-10-06,TJ,diesel_premium,Tajikistan,14.9,TJS,liter,2026-10-03T14:01:37+03:00
2026-10-06,TJ,gasoline,Tajikistan,12.9119,TJS,liter,2026-10-03T14:01:37+03:00
2026-10-06,TJ,gasoline_premium,Tajikistan,12.9,TJS,liter,2026-10-03T14:01:37+03:00
2026-10-06,TJ,lpg,Tajikistan,6.3944,TJS,liter,2026-10-03T14:01:37+03:00
2026-10-06,TJ,premium,Tajikistan,12.9,TJS,liter,2026-10-03T14:01:37+03:00
2026-10-06,TL,diesel,Timor-Leste,1.6237,USD,liter,2026-10-03T14:01:37+03:00
2026-10-06,TL,gasoline,Timor-Leste,1.5225,USD,liter,2026-10-03T14:01:37+03:00
2026-10-06,TM,diesel,Turkmenistan,1.35,TMT,liter,2026-10-03T14:01:37+03:00
2026-10-06,TM,gasoline,Turkmenistan,1.35,TMT,liter,2026-10-03T14:01:37+03:00
2026-10-06,TM,gasoline_premium,Turkmenistan,1.5,TMT,liter,2026-10-03T14:01:37+03:00
2026-10-06,TM,gasoline_regular,Turkmenistan,1.15,TMT,liter,2026-10-03T14:01:37+03:00
2026-10-06,TM,premium,Turkmenistan,1.5,TMT,liter,2026-10-03T14:01:37+03:00
2026-10-06,TN,diesel,Tunisia,2.21,TND,liter,2026-10-03T14:01:37+03:00
2026-10-06,TN,gasoline,Tunisia,2.53,TND,liter,2026-10-03T14:01:37+03:00
2026-10-06,TO,diesel,Tonga,4.425,TOP,liter,2026-10-03T14:01:37+03:00
2026-10-06,TO,gasoline,Tonga,3.85,TOP,liter,2026-10-03T14:01:37+03:00
2026-10-06,TO,kerosene,Tonga,3.5,TOP,liter,2026-10-03T14:01:37+03:00
2026-10-06,TR,diesel,Turkey,94.963,TRY,liter,2026-10-03T14:01:37+03:00
2026-10-06,TR,gasoline,Turkey,84.58,TRY,liter,2026-10-03T14:01:37+03:00
2026-10-06,TR,lpg,Turkey,41.2367,TRY,liter,2026-10-03T14:01:37+03:00
2026-10-06,TW,diesel,Taiwan,29.8838,TWD,liter,2026-10-03T14:01:37+03:00
2026-10-06,TW,gasoline,Taiwan,30.1532,TWD,liter,2026-10-03T14:01:37+03:00
2026-10-06,TW,gasoline_premium,Taiwan,32.0766,TWD,liter,2026-10-03T14:01:37+03:00
2026-10-06,TW,gasoline_super,Taiwan,34.6946,TWD,liter,2026-10-03T14:01:37+03:00
2026-10-06,TW,premium,Taiwan,34.6946,TWD,liter,2026-10-03T14:01:37+03:00
2026-10-06,TZ,diesel,Tanzania,3877,TZS,liter,2026-10-03T14:01:37+03:00
2026-10-06,TZ,gasoline,Tanzania,3796,TZS,liter,2026-10-03T14:01:37+03:00
2026-10-06,TZ,kerosene,Tanzania,3713,TZS,liter,2026-10-03T14:01:37+03:00
2026-10-06,UA,diesel,Ukraine,98.919,UAH,liter,2026-10-03T14:01:37+03:00
2026-10-06,UA,diesel_premium,Ukraine,101.9,UAH,liter,2026-10-03T14:01:37+03:00
2026-10-06,UA,gasoline,Ukraine,89.8729,UAH,liter,2026-10-03T14:01:37+03:00
2026-10-06,UA,gasoline_premium,Ukraine,94.9366,UAH,liter,2026-10-03T14:01:37+03:00
2026-10-06,UA,gasoline_regular,Ukraine,85.8256,UAH,liter,2026-10-03T14:01:37+03:00
2026-10-06,UA,gasoline_super,Ukraine,101.4,UAH,liter,2026-10-03T14:01:37+03:00
2026-10-06,UA,lpg,Ukraine,44.7649,UAH,liter,2026-10-03T14:01:37+03:00
2026-10-06,UA,premium,Ukraine,101.4,UAH,liter,2026-10-03T14:01:37+03:00
2026-10-06,UG,diesel,Uganda,6724.5,UGX,liter,2026-10-03T14:01:37+03:00
2026-10-06,UG,gasoline,Uganda,6874.5,UGX,liter,2026-10-03T14:01:37+03:00
2026-10-06,US,diesel,United States,6.3728,USD,gallon,2026-10-03T14:01:37+03:00
2026-10-06,US,e85,United States,3.31,USD,gallon,2026-10-03T14:01:37+03:00
2026-10-06,US,gasoline,United States,4.4398,USD,gallon,2026-10-03T14:01:37+03:00
2026-10-06,US,gasoline_premium,United States,5.0164,USD,gallon,2026-10-03T14:01:37+03:00
2026-10-06,US,gasoline_super,United States,5.4203,USD,gallon,2026-10-03T14:01:37+03:00
2026-10-06,US,lpg,United States,3.59,USD,gallon,2026-10-03T14:01:37+03:00
2026-10-06,US,premium,United States,5.4203,USD,gallon,2026-10-03T14:01:37+03:00
2026-10-06,UY,diesel,Uruguay,58.68,UYU,liter,2026-10-03T14:01:37+03:00
2026-10-06,UY,diesel_premium,Uruguay,67.33,UYU,liter,2026-10-03T14:01:37+03:00
2026-10-06,UY,gasoline,Uruguay,88.67,UYU,liter,2026-10-03T14:01:37+03:00
2026-10-06,UY,gasoline_premium,Uruguay,91.19,UYU,liter,2026-10-03T14:01:37+03:00
2026-10-06,UY,premium,Uruguay,91.19,UYU,liter,2026-10-03T14:01:37+03:00
2026-10-06,UZ,diesel,Uzbekistan,16235.9504,UZS,liter,2026-10-03T14:01:37+03:00
2026-10-06,UZ,gasoline,Uzbekistan,13449.8834,UZS,liter,2026-10-03T14:01:37+03:00
2026-10-06,UZ,gasoline_premium,Uzbekistan,18947.7273,UZS,liter,2026-10-03T14:01:37+03:00
2026-10-06,UZ,gasoline_super,Uzbekistan,27571.9697,UZS,liter,2026-10-03T14:01:37+03:00
2026-10-06,UZ,premium,Uzbekistan,27571.9697,UZS,liter,2026-10-03T14:01:37+03:00
2026-10-06,VC,diesel,Saint Vincent and the Grenadines,17.53,XCD,imperial_gallon,2026-10-03T14:01:37+03:00
2026-10-06,VC,gasoline,Saint Vincent and the Grenadines,18.31,XCD,imperial_gallon,2026-10-03T14:01:37+03:00
2026-10-06,VE,diesel,Venezuela,0.5,USD,liter,2026-10-03T14:01:37+03:00
2026-10-06,VE,gasoline,Venezuela,435.6845,VES,liter,2026-10-03T14:01:37+03:00
2026-10-06,VE,gasoline_premium,Venezuela,871.3689,VES,liter,2026-10-03T14:01:37+03:00
2026-10-06,VE,premium,Venezuela,871.3689,VES,liter,2026-10-03T14:01:37+03:00
2026-10-06,VN,diesel,Vietnam,29970,VND,liter,2026-10-03T14:01:37+03:00
2026-10-06,VN,diesel_premium,Vietnam,31600,VND,liter,2026-10-03T14:01:37+03:00
2026-10-06,VN,gasoline,Vietnam,27180,VND,liter,2026-10-03T14:01:37+03:00
2026-10-06,VN,gasoline_regular,Vietnam,26503.3333,VND,liter,2026-10-03T14:01:37+03:00
2026-10-06,VU,diesel,Vanuatu,195,VUV,liter,2026-10-03T14:01:37+03:00
2026-10-06,VU,gasoline,Vanuatu,222,VUV,liter,2026-10-03T14:01:37+03:00
2026-10-06,WS,diesel,Samoa,4.44,WST,liter,2026-10-03T14:01:37+03:00
2026-10-06,WS,gasoline,Samoa,3.58,WST,liter,2026-10-03T14:01:37+03:00
2026-10-06,WS,kerosene,Samoa,3.9,WST,liter,2026-10-03T14:01:37+03:00
2026-10-06,XK,diesel,Kosovo,1.89,EUR,liter,2026-10-03T14:01:37+03:00
2026-10-06,XK,diesel_premium,Kosovo,1.94,EUR,liter,2026-10-03T14:01:37+03:00
2026-10-06,XK,gasoline,Kosovo,1.66,EUR,liter,2026-10-03T14:01:37+03:00
2026-10-06,XK,gasoline_premium,Kosovo,1.73,EUR,liter,2026-10-03T14:01:37+03:00
2026-10-06,XK,lpg,Kosovo,0.69,EUR,liter,2026-10-03T14:01:37+03:00
2026-10-06,XK,premium,Kosovo,1.73,EUR,liter,2026-10-03T14:01:37+03:00
2026-10-06,XN,diesel,Turkish Republic of Northern Cyprus,76,TRY,liter,2026-10-03T14:01:37+03:00
2026-10-06,XN,gasoline,Turkish Republic of Northern Cyprus,77.12,TRY,liter,2026-10-03T14:01:37+03:00
2026-10-06,XN,gasoline_premium,Turkish Republic of Northern Cyprus,78.12,TRY,liter,2026-10-03T14:01:37+03:00
2026-10-06,XN,premium,Turkish Republic of Northern Cyprus,78.12,TRY,liter,2026-10-03T14:01:37+03:00
2026-10-06,ZA,diesel,South Africa,29.1104,ZAR,liter,2026-10-03T14:01:37+03:00
2026-10-06,ZA,diesel_premium,South Africa,29.8667,ZAR,liter,2026-10-03T14:01:37+03:00
2026-10-06,ZA,gasoline,South Africa,26.92,ZAR,liter,2026-10-03T14:01:37+03:00
2026-10-06,ZA,gasoline_regular,South Africa,26.76,ZAR,liter,2026-10-03T14:01:37+03:00
2026-10-06,ZM,diesel,Zambia,29.7736,ZMW,liter,2026-10-03T14:01:37+03:00
2026-10-06,ZM,gasoline,Zambia,28.0945,ZMW,liter,2026-10-03T14:01:37+03:00
2026-10-06,ZM,kerosene,Zambia,29.76,ZMW,liter,2026-10-03T14:01:37+03:00
2026-10-06,ZW,diesel,Zimbabwe,55.7068,ZWG,liter,2026-10-03T14:01:37+03:00
2026-10-06,ZW,gasoline,Zimbabwe,55.1712,ZWG,liter,2026-10-03T14:01:37+03:00
2026-10-06,ZW,lpg,Zimbabwe,47.1365,ZWG,kg,2026-10-03T14:01:37+03:00
2026-10-07,AD,diesel,Andorra,1.7378,EUR,liter,2026-10-03T14:01:37+03:00
2026-10-07,AD,diesel_premium,Andorra,1.7719,EUR,liter,2026-10-03T14:01:37+03:00
2026-10-07,AD,gasoline,Andorra,1.5894,EUR,liter,2026-10-03T14:01:37+03:00
2026-10-07,AD,gasoline_premium,Andorra,1.6495,EUR,liter,2026-10-03T14:01:37+03:00
2026-10-07,AD,premium,Andorra,1.6495,EUR,liter,2026-10-03T14:01:37+03:00
2026-10-07,AE,diesel,UAE,4.8,AED,liter,2026-10-03T14:01:37+03:00
2026-10-07,AE,gasoline,UAE,4.28,AED,liter,2026-10-03T14:01:37+03:00
2026-10-07,AE,gasoline_regular,UAE,4.21,AED,liter,2026-10-03T14:01:37+03:00
2026-10-07,AE,gasoline_super,UAE,4.4,AED,liter,2026-10-03T14:01:37+03:00
2026-10-07,AE,premium,UAE,4.4,AED,liter,2026-10-03T14:01:37+03:00
2026-10-07,AF,diesel,Afghanistan,79.1275,AFN,liter,2026-10-03T14:01:37+03:00
2026-10-07,AF,gasoline,Afghanistan,89,AFN,liter,2026-10-03T14:01:37+03:00
2026-10-07,AL,diesel,Albania,213.7289,ALL,liter,2026-10-03T14:01:37+03:00
2026-10-07,AL,diesel_premium,Albania,230,ALL,liter,2026-10-03T14:01:37+03:00
2026-10-07,AL,gasoline,Albania,193.4495,ALL,liter,2026-10-03T14:01:37+03:00
2026-10-07,AL,gasoline_premium,Albania,220,ALL,liter,2026-10-03T14:01:37+03:00
2026-10-07,AL,lpg,Albania,69.2062,ALL,liter,2026-10-03T14:01:37+03:00
2026-10-07,AL,premium,Albania,220,ALL,liter,2026-10-03T14:01:37+03:00
2026-10-07,AM,diesel,Armenia,695.8895,AMD,liter,2026-10-03T14:01:37+03:00
2026-10-07,AM,gasoline,Armenia,607.1632,AMD,liter,2026-10-03T14:01:37+03:00
2026-10-07,AM,gasoline_premium,Armenia,675,AMD,liter,2026-10-03T14:01:37+03:00
2026-10-07,AM,gasoline_regular,Armenia,600,AMD,liter,2026-10-03T14:01:37+03:00
2026-10-07,AM,lpg,Armenia,240,AMD,liter,2026-10-03T14:01:37+03:00
2026-10-07,AM,premium,Armenia,675,AMD,liter,2026-10-03T14:01:37+03:00
2026-10-07,AR,cng,Argentina,804,ARS,m3,2026-10-03T14:01:37+03:00
2026-10-07,AR,diesel,Argentina,2415.2022,ARS,liter,2026-10-03T14:01:37+03:00
2026-10-07,AR,diesel_premium,Argentina,2637.3056,ARS,liter,2026-10-03T14:01:37+03:00
2026-10-07,AR,gasoline,Argentina,2210.3087,ARS,liter,2026-10-03T14:01:37+03:00
2026-10-07,AR,gasoline_premium,Argentina,2474.2778,ARS,liter,2026-10-03T14:01:37+03:00
2026-10-07,AR,premium,Argentina,2474.2778,ARS,liter,2026-10-03T14:01:37+03:00
2026-10-07,AT,cng,Austria,1.799,EUR,kg,2026-10-03T14:01:37+03:00
2026-10-07,AT,diesel,Austria,2.2013,EUR,liter,2026-10-03T14:01:37+03:00
2026-10-07,AT,diesel_premium,Austria,2.4939,EUR,liter,2026-10-03T14:01:37+03:00
2026-10-07,AT,gasoline,Austria,1.8944,EUR,liter,2026-10-03T14:01:37+03:00
2026-10-07,AT,gasoline_premium,Austria,2.1316,EUR,liter,2026-10-03T14:01:37+03:00
2026-10-07,AT,gasoline_super,Austria,2.049,EUR,liter,2026-10-03T14:01:37+03:00
2026-10-07,AT,lpg,Austria,1.1665,EUR,liter,2026-10-03T14:01:37+03:00
2026-10-07,AT,premium,Austria,2.049,EUR,liter,2026-10-03T14:01:37+03:00
2026-10-07,AU,diesel,Australia,2.8708,AUD,liter,2026-10-03T14:01:37+03:00
2026-10-07,AU,diesel_premium,Australia,2.8823,AUD,liter,2026-10-03T14:01:37+03:00
2026-10-07,AU,e85,Australia,2.599,AUD,liter,2026-10-03T14:01:37+03:00
2026-10-07,AU,gasoline,Australia,2.399,AUD,liter,2026-10-03T14:01:37+03:00
2026-10-07,AU,gasoline_premium,Australia,2.5611,AUD,liter,2026-10-03T14:01:37+03:00
2026-10-07,AU,gasoline_super,Australia,2.662,AUD,liter,2026-10-03T14:01:37+03:00
2026-10-07,AU,lpg,Australia,1.3903,AUD,liter,2026-10-03T14:01:37+03:00
2026-10-07,AU,premium,Australia,2.662,AUD,liter,2026-10-03T14:01:37+03:00
2026-10-07,AZ,cng,Azerbaijan,0.4,AZN,m3,2026-10-03T14:01:37+03:00
2026-10-07,AZ,diesel,Azerbaijan,1.1,AZN,liter,2026-10-03T14:01:37+03:00
2026-10-07,AZ,gasoline,Azerbaijan,1.15,AZN,liter,2026-10-03T14:01:37+03:00
2026-10-07,AZ,gasoline_premium,Azerbaijan,1.6,AZN,liter,2026-10-03T14:01:37+03:00
2026-10-07,AZ,gasoline_super,Azerbaijan,2.3,AZN,liter,2026-10-03T14:01:37+03:00
2026-10-07,AZ,lpg,Azerbaijan,0.7,AZN,liter,2026-10-03T14:01:37+03:00
2026-10-07,AZ,premium,Azerbaijan,2.3,AZN,liter,2026-10-03T14:01:37+03:00
2026-10-07,BA,diesel,Bih,3.7802,BAM,liter,2026-10-03T14:01:37+03:00
2026-10-07,BA,gasoline,Bih,3.3775,BAM,liter,2026-10-03T14:01:37+03:00
2026-10-07,BA,gasoline_premium,Bih,3.51,BAM,liter,2026-10-03T14:01:37+03:00
2026-10-07,BA,lpg,Bih,1.3949,BAM,liter,2026-10-03T14:01:37+03:00
2026-10-07,BA,premium,Bih,3.51,BAM,liter,2026-10-03T14:01:37+03:00
2026-10-07,BB,diesel,Barbados,3.8,BBD,liter,2026-10-03T14:01:37+03:00
2026-10-07,BB,gasoline,Barbados,4.27,BBD,liter,2026-10-03T14:01:37+03:00
2026-10-07,BB,kerosene,Barbados,2.3,BBD,liter,2026-10-03T14:01:37+03:00
2026-10-07,BD,diesel,Bangladesh,135,BDT,liter,2026-10-03T14:01:37+03:00
2026-10-07,BD,gasoline,Bangladesh,160,BDT,liter,2026-10-03T14:01:37+03:00
2026-10-07,BD,gasoline_premium,Bangladesh,165,BDT,liter,2026-10-03T14:01:37+03:00
2026-10-07,BD,kerosene,Bangladesh,155,BDT,liter,2026-10-03T14:01:37+03:00
2026-10-07,BD,premium,Bangladesh,165,BDT,liter,2026-10-03T14:01:37+03:00
2026-10-07,BE,diesel,Belgium,2.4341,EUR,liter,2026-10-03T14:01:37+03:00
2026-10-07,BE,gasoline,Belgium,2.0638,EUR,liter,2026-10-03T14:01:37+03:00
2026-10-07,BE,gasoline_premium,Belgium,2.2511,EUR,liter,2026-10-03T14:01:37+03:00
2026-10-07,BE,lpg,Belgium,0.9597,EUR,liter,2026-10-03T14:01:37+03:00
2026-10-07,BE,premium,Belgium,2.2511,EUR,liter,2026-10-03T14:01:37+03:00
2026-10-07,BF,diesel,Burkina Faso,750,XOF,liter,2026-10-03T14:01:37+03:00
2026-10-07,BF,gasoline,Burkina Faso,850,XOF,liter,2026-10-03T14:01:37+03:00
2026-10-07,BF,kerosene,Burkina Faso,950,XOF,liter,2026-10-03T14:01:37+03:00
2026-10-07,BG,diesel,Bulgaria,1.8988,EUR,liter,2026-10-03T14:01:37+03:00
2026-10-07,BG,diesel_premium,Bulgaria,2.1041,EUR,liter,2026-10-03T14:01:37+03:00
2026-10-07,BG,gasoline,Bulgaria,1.6526,EUR,liter,2026-10-03T14:01:37+03:00
2026-10-07,BG,gasoline_super,Bulgaria,1.8665,EUR,liter,2026-10-03T14:01:37+03:00
2026-10-07,BG,lpg,Bulgaria,0.6362,EUR,liter,2026-10-03T14:01:37+03:00
2026-10-07,BG,premium,Bulgaria,1.8665,EUR,liter,2026-10-03T14:01:37+03:00
2026-10-07,BH,diesel,Bahrain,0.229,BHD,liter,2026-10-03T14:01:37+03:00
2026-10-07,BH,gasoline,Bahrain,0.225,BHD,liter,2026-10-03T14:01:37+03:00
2026-10-07,BH,gasoline_premium,Bahrain,0.247,BHD,liter,2026-10-03T14:01:37+03:00
2026-10-07,BH,gasoline_super,Bahrain,0.38,BHD,liter,2026-10-03T14:01:37+03:00
2026-10-07,BH,premium,Bahrain,0.38,BHD,liter,2026-10-03T14:01:37+03:00
2026-10-07,BO,cng,Bolivia,2.99,BOB,m3,2026-10-03T14:01:37+03:00
2026-10-07,BO,diesel,Bolivia,9.8,BOB,liter,2026-10-03T14:01:37+03:00
2026-10-07,BO,gasoline,Bolivia,6.96,BOB,liter,2026-10-03T14:01:37+03:00
2026-10-07,BO,gasoline_premium,Bolivia,11,BOB,liter,2026-10-03T14:01:37+03:00
2026-10-07,BO,premium,Bolivia,11,BOB,liter,2026-10-03T14:01:37+03:00
2026-10-07,BR,cng,Brazil,4.8432,BRL,m3,2026-10-03T14:01:37+03:00
2026-10-07,BR,diesel,Brazil,7.2172,BRL,liter,2026-10-03T14:01:37+03:00
2026-10-07,BR,e85,Brazil,4.318,BRL,liter,2026-10-03T14:01:37+03:00
2026-10-07,BR,gasoline,Brazil,6.593,BRL,liter,2026-10-03T14:01:37+03:00
2026-10-07,BR,gasoline_premium,Brazil,6.7701,BRL,liter,2026-10-03T14:01:37+03:00
2026-10-07,BR,premium,Brazil,6.7701,BRL,liter,2026-10-03T14:01:37+03:00
2026-10-07,BW,diesel,Botswana,20.93,BWP,liter,2026-10-03T14:01:37+03:00
2026-10-07,BW,gasoline,Botswana,18.21,BWP,liter,2026-10-03T14:01:37+03:00
2026-10-07,BW,kerosene,Botswana,18.33,BWP,liter,2026-10-03T14:01:37+03:00
2026-10-07,BY,diesel,Belarus,2.71,BYN,liter,2026-10-03T14:01:37+03:00
2026-10-07,BY,gasoline,Belarus,2.71,BYN,liter,2026-10-03T14:01:37+03:00
2026-10-07,BY,gasoline_premium,Belarus,2.93,BYN,liter,2026-10-03T14:01:37+03:00
2026-10-07,BY,gasoline_regular,Belarus,2.61,BYN,liter,2026-10-03T14:01:37+03:00
2026-10-07,BY,lpg,Belarus,1.3111,BYN,liter,2026-10-03T14:01:37+03:00
2026-10-07,BY,premium,Belarus,2.93,BYN,liter,2026-10-03T14:01:37+03:00
2026-10-07,BZ,diesel,Belize,14.6649,BZD,gallon,2026-10-03T14:01:37+03:00
2026-10-07,BZ,gasoline,Belize,14.2291,BZD,gallon,2026-10-03T14:01:37+03:00
2026-10-07,BZ,gasoline_premium,Belize,15.54,BZD,gallon,2026-10-03T14:01:37+03:00
2026-10-07,BZ,premium,Belize,15.54,BZD,gallon,2026-10-03T14:01:37+03:00
2026-10-07,CA,diesel,Canada,2.6077,CAD,liter,2026-10-03T14:01:37+03:00
2026-10-07,CA,gasoline,Canada,1.8365,CAD,liter,2026-10-03T14:01:37+03:00
2026-10-07,CA,gasoline_premium,Canada,1.9955,CAD,liter,2026-10-03T14:01:37+03:00
2026-10-07,CA,gasoline_super,Canada,2.1035,CAD,liter,2026-10-03T14:01:37+03:00
2026-10-07,CA,lpg,Canada,1.267,CAD,liter,2026-10-03T14:01:37+03:00
2026-10-07,CA,premium,Canada,2.1035,CAD,liter,2026-10-03T14:01:37+03:00
2026-10-07,CH,diesel,Switzerland,2.321,CHF,liter,2026-10-03T14:01:37+03:00
2026-10-07,CH,gasoline,Switzerland,2.0593,CHF,liter,2026-10-03T14:01:37+03:00
2026-10-07,CH,gasoline_premium,Switzerland,2.25,CHF,liter,2026-10-03T14:01:37+03:00
2026-10-07,CH,lpg,Switzerland,1.187,CHF,liter,2026-10-03T14:01:37+03:00
2026-10-07,CH,premium,Switzerland,2.25,CHF,liter,2026-10-03T14:01:37+03:00
2026-10-07,CI,diesel,Ivory Coast,725,XOF,liter,2026-10-03T14:01:37+03:00
2026-10-07,CI,gasoline,Ivory Coast,905,XOF,liter,2026-10-03T14:01:37+03:00
2026-10-07,CI,kerosene,Ivory Coast,780,XOF,liter,2026-10-03T14:01:37+03:00
2026-10-07,CL,cng,Chile,906,CLP,m3,2026-10-03T14:01:37+03:00
2026-10-07,CL,diesel,Chile,1435.7942,CLP,liter,2026-10-03T14:01:37+03:00
2026-10-07,CL,gasoline,Chile,1514.2327,CLP,liter,2026-10-03T14:01:37+03:00
2026-10-07,CL,gasoline_premium,Chile,1522.1778,CLP,liter,2026-10-03T14:01:37+03:00
2026-10-07,CL,gasoline_super,Chile,1563.2028,CLP,liter,2026-10-03T14:01:37+03:00
2026-10-07,CL,lpg,Chile,681.5,CLP,liter,2026-10-03T14:01:37+03:00
2026-10-07,CL,premium,Chile,1563.2028,CLP,liter,2026-10-03T14:01:37+03:00
2026-10-07,CN,diesel,China,8.3082,CNY,liter,2026-10-03T14:01:37+03:00
2026-10-07,CN,gasoline,China,8.6098,CNY,liter,2026-10-03T14:01:37+03:00
2026-10-07,CN,gasoline_premium,China,9.1267,CNY,liter,2026-10-03T14:01:37+03:00
2026-10-07,CN,gasoline_super,China,10.6609,CNY,liter,2026-10-03T14:01:37+03:00
2026-10-07,CN,premium,China,10.6609,CNY,liter,2026-10-03T14:01:37+03:00
2026-10-07,CO,cng,Colombia,3499,COP,m3,2026-10-03T14:01:37+03:00
2026-10-07,CO,diesel,Colombia,11219,COP,gallon,2026-10-03T14:01:37+03:00
2026-10-07,CO,diesel_premium,Colombia,11450,COP,gallon,2026-10-03T14:01:37+03:00
2026-10-07,CO,gasoline,Colombia,15977.25,COP,gallon,2026-10-03T14:01:37+03:00
2026-10-07,CO,gasoline_premium,Colombia,22050,COP,gallon,2026-10-03T14:01:37+03:00
2026-10-07,CO,lpg,Colombia,2490,COP,gallon,2026-10-03T14:01:37+03:00
2026-10-07,CO,premium,Colombia,22050,COP,gallon,2026-10-03T14:01:37+03:00
2026-10-07,CR,diesel,Costa Rica,688,CRC,liter,2026-10-03T14:01:37+03:00
2026-10-07,CR,gasoline,Costa Rica,707,CRC,liter,2026-10-03T14:01:37+03:00
2026-10-07,CR,gasoline_premium,Costa Rica,726,CRC,liter,2026-10-03T14:01:37+03:00
2026-10-07,CR,premium,Costa Rica,726,CRC,liter,2026-10-03T14:01:37+03:00
2026-10-07,CU,diesel,Cuba,132,CUP,liter,2026-10-03T14:01:37+03:00
2026-10-07,CU,diesel_premium,Cuba,150,CUP,liter,2026-10-03T14:01:37+03:00
2026-10-07,CU,gasoline,Cuba,132,CUP,liter,2026-10-03T14:01:37+03:00
2026-10-07,CU,gasoline_premium,Cuba,156,CUP,liter,2026-10-03T14:01:37+03:00
2026-10-07,CU,gasoline_regular,Cuba,114,CUP,liter,2026-10-03T14:01:37+03:00
2026-10-07,CU,gasoline_super,Cuba,198,CUP,liter,2026-10-03T14:01:37+03:00
2026-10-07,CU,premium,Cuba,198,CUP,liter,2026-10-03T14:01:37+03:00
2026-10-07,CV,diesel,Cape Verde,190.3,CVE,liter,2026-10-03T14:01:37+03:00
2026-10-07,CV,gasoline,Cape Verde,197.2,CVE,liter,2026-10-03T14:01:37+03:00
2026-10-07,CY,diesel,Cyprus,1.9327,EUR,liter,2026-10-03T14:01:37+03:00
2026-10-07,CY,gasoline,Cyprus,1.7336,EUR,liter,2026-10-03T14:01:37+03:00
2026-10-07,CY,gasoline_premium,Cyprus,1.778,EUR,liter,2026-10-03T14:01:37+03:00
2026-10-07,CY,premium,Cyprus,1.778,EUR,liter,2026-10-03T14:01:37+03:00
2026-10-07,CZ,cng,Czech Republic,44.8,CZK,kg,2026-10-03T14:01:37+03:00
2026-10-07,CZ,diesel,Czech Republic,49.2774,CZK,liter,2026-10-03T14:01:37+03:00
2026-10-07,CZ,diesel_premium,Czech Republic,47.5,CZK,liter,2026-10-03T14:01:37+03:00
2026-10-07,CZ,gasoline,Czech Republic,45.2136,CZK,liter,2026-10-03T14:01:37+03:00
2026-10-07,CZ,gasoline_premium,Czech Republic,48.1,CZK,liter,2026-10-03T14:01:37+03:00
2026-10-07,CZ,lpg,Czech Republic,21.4641,CZK,liter,2026-10-03T14:01:37+03:00
2026-10-07,CZ,premium,Czech Republic,48.1,CZK,liter,2026-10-03T14:01:37+03:00
2026-10-07,DE,diesel,Germany,2.3838,EUR,liter,2026-10-03T14:01:37+03:00
2026-10-07,DE,diesel_premium,Germany,2.5662,EUR,liter,2026-10-03T14:01:37+03:00
2026-10-07,DE,gasoline,Germany,2.2901,EUR,liter,2026-10-03T14:01:37+03:00
2026-10-07,DE,gasoline_premium,Germany,2.27,EUR,liter,2026-10-03T14:01:37+03:00
2026-10-07,DE,lpg,Germany,1.1395,EUR,liter,2026-10-03T14:01:37+03:00
2026-10-07,DE,premium,Germany,2.27,EUR,liter,2026-10-03T14:01:37+03:00
2026-10-07,DK,diesel,Denmark,18.8616,DKK,liter,2026-10-03T14:01:37+03:00
2026-10-07,DK,diesel_premium,Denmark,19.8028,DKK,liter,2026-10-03T14:01:37+03:00
2026-10-07,DK,gasoline,Denmark,17.7368,DKK,liter,2026-10-03T14:01:37+03:00
2026-10-07,DK,gasoline_premium,Denmark,19.5693,DKK,liter,2026-10-03T14:01:37+03:00
2026-10-07,DK,premium,Denmark,19.5693,DKK,liter,2026-10-03T14:01:37+03:00
2026-10-07,DO,diesel,Dominican Republic,270.8,DOP,gallon,2026-10-03T14:01:37+03:00
2026-10-07,DO,diesel_premium,Dominican Republic,306.1,DOP,gallon,2026-10-03T14:01:37+03:00
2026-10-07,DO,gasoline,Dominican Republic,317.5,DOP,gallon,2026-10-03T14:01:37+03:00
2026-10-07,DO,gasoline_premium,Dominican Republic,353.1,DOP,gallon,2026-10-03T14:01:37+03:00
2026-10-07,DO,kerosene,Dominican Republic,380.1,DOP,gallon,2026-10-03T14:01:37+03:00
2026-10-07,DO,lpg,Dominican Republic,135.2,DOP,gallon,2026-10-03T14:01:37+03:00
2026-10-07,DO,premium,Dominican Republic,353.1,DOP,gallon,2026-10-03T14:01:37+03:00
2026-10-07,DZ,diesel,Algeria,31,DZD,liter,2026-10-03T14:01:37+03:00
2026-10-07,DZ,gasoline,Algeria,47,DZD,liter,2026-10-03T14:01:37+03:00
2026-10-07,DZ,lpg,Algeria,12.3846,DZD,liter,2026-10-03T14:01:37+03:00
2026-10-07,EC,diesel,Ecuador,3.15,USD,gallon,2026-10-03T14:01:37+03:00
2026-10-07,EC,gasoline,Ecuador,3.21,USD,gallon,2026-10-03T14:01:37+03:00
2026-10-07,EC,gasoline_premium,Ecuador,4.74,USD,gallon,2026-10-03T14:01:37+03:00
2026-10-07,EC,premium,Ecuador,4.74,USD,gallon,2026-10-03T14:01:37+03:00
2026-10-07,EE,diesel,Estonia,2.1039,EUR,liter,2026-10-03T14:01:37+03:00
2026-10-07,EE,gasoline,Estonia,1.9248,EUR,liter,2026-10-03T14:01:37+03:00
2026-10-07,EE,gasoline_premium,Estonia,1.986,EUR,liter,2026-10-03T14:01:37+03:00
2026-10-07,EE,lpg,Estonia,1.0032,EUR,liter,2026-10-03T14:01:37+03:00
2026-10-07,EE,premium,Estonia,1.986,EUR,liter,2026-10-03T14:01:37+03:00
2026-10-07,EG,diesel,Egypt,20.5,EGP,liter,2026-10-03T14:01:37+03:00
2026-10-07,EG,gasoline,Egypt,22.25,EGP,liter,2026-10-03T14:01:37+03:00
2026-10-07,EG,gasoline_premium,Egypt,24,EGP,liter,2026-10-03T14:01:37+03:00
2026-10-07,EG,gasoline_regular,Egypt,20.75,EGP,liter,2026-10-03T14:01:37+03:00
2026-10-07,EG,kerosene,Egypt,20.5,EGP,liter,2026-10-03T14:01:37+03:00
2026-10-07,EG,premium,Egypt,24,EGP,liter,2026-10-03T14:01:37+03:00
2026-10-07,ES,cng,Spain,1.8815,EUR,kg,2026-10-03T14:01:37+03:00
2026-10-07,ES,diesel,Spain,1.9597,EUR,liter,2026-10-03T14:01:37+03:00
2026-10-07,ES,diesel_premium,Spain,2.0549,EUR,liter,2026-10-03T14:01:37+03:00
2026-10-07,ES,gasoline,Spain,1.8722,EUR,liter,2026-10-03T14:01:37+03:00
2026-10-07,ES,gasoline_premium,Spain,1.9815,EUR,liter,2026-10-03T14:01:37+03:00
2026-10-07,ES,lpg,Spain,1.128,EUR,liter,2026-10-03T14:01:37+03:00
2026-10-07,ES,premium,Spain,1.9815,EUR,liter,2026-10-03T14:01:37+03:00
2026-10-07,ET,diesel,Ethiopia,180.46,ETB,liter,2026-10-03T14:01:37+03:00
2026-10-07,ET,gasoline,Ethiopia,167.41,ETB,liter,2026-10-03T14:01:37+03:00
2026-10-07,ET,kerosene,Ethiopia,320.66,ETB,liter,2026-10-03T14:01:37+03:00
2026-10-07,FI,diesel,Finland,2.4898,EUR,liter,2026-10-03T14:01:37+03:00
2026-10-07,FI,gasoline,Finland,2.2984,EUR,liter,2026-10-03T14:01:37+03:00
2026-10-07,FI,gasoline_premium,Finland,2.359,EUR,liter,2026-10-03T14:01:37+03:00
2026-10-07,FI,premium,Finland,2.359,EUR,liter,2026-10-03T14:01:37+03:00
2026-10-07,FJ,diesel,Fiji,3.41,FJD,liter,2026-10-03T14:01:37+03:00
2026-10-07,FJ,gasoline,Fiji,3.15,FJD,liter,2026-10-03T14:01:37+03:00
2026-10-07,FJ,kerosene,Fiji,2.67,FJD,liter,2026-10-03T14:01:37+03:00
2026-10-07,FM,diesel,Micronesia,0.9344,EUR,liter,2026-05-02T15:49:36+03:00
2026-10-07,FM,gasoline,Micronesia,0.9794,EUR,liter,2026-05-02T15:49:36+03:00
2026-10-07,FO,diesel,Faroe Islands,16.13,DKK,liter,2026-10-03T14:01:37+03:00
2026-10-07,FO,gasoline,Faroe Islands,15.56,DKK,liter,2026-10-03T14:01:37+03:00
2026-10-07,FO,gasoline_premium,Faroe Islands,18.45,DKK,liter,2026-10-03T14:01:37+03:00
2026-10-07,FO,premium,Faroe Islands,18.45,DKK,liter,2026-10-03T14:01:37+03:00
2026-10-07,FR,diesel,France,2.3833,EUR,liter,2026-10-03T14:01:37+03:00
2026-10-07,FR,diesel_premium,France,2.377,EUR,liter,2026-10-03T14:01:37+03:00
2026-10-07,FR,e85,France,0.8965,EUR,liter,2026-10-03T14:01:37+03:00
2026-10-07,FR,gasoline,France,2.1884,EUR,liter,2026-10-03T14:01:37+03:00
2026-10-07,FR,gasoline_premium,France,2.2584,EUR,liter,2026-10-03T14:01:37+03:00
2026-10-07,FR,lpg,France,1.0495,EUR,liter,2026-10-03T14:01:37+03:00
2026-10-07,FR,premium,France,2.2584,EUR,liter,2026-10-03T14:01:37+03:00
2026-10-07,GB,diesel,United Kingdom,1.991,GBP,liter,2026-10-03T14:01:37+03:00
2026-10-07,GB,diesel_premium,United Kingdom,2.1822,GBP,liter,2026-10-03T14:01:37+03:00
2026-10-07,GB,gasoline,United Kingdom,1.7454,GBP,liter,2026-10-03T14:01:37+03:00
2026-10-07,GB,gasoline_premium,United Kingdom,1.9315,GBP,liter,2026-10-03T14:01:37+03:00
2026-10-07,GB,lpg,United Kingdom,0.98,GBP,liter,2026-10-03T14:01:37+03:00
2026-10-07,GB,premium,United Kingdom,1.9315,GBP,liter,2026-10-03T14:01:37+03:00
2026-10-07,GD,diesel,Grenada,17,XCD,imperial_gallon,2026-10-03T14:01:37+03:00
2026-10-07,GD,gasoline,Grenada,17,XCD,imperial_gallon,2026-10-03T14:01:37+03:00
2026-10-07,GD,kerosene,Grenada,16.86,XCD,imperial_gallon,2026-10-03T14:01:37+03:00
2026-10-07,GE,cng,Georgia,1.6,GEL,m3,2026-10-03T14:01:37+03:00
2026-10-07,GE,diesel,Georgia,4.7853,GEL,liter,2026-10-03T14:01:37+03:00
2026-10-07,GE,diesel_premium,Georgia,4.9204,GEL,liter,2026-10-03T14:01:37+03:00
2026-10-07,GE,gasoline,Georgia,4.1876,GEL,liter,2026-10-03T14:01:37+03:00
2026-10-07,GE,gasoline_premium,Georgia,4.5531,GEL,liter,2026-10-03T14:01:37+03:00
2026-10-07,GE,gasoline_regular,Georgia,3.91,GEL,liter,2026-10-03T14:01:37+03:00
2026-10-07,GE,lpg,Georgia,1.9108,GEL,liter,2026-10-03T14:01:37+03:00
2026-10-07,GE,premium,Georgia,4.5531,GEL,liter,2026-10-03T14:01:37+03:00
2026-10-07,GH,diesel,Ghana,18.1923,GHS,liter,2026-10-03T14:01:37+03:00
2026-10-07,GH,gasoline,Ghana,16.823,GHS,liter,2026-10-03T14:01:37+03:00
2026-10-07,GH,gasoline_premium,Ghana,19.0829,GHS,liter,2026-10-03T14:01:37+03:00
2026-10-07,GH,kerosene,Ghana,18.38,GHS,liter,2026-10-03T14:01:37+03:00
2026-10-07,GH,lpg,Ghana,16.562,GHS,kg,2026-10-03T14:01:37+03:00
2026-10-07,GH,premium,Ghana,19.0829,GHS,liter,2026-10-03T14:01:37+03:00
2026-10-07,GM,diesel,Gambia,120,GMD,liter,2026-10-03T14:01:37+03:00
2026-10-07,GM,gasoline,Gambia,109.8,GMD,liter,2026-10-03T14:01:37+03:00
2026-10-07,GM,kerosene,Gambia,112.64,GMD,liter,2026-10-03T14:01:37+03:00
2026-10-07,GN,diesel,Guinea,12000,GNF,liter,2026-10-03T14:01:37+03:00
2026-10-07,GN,gasoline,Guinea,12000,GNF,liter,2026-10-03T14:01:37+03:00
2026-10-07,GR,diesel,Greece,2.1336,EUR,liter,2026-10-03T14:01:37+03:00
2026-10-07,GR,diesel_premium,Greece,2.22,EUR,liter,2026-10-03T14:01:37+03:00
2026-10-07,GR,gasoline,Greece,2.2094,EUR,liter,2026-10-03T14:01:37+03:00
2026-10-07,GR,gasoline_super,Greece,2.421,EUR,liter,2026-10-03T14:01:37+03:00
2026-10-07,GR,lpg,Greece,1.0952,EUR,liter,2026-10-03T14:01:37+03:00
2026-10-07,GR,premium,Greece,2.421,EUR,liter,2026-10-03T14:01:37+03:00
2026-10-07,GT,diesel,Guatemala,45.6154,GTQ,gallon,2026-10-03T14:01:37+03:00
2026-10-07,GT,gasoline,Guatemala,39.2108,GTQ,gallon,2026-10-03T14:01:37+03:00
2026-10-07,GT,gasoline_premium,Guatemala,40.9462,GTQ,gallon,2026-10-03T14:01:37+03:00
2026-10-07,GT,premium,Guatemala,40.9462,GTQ,gallon,2026-10-03T14:01:37+03:00
2026-10-07,GW,diesel,Guinea-Bissau,898,XOF,liter,2026-10-03T14:01:37+03:00
2026-10-07,GW,gasoline,Guinea-Bissau,899,XOF,liter,2026-10-03T14:01:37+03:00
2026-10-07,GY,diesel,Guyana,318,GYD,liter,2026-10-03T14:01:37+03:00
2026-10-07,GY,gasoline,Guyana,258,GYD,liter,2026-10-03T14:01:37+03:00
2026-10-07,GY,kerosene,Guyana,230,GYD,liter,2026-10-03T14:01:37+03:00
2026-10-07,HK,diesel,Hong Kong,37.18,HKD,liter,2026-10-03T14:01:37+03:00
2026-10-07,HK,gasoline,Hong Kong,34.62,HKD,liter,2026-10-03T14:01:37+03:00
2026-10-07,HK,gasoline_premium,Hong Kong,36.33,HKD,liter,2026-10-03T14:01:37+03:00
2026-10-07,HK,lpg,Hong Kong,4.19,HKD,liter,2026-10-03T14:01:37+03:00
2026-10-07,HK,premium,Hong Kong,36.33,HKD,liter,2026-10-03T14:01:37+03:00
2026-10-07,HN,diesel,Honduras,148.01,HNL,gallon,2026-10-03T14:01:37+03:00
2026-10-07,HN,gasoline,Honduras,130.51,HNL,gallon,2026-10-03T14:01:37+03:00
2026-10-07,HN,gasoline_premium,Honduras,143.73,HNL,gallon,2026-10-03T14:01:37+03:00
2026-10-07,HN,kerosene,Honduras,129.86,HNL,gallon,2026-10-03T14:01:37+03:00
2026-10-07,HN,lpg,Honduras,49.94,HNL,gallon,2026-10-03T14:01:37+03:00
2026-10-07,HN,premium,Honduras,143.73,HNL,gallon,2026-10-03T14:01:37+03:00
2026-10-07,HR,diesel,Croatia,1.9354,EUR,liter,2026-10-03T14:01:37+03:00
2026-10-07,HR,diesel_premium,Croatia,2.125,EUR,liter,2026-10-03T14:01:37+03:00
2026-10-07,HR,gasoline,Croatia,1.7792,EUR,liter,2026-10-03T14:01:37+03:00
2026-10-07,HR,gasoline_super,Croatia,2.3833,EUR,liter,2026-10-03T14:01:37+03:00
2026-10-07,HR,lpg,Croatia,0.8465,EUR,liter,2026-10-03T14:01:37+03:00
2026-10-07,HR,premium,Croatia,2.3833,EUR,liter,2026-10-03T14:01:37+03:00
2026-10-07,HT,diesel,Haiti,203.4126,HTG,liter,2026-10-03T14:01:37+03:00
2026-10-07,HT,gasoline,Haiti,184.9205,HTG,liter,2026-10-03T14:01:37+03:00
2026-10-07,HT,kerosene,Haiti,202.0917,HTG,liter,2026-10-03T14:01:37+03:00
2026-10-07,HU,cng,Hungary,850,HUF,kg,2026-10-03T14:01:37+03:00
2026-10-07,HU,diesel,Hungary,709.6429,HUF,liter,2026-10-03T14:01:37+03:00
2026-10-07,HU,diesel_premium,Hungary,806,HUF,liter,2026-10-03T14:01:37+03:00
2026-10-07,HU,gasoline,Hungary,632.3214,HUF,liter,2026-10-03T14:01:37+03:00
2026-10-07,HU,gasoline_premium,Hungary,720,HUF,liter,2026-10-03T14:01:37+03:00
2026-10-07,HU,lpg,Hungary,351.3478,HUF,liter,2026-10-03T14:01:37+03:00
2026-10-07,HU,premium,Hungary,720,HUF,liter,2026-10-03T14:01:37+03:00
2026-10-07,ID,diesel,Indonesia,24007.6923,IDR,liter,2026-10-03T14:01:37+03:00
2026-10-07,ID,gasoline,Indonesia,16165.3846,IDR,liter,2026-10-03T14:01:37+03:00
2026-10-07,ID,gasoline_premium,Indonesia,19846.1538,IDR,liter,2026-10-03T14:01:37+03:00
2026-10-07,ID,premium,Indonesia,19846.1538,IDR,liter,2026-10-03T14:01:37+03:00
2026-10-07,IE,diesel,Ireland,2.0396,EUR,liter,2026-10-03T14:01:37+03:00
2026-10-07,IE,gasoline,Ireland,1.9168,EUR,liter,2026-10-03T14:01:37+03:00
2026-10-07,IL,diesel,Israel,7.8873,ILS,liter,2026-10-03T14:01:37+03:00
2026-10-07,IL,gasoline,Israel,8.27,ILS,liter,2026-10-03T14:01:37+03:00
2026-10-07,IN,cng,India,86.98,INR,kg,2026-10-03T14:01:37+03:00
2026-10-07,IN,diesel,India,95.2,INR,liter,2026-10-03T14:01:37+03:00
2026-10-07,IN,gasoline,India,102.12,INR,liter,2026-10-03T14:01:37+03:00
2026-10-07,IQ,diesel,Iraq,400,IQD,liter,2026-10-03T14:01:37+03:00
2026-10-07,IQ,gasoline,Iraq,850,IQD,liter,2026-10-03T14:01:37+03:00
2026-10-07,IQ,gasoline_regular,Iraq,450,IQD,liter,2026-10-03T14:01:37+03:00
2026-10-07,IQ,gasoline_super,Iraq,1250,IQD,liter,2026-10-03T14:01:37+03:00
2026-10-07,IQ,kerosene,Iraq,150,IQD,liter,2026-10-03T14:01:37+03:00
2026-10-07,IQ,premium,Iraq,1250,IQD,liter,2026-10-03T14:01:37+03:00
2026-10-07,IS,diesel,Iceland,315.5164,ISK,liter,2026-10-03T14:01:37+03:00
2026-10-07,IS,gasoline,Iceland,272.4611,ISK,liter,2026-10-03T14:01:37+03:00
2026-10-07,IT,cng,Italy,1.8986,EUR,kg,2026-10-03T14:01:37+03:00
2026-10-07,IT,diesel,Italy,2.3038,EUR,liter,2026-10-03T14:01:37+03:00
2026-10-07,IT,diesel_premium,Italy,2.3928,EUR,liter,2026-10-03T14:01:37+03:00
2026-10-07,IT,gasoline,Italy,2.1071,EUR,liter,2026-10-03T14:01:37+03:00
2026-10-07,IT,gasoline_premium,Italy,2.2596,EUR,liter,2026-10-03T14:01:37+03:00
2026-10-07,IT,gasoline_super,Italy,2.3859,EUR,liter,2026-10-03T14:01:37+03:00
2026-10-07,IT,lpg,Italy,0.7529,EUR,liter,2026-10-03T14:01:37+03:00
2026-10-07,IT,premium,Italy,2.3859,EUR,liter,2026-10-03T14:01:37+03:00
2026-10-07,JM,diesel,Jamaica,264.7052,JMD,liter,2026-10-03T14:01:37+03:00
2026-10-07,JM,gasoline,Jamaica,230.1764,JMD,liter,2026-10-03T14:01:37+03:00
2026-10-07,JM,gasoline_premium,Jamaica,240.8293,JMD,liter,2026-10-03T14:01:37+03:00
2026-10-07,JM,kerosene,Jamaica,217.6659,JMD,liter,2026-10-03T14:01:37+03:00
2026-10-07,JM,premium,Jamaica,240.8293,JMD,liter,2026-10-03T14:01:37+03:00
2026-10-07,JO,diesel,Jordan,0.9,JOD,liter,2026-10-03T14:01:37+03:00
2026-10-07,JO,gasoline,Jordan,1.05,JOD,liter,2026-10-03T14:01:37+03:00
2026-10-07,JO,gasoline_premium,Jordan,1.36,JOD,liter,2026-10-03T14:01:37+03:00
2026-10-07,JO,gasoline_super,Jordan,1.51,JOD,liter,2026-10-03T14:01:37+03:00
2026-10-07,JO,kerosene,Jordan,0.55,JOD,liter,2026-10-03T14:01:37+03:00
2026-10-07,JO,premium,Jordan,1.51,JOD,liter,2026-10-03T14:01:37+03:00
2026-10-07,JP,diesel,Japan,151.9804,JPY,liter,2026-10-03T14:01:37+03:00
2026-10-07,JP,gasoline,Japan,163.6431,JPY,liter,2026-10-03T14:01:37+03:00
2026-10-07,JP,gasoline_premium,Japan,174.3922,JPY,liter,2026-10-03T14:01:37+03:00
2026-10-07,JP,lpg,Japan,138.2,JPY,liter,2026-10-03T14:01:37+03:00
2026-10-07,JP,premium,Japan,174.3922,JPY,liter,2026-10-03T14:01:37+03:00
2026-10-07,KE,diesel,Kenya,217,KES,liter,2026-10-03T14:01:37+03:00
2026-10-07,KE,gasoline,Kenya,214,KES,liter,2026-10-03T14:01:37+03:00
2026-10-07,KE,kerosene,Kenya,191.38,KES,liter,2026-10-03T14:01:37+03:00
2026-10-07,KG,diesel,Kyrgyzstan,100.3739,KGS,liter,2026-10-03T14:01:37+03:00
2026-10-07,KG,gasoline,Kyrgyzstan,88.4106,KGS,liter,2026-10-03T14:01:37+03:00
2026-10-07,KG,gasoline_premium,Kyrgyzstan,109.8533,KGS,liter,2026-10-03T14:01:37+03:00
2026-10-07,KG,gasoline_super,Kyrgyzstan,149.9,KGS,liter,2026-10-03T14:01:37+03:00
2026-10-07,KG,lpg,Kyrgyzstan,48.8,KGS,liter,2026-10-03T14:01:37+03:00
2026-10-07,KG,premium,Kyrgyzstan,149.9,KGS,liter,2026-10-03T14:01:37+03:00
2026-10-07,KH,diesel,Cambodia,5800,KHR,liter,2026-10-03T14:01:37+03:00
2026-10-07,KH,gasoline,Cambodia,5183.3333,KHR,liter,2026-10-03T14:01:37+03:00
2026-10-07,KH,gasoline_premium,Cambodia,6250,KHR,liter,2026-10-03T14:01:37+03:00
2026-10-07,KH,premium,Cambodia,6250,KHR,liter,2026-10-03T14:01:37+03:00
2026-10-07,KN,gasoline,Saint Kitts and Nevis,16.93,XCD,imperial_gallon,2026-10-03T14:01:37+03:00
2026-10-07,KR,diesel,South Korea,1843.5816,KRW,liter,2026-10-03T14:01:37+03:00
2026-10-07,KR,gasoline,South Korea,1857.8413,KRW,liter,2026-10-03T14:01:37+03:00
2026-10-07,KR,gasoline_premium,South Korea,2343.5,KRW,liter,2026-10-03T14:01:37+03:00
2026-10-07,KR,kerosene,South Korea,1572.65,KRW,liter,2026-10-03T14:01:37+03:00
2026-10-07,KR,lpg,South Korea,1096.37,KRW,liter,2026-10-03T14:01:37+03:00
2026-10-07,KR,premium,South Korea,2343.5,KRW,liter,2026-10-03T14:01:37+03:00
2026-10-07,KU,diesel,Kurdistan Region,1350,IQD,liter,2026-10-03T14:01:37+03:00
2026-10-07,KU,gasoline,Kurdistan Region,1080,IQD,liter,2026-10-03T14:01:37+03:00
2026-10-07,KU,gasoline_premium,Kurdistan Region,1450,IQD,liter,2026-10-03T14:01:37+03:00
2026-10-07,KU,premium,Kurdistan Region,1450,IQD,liter,2026-10-03T14:01:37+03:00
2026-10-07,KW,diesel,Kuwait,0.115,KWD,liter,2026-10-03T14:01:37+03:00
2026-10-07,KW,gasoline,Kuwait,0.085,KWD,liter,2026-10-03T14:01:37+03:00
2026-10-07,KW,gasoline_premium,Kuwait,0.105,KWD,liter,2026-10-03T14:01:37+03:00
2026-10-07,KW,gasoline_super,Kuwait,0.275,KWD,liter,2026-10-03T14:01:37+03:00
2026-10-07,KW,kerosene,Kuwait,0.115,KWD,liter,2026-10-03T14:01:37+03:00
2026-10-07,KW,premium,Kuwait,0.275,KWD,liter,2026-10-03T14:01:37+03:00
2026-10-07,KY,diesel,Cayman Islands,6.37,KYD,imperial_gallon,2026-10-03T14:01:37+03:00
2026-10-07,KY,gasoline,Cayman Islands,5.78,KYD,imperial_gallon,2026-10-03T14:01:37+03:00
2026-10-07,KY,gasoline_premium,Cayman Islands,6.37,KYD,imperial_gallon,2026-10-03T14:01:37+03:00
2026-10-07,KY,premium,Cayman Islands,6.37,KYD,imperial_gallon,2026-10-03T14:01:37+03:00
2026-10-07,KZ,diesel,Kazakhstan,342.0059,KZT,liter,2026-10-03T14:01:37+03:00
2026-10-07,KZ,gasoline,Kazakhstan,312.2797,KZT,liter,2026-10-03T14:01:37+03:00
2026-10-07,KZ,gasoline_premium,Kazakhstan,352.7256,KZT,liter,2026-10-03T14:01:37+03:00
2026-10-07,KZ,gasoline_regular,Kazakhstan,245.6149,KZT,liter,2026-10-03T14:01:37+03:00
2026-10-07,KZ,lpg,Kazakhstan,105.1485,KZT,liter,2026-10-03T14:01:37+03:00
2026-10-07,KZ,premium,Kazakhstan,352.7256,KZT,liter,2026-10-03T14:01:37+03:00
2026-10-07,LA,diesel,Laos,33898.463,LAK,liter,2026-10-03T14:01:37+03:00
2026-10-07,LA,gasoline,Laos,34458.5407,LAK,liter,2026-10-03T14:01:37+03:00
2026-10-07,LA,gasoline_premium,Laos,43380,LAK,liter,2026-10-03T14:01:37+03:00
2026-10-07,LA,premium,Laos,43380,LAK,liter,2026-10-03T14:01:37+03:00
2026-10-07,LB,diesel,Lebanon,136300,LBP,liter,2026-10-03T14:01:37+03:00
2026-10-07,LB,gasoline,Lebanon,141850,LBP,liter,2026-10-03T14:01:37+03:00
2026-10-07,LB,gasoline_premium,Lebanon,142700,LBP,liter,2026-10-03T14:01:37+03:00
2026-10-07,LB,lpg,Lebanon,66650,LBP,liter,2026-10-03T14:01:37+03:00
2026-10-07,LB,premium,Lebanon,142700,LBP,liter,2026-10-03T14:01:37+03:00
2026-10-07,LC,diesel,Saint Lucia,3.79,XCD,liter,2026-10-03T14:01:37+03:00
2026-10-07,LC,gasoline,Saint Lucia,3.79,XCD,liter,2026-10-03T14:01:37+03:00
2026-10-07,LC,kerosene,Saint Lucia,2.29,XCD,liter,2026-10-03T14:01:37+03:00
2026-10-07,LI,diesel,Liechtenstein,2.3393,CHF,liter,2026-10-03T14:01:37+03:00
2026-10-07,LI,gasoline,Liechtenstein,2.12,CHF,liter,2026-10-03T14:01:37+03:00
2026-10-07,LI,gasoline_premium,Liechtenstein,2.22,CHF,liter,2026-10-03T14:01:37+03:00
2026-10-07,LI,premium,Liechtenstein,2.22,CHF,liter,2026-10-03T14:01:37+03:00
2026-10-07,LK,diesel,Sri Lanka,392,LKR,liter,2026-10-03T14:01:37+03:00
2026-10-07,LK,diesel_premium,Sri Lanka,528,LKR,liter,2026-10-03T14:01:37+03:00
2026-10-07,LK,gasoline,Sri Lanka,414,LKR,liter,2026-10-03T14:01:37+03:00
2026-10-07,LK,gasoline_premium,Sri Lanka,475,LKR,liter,2026-10-03T14:01:37+03:00
2026-10-07,LK,kerosene,Sri Lanka,285,LKR,liter,2026-10-03T14:01:37+03:00
2026-10-07,LK,premium,Sri Lanka,475,LKR,liter,2026-10-03T14:01:37+03:00
2026-10-07,LR,diesel,Liberia,315.0112,LRD,liter,2026-10-03T14:01:37+03:00
2026-10-07,LR,gasoline,Liberia,257.6771,LRD,liter,2026-10-03T14:01:37+03:00
2026-10-07,LS,diesel,Lesotho,30.95,LSL,liter,2026-10-03T14:01:37+03:00
2026-10-07,LS,gasoline,Lesotho,24.5,LSL,liter,2026-10-03T14:01:37+03:00
2026-10-07,LS,gasoline_premium,Lesotho,24.8,LSL,liter,2026-10-03T14:01:37+03:00
2026-10-07,LS,premium,Lesotho,24.8,LSL,liter,2026-10-03T14:01:37+03:00
2026-10-07,LT,diesel,Lithuania,2.2298,EUR,liter,2026-10-03T14:01:37+03:00
2026-10-07,LT,diesel_premium,Lithuania,2.296,EUR,liter,2026-10-03T14:01:37+03:00
2026-10-07,LT,gasoline,Lithuania,1.9258,EUR,liter,2026-10-03T14:01:37+03:00
2026-10-07,LT,gasoline_premium,Lithuania,2.0108,EUR,liter,2026-10-03T14:01:37+03:00
2026-10-07,LT,lpg,Lithuania,0.8155,EUR,liter,2026-10-03T14:01:37+03:00
2026-10-07,LT,premium,Lithuania,2.0108,EUR,liter,2026-10-03T14:01:37+03:00
2026-10-07,LU,diesel,Luxembourg,2.0284,EUR,liter,2026-10-03T14:01:37+03:00
2026-10-07,LU,gasoline,Luxembourg,1.8218,EUR,liter,2026-10-03T14:01:37+03:00
2026-10-07,LU,gasoline_premium,Luxembourg,1.9002,EUR,liter,2026-10-03T14:01:37+03:00
2026-10-07,LU,lpg,Luxembourg,0.8319,EUR,liter,2026-10-03T14:01:37+03:00
2026-10-07,LU,premium,Luxembourg,1.9002,EUR,liter,2026-10-03T14:01:37+03:00
2026-10-07,LV,diesel,Latvia,2.1007,EUR,liter,2026-10-03T14:01:37+03:00
2026-10-07,LV,diesel_premium,Latvia,2.2056,EUR,liter,2026-10-03T14:01:37+03:00
2026-10-07,LV,gasoline,Latvia,1.9447,EUR,liter,2026-10-03T14:01:37+03:00
2026-10-07,LV,gasoline_premium,Latvia,2.006,EUR,liter,2026-10-03T14:01:37+03:00
2026-10-07,LV,lpg,Latvia,0.9314,EUR,liter,2026-10-03T14:01:37+03:00
2026-10-07,LV,premium,Latvia,2.006,EUR,liter,2026-10-03T14:01:37+03:00
2026-10-07,MA,diesel,Morocco,15.8543,MAD,liter,2026-10-03T14:01:37+03:00
2026-10-07,MA,gasoline,Morocco,15.4189,MAD,liter,2026-10-03T14:01:37+03:00
2026-10-07,MC,diesel,Monaco,2.4837,EUR,liter,2026-10-03T14:01:37+03:00
2026-10-07,MC,gasoline,Monaco,2.2795,EUR,liter,2026-10-03T14:01:37+03:00
2026-10-07,MC,gasoline_premium,Monaco,2.3415,EUR,liter,2026-10-03T14:01:37+03:00
2026-10-07,MC,lpg,Monaco,1.15,EUR,liter,2026-10-03T14:01:37+03:00
2026-10-07,MC,premium,Monaco,2.3415,EUR,liter,2026-10-03T14:01:37+03:00
2026-10-07,MD,diesel,Moldova,35.7733,MDL,liter,2026-10-03T14:01:37+03:00
2026-10-07,MD,gasoline,Moldova,34.1367,MDL,liter,2026-10-03T14:01:37+03:00
2026-10-07,MD,lpg,Moldova,15.2,MDL,liter,2026-10-03T14:01:37+03:00
2026-10-07,ME,diesel,Montenegro,1.9381,EUR,liter,2026-10-03T14:01:37+03:00
2026-10-07,ME,gasoline,Montenegro,1.7429,EUR,liter,2026-10-03T14:01:37+03:00
2026-10-07,ME,gasoline_premium,Montenegro,1.7829,EUR,liter,2026-10-03T14:01:37+03:00
2026-10-07,ME,premium,Montenegro,1.7829,EUR,liter,2026-10-03T14:01:37+03:00
2026-10-07,MG,diesel,Madagascar,4860,MGA,liter,2026-10-03T14:01:37+03:00
2026-10-07,MG,gasoline,Madagascar,5300,MGA,liter,2026-10-03T14:01:37+03:00
2026-10-07,MG,kerosene,Madagascar,3710,MGA,liter,2026-10-03T14:01:37+03:00
2026-10-07,MK,cng,North Macedonia,88.5,MKD,kg,2026-10-03T14:01:37+03:00
2026-10-07,MK,diesel,North Macedonia,100,MKD,liter,2026-10-03T14:01:37+03:00
2026-10-07,MK,diesel_premium,North Macedonia,101,MKD,liter,2026-10-03T14:01:37+03:00
2026-10-07,MK,gasoline,North Macedonia,100,MKD,liter,2026-10-03T14:01:37+03:00
2026-10-07,MK,gasoline_premium,North Macedonia,102,MKD,liter,2026-10-03T14:01:37+03:00
2026-10-07,MK,lpg,North Macedonia,47,MKD,liter,2026-10-03T14:01:37+03:00
2026-10-07,MK,premium,North Macedonia,102,MKD,liter,2026-10-03T14:01:37+03:00
2026-10-07,MM,diesel,Myanmar,4815,MMK,liter,2026-10-03T14:01:37+03:00
2026-10-07,MM,diesel_premium,Myanmar,5795,MMK,liter,2026-10-03T14:01:37+03:00
2026-10-07,MM,gasoline,Myanmar,4540,MMK,liter,2026-10-03T14:01:37+03:00
2026-10-07,MM,gasoline_premium,Myanmar,4730,MMK,liter,2026-10-03T14:01:37+03:00
2026-10-07,MM,premium,Myanmar,4730,MMK,liter,2026-10-03T14:01:37+03:00
2026-10-07,MN,diesel,Mongolia,4895,MNT,liter,2026-10-03T14:01:37+03:00
2026-10-07,MN,gasoline,Mongolia,3118.75,MNT,liter,2026-10-03T14:01:37+03:00
2026-10-07,MN,gasoline_premium,Mongolia,5080,MNT,liter,2026-10-03T14:01:37+03:00
2026-10-07,MN,gasoline_super,Mongolia,5550,MNT,liter,2026-10-03T14:01:37+03:00
2026-10-07,MN,lpg,Mongolia,1840,MNT,liter,2026-10-03T14:01:37+03:00
2026-10-07,MN,premium,Mongolia,5550,MNT,liter,2026-10-03T14:01:37+03:00
2026-10-07,MR,diesel,Mauritania,62.13,MRU,liter,2026-09-27T14:11:38+03:00
2026-10-07,MR,gasoline,Mauritania,65.02,MRU,liter,2026-09-27T14:11:38+03:00
2026-10-07,MT,diesel,Malta,1.215,EUR,liter,2026-10-03T14:01:37+03:00
2026-10-07,MT,diesel_premium,Malta,1.31,EUR,liter,2026-10-03T14:01:37+03:00
2026-10-07,MT,gasoline,Malta,1.346,EUR,liter,2026-10-03T14:01:37+03:00
2026-10-07,MT,gasoline_premium,Malta,1.49,EUR,liter,2026-10-03T14:01:37+03:00
2026-10-07,MT,premium,Malta,1.49,EUR,liter,2026-10-03T14:01:37+03:00
2026-10-07,MU,diesel,Mauritius,75.9833,MUR,liter,2026-10-03T14:01:37+03:00
2026-10-07,MU,gasoline,Mauritius,75.35,MUR,liter,2026-10-03T14:01:37+03:00
2026-10-07,MV,diesel,Maldives,17.54,MVR,liter,2026-10-03T14:01:37+03:00
2026-10-07,MV,gasoline,Maldives,16.01,MVR,liter,2026-10-03T14:01:37+03:00
2026-10-07,MW,diesel,Malawi,5863,MWK,liter,2026-10-03T14:01:37+03:00
2026-10-07,MW,gasoline,Malawi,5619,MWK,liter,2026-10-03T14:01:37+03:00
2026-10-07,MW,kerosene,Malawi,4546.5,MWK,liter,2026-10-03T14:01:37+03:00
2026-10-07,MX,diesel,Mexico,27.0014,MXN,liter,2026-10-03T14:01:37+03:00
2026-10-07,MX,gasoline,Mexico,23.7823,MXN,liter,2026-10-03T14:01:37+03:00
2026-10-07,MX,gasoline_premium,Mexico,28.6366,MXN,liter,2026-10-03T14:01:37+03:00
2026-10-07,MX,premium,Mexico,28.6366,MXN,liter,2026-10-03T14:01:37+03:00
2026-10-07,MY,diesel,Malaysia,5.27,MYR,liter,2026-10-03T14:01:37+03:00
2026-10-07,MY,gasoline,Malaysia,4.52,MYR,liter,2026-10-03T14:01:37+03:00
2026-10-07,MY,gasoline_premium,Malaysia,5,MYR,liter,2026-10-03T14:01:37+03:00
2026-10-07,MY,premium,Malaysia,5,MYR,liter,2026-10-03T14:01:37+03:00
2026-10-07,MZ,diesel,Mozambique,116.25,MZN,liter,2026-10-03T14:01:37+03:00
2026-10-07,MZ,gasoline,Mozambique,93.69,MZN,liter,2026-10-03T14:01:37+03:00
2026-10-07,MZ,kerosene,Mozambique,97.56,MZN,liter,2026-10-03T14:01:37+03:00
2026-10-07,NA,diesel,Namibia,27.86,NAD,liter,2026-10-03T14:01:37+03:00
2026-10-07,NA,diesel_premium,Namibia,27.96,NAD,liter,2026-10-03T14:01:37+03:00
2026-10-07,NA,gasoline,Namibia,25.08,NAD,liter,2026-10-03T14:01:37+03:00
2026-10-07,NC,diesel,New Caledonia,190.6,XPF,liter,2026-10-03T14:01:37+03:00
2026-10-07,NC,gasoline,New Caledonia,182.4,XPF,liter,2026-10-03T14:01:37+03:00
2026-10-07,NE,diesel,Niger,618,XOF,liter,2026-10-03T14:01:37+03:00
2026-10-07,NE,gasoline,Niger,499,XOF,liter,2026-10-03T14:01:37+03:00
2026-10-07,NG,diesel,Nigeria,1756.7157,NGN,liter,2026-10-03T14:01:37+03:00
2026-10-07,NG,gasoline,Nigeria,1347.7671,NGN,liter,2026-10-03T14:01:37+03:00
2026-10-07,NI,diesel,Nicaragua,43.22,NIO,liter,2026-10-03T14:01:37+03:00
2026-10-07,NI,gasoline,Nicaragua,47.82,NIO,liter,2026-10-03T14:01:37+03:00
2026-10-07,NI,gasoline_premium,Nicaragua,49,NIO,liter,2026-10-03T14:01:37+03:00
2026-10-07,NI,kerosene,Nicaragua,60.36,NIO,liter,2026-10-03T14:01:37+03:00
2026-10-07,NI,premium,Nicaragua,49,NIO,liter,2026-10-03T14:01:37+03:00
2026-10-07,NL,cng,Netherlands,1.6995,EUR,kg,2026-10-03T14:01:37+03:00
2026-10-07,NL,diesel,Netherlands,2.6413,EUR,liter,2026-10-03T14:01:37+03:00
2026-10-07,NL,diesel_premium,Netherlands,2.7918,EUR,liter,2026-10-03T14:01:37+03:00
2026-10-07,NL,gasoline,Netherlands,2.5777,EUR,liter,2026-10-03T14:01:37+03:00
2026-10-07,NL,gasoline_premium,Netherlands,2.863,EUR,liter,2026-10-03T14:01:37+03:00
2026-10-07,NL,lpg,Netherlands,1.1011,EUR,liter,2026-10-03T14:01:37+03:00
2026-10-07,NL,premium,Netherlands,2.863,EUR,liter,2026-10-03T14:01:37+03:00
2026-10-07,NO,diesel,Norway,23.7723,NOK,liter,2026-10-03T14:01:37+03:00
2026-10-07,NO,gasoline,Norway,21.7546,NOK,liter,2026-10-03T14:01:37+03:00
2026-10-07,NO,gasoline_premium,Norway,27.79,NOK,liter,2026-10-03T14:01:37+03:00
2026-10-07,NO,premium,Norway,27.79,NOK,liter,2026-10-03T14:01:37+03:00
2026-10-07,NP,diesel,Nepal,200,NPR,liter,2026-10-03T14:01:37+03:00
2026-10-07,NP,gasoline,Nepal,200,NPR,liter,2026-10-03T14:01:37+03:00
2026-10-07,NP,kerosene,Nepal,200,NPR,liter,2026-10-03T14:01:37+03:00
2026-10-07,NR,diesel,Nauru,2.9032,AUD,liter,2026-10-03T14:01:37+03:00
2026-10-07,NR,gasoline,Nauru,2.4238,AUD,liter,2026-10-03T14:01:37+03:00
2026-10-07,NR,kerosene,Nauru,2.1811,AUD,liter,2026-10-03T14:01:37+03:00
2026-10-07,NZ,diesel,New Zealand,3.1293,NZD,liter,2026-10-03T14:01:37+03:00
2026-10-07,NZ,gasoline,New Zealand,3.6036,NZD,liter,2026-10-03T14:01:37+03:00
2026-10-07,NZ,gasoline_premium,New Zealand,3.7909,NZD,liter,2026-10-03T14:01:37+03:00
2026-10-07,NZ,gasoline_regular,New Zealand,3.4158,NZD,liter,2026-10-03T14:01:37+03:00
2026-10-07,NZ,gasoline_super,New Zealand,3.7743,NZD,liter,2026-10-03T14:01:37+03:00
2026-10-07,NZ,lpg,New Zealand,1.9583,NZD,liter,2026-10-03T14:01:37+03:00
2026-10-07,NZ,premium,New Zealand,3.7743,NZD,liter,2026-10-03T14:01:37+03:00
2026-10-07,OM,diesel,Oman,0.258,OMR,liter,2026-10-03T14:01:37+03:00
2026-10-07,OM,gasoline,Oman,0.239,OMR,liter,2026-10-03T14:01:37+03:00
2026-10-07,OM,gasoline_premium,Oman,0.399,OMR,liter,2026-10-03T14:01:37+03:00
2026-10-07,OM,gasoline_regular,Oman,0.229,OMR,liter,2026-10-03T14:01:37+03:00
2026-10-07,OM,premium,Oman,0.399,OMR,liter,2026-10-03T14:01:37+03:00
2026-10-07,PA,diesel,Panama,3.4069,USD,gallon,2026-10-03T14:01:37+03:00
2026-10-07,PA,gasoline,Panama,4.8718,USD,gallon,2026-10-03T14:01:37+03:00
2026-10-07,PA,gasoline_premium,Panama,5.239,USD,gallon,2026-10-03T14:01:37+03:00
2026-10-07,PA,premium,Panama,5.239,USD,gallon,2026-10-03T14:01:37+03:00
2026-10-07,PE,diesel,Peru,25.905,PEN,gallon,2026-10-03T14:01:37+03:00
2026-10-07,PE,gasoline,Peru,22.105,PEN,gallon,2026-10-03T14:01:37+03:00
2026-10-07,PE,gasoline_premium,Peru,23.305,PEN,gallon,2026-10-03T14:01:37+03:00
2026-10-07,PE,lpg,Peru,6.98,PEN,gallon,2026-10-03T14:01:37+03:00
2026-10-07,PE,premium,Peru,23.305,PEN,gallon,2026-10-03T14:01:37+03:00
2026-10-07,PF,diesel,French Polynesia,165,XPF,liter,2026-09-05T11:14:47+03:00
2026-10-07,PF,gasoline,French Polynesia,165,XPF,liter,2026-09-05T11:14:47+03:00
2026-10-07,PF,kerosene,French Polynesia,137,XPF,liter,2026-09-05T11:14:47+03:00
2026-10-07,PG,diesel,Papua New Guinea,4.9,PGK,liter,2026-10-03T14:01:37+03:00
2026-10-07,PG,gasoline,Papua New Guinea,4.9,PGK,liter,2026-10-03T14:01:37+03:00
2026-10-07,PG,kerosene,Papua New Guinea,4.9,PGK,liter,2026-10-03T14:01:37+03:00
2026-10-07,PH,diesel,Philippines,95.6979,PHP,liter,2026-10-03T14:01:37+03:00
2026-10-07,PH,diesel_premium,Philippines,99.52,PHP,liter,2026-10-03T14:01:37+03:00
2026-10-07,PH,gasoline,Philippines,89.4627,PHP,liter,2026-10-03T14:01:37+03:00
2026-10-07,PH,gasoline_premium,Philippines,91.89,PHP,liter,2026-10-03T14:01:37+03:00
2026-10-07,PH,premium,Philippines,91.89,PHP,liter,2026-10-03T14:01:37+03:00
2026-10-07,PK,diesel,Pakistan,399.64,PKR,liter,2026-10-03T14:01:37+03:00
2026-10-07,PK,gasoline,Pakistan,392.76,PKR,liter,2026-10-03T14:01:37+03:00
2026-10-07,PK,gasoline_premium,Pakistan,410,PKR,liter,2026-10-03T14:01:37+03:00
2026-10-07,PK,kerosene,Pakistan,329.54,PKR,liter,2026-10-03T14:01:37+03:00
2026-10-07,PK,lpg,Pakistan,258.65,PKR,kg,2026-10-03T14:01:37+03:00
2026-10-07,PK,premium,Pakistan,410,PKR,liter,2026-10-03T14:01:37+03:00
2026-10-07,PL,diesel,Poland,8.8534,PLN,liter,2026-10-03T14:01:37+03:00
2026-10-07,PL,diesel_premium,Poland,9.045,PLN,liter,2026-10-03T14:01:37+03:00
2026-10-07,PL,gasoline,Poland,7.8638,PLN,liter,2026-10-03T14:01:37+03:00
2026-10-07,PL,gasoline_premium,Poland,8.5706,PLN,liter,2026-10-03T14:01:37+03:00
2026-10-07,PL,lpg,Poland,3.2125,PLN,liter,2026-10-03T14:01:37+03:00
2026-10-07,PL,premium,Poland,8.5706,PLN,liter,2026-10-03T14:01:37+03:00
2026-10-07,PS,diesel,Palestine,7.9025,ILS,liter,2026-10-03T14:01:37+03:00
2026-10-07,PS,gasoline_premium,Palestine,7.8667,ILS,liter,2026-10-03T14:01:37+03:00
2026-10-07,PS,gasoline_super,Palestine,8.785,ILS,liter,2026-10-03T14:01:37+03:00
2026-10-07,PS,kerosene,Palestine,7.9025,ILS,liter,2026-10-03T14:01:37+03:00
2026-10-07,PS,premium,Palestine,8.785,ILS,liter,2026-10-03T14:01:37+03:00
2026-10-07,PT,diesel,Portugal,2.2098,EUR,liter,2026-10-03T14:01:37+03:00
2026-10-07,PT,diesel_premium,Portugal,2.2447,EUR,liter,2026-10-03T14:01:37+03:00
2026-10-07,PT,gasoline,Portugal,2.0953,EUR,liter,2026-10-03T14:01:37+03:00
2026-10-07,PT,gasoline_premium,Portugal,2.274,EUR,liter,2026-10-03T14:01:37+03:00
2026-10-07,PT,lpg,Portugal,0.9121,EUR,liter,2026-10-03T14:01:37+03:00
2026-10-07,PT,premium,Portugal,2.274,EUR,liter,2026-10-03T14:01:37+03:00
2026-10-07,PY,diesel,Paraguay,8927.1429,PYG,liter,2026-10-03T14:01:37+03:00
2026-10-07,PY,diesel_premium,Paraguay,10821.4286,PYG,liter,2026-10-03T14:01:37+03:00
2026-10-07,PY,gasoline,Paraguay,7132.8571,PYG,liter,2026-10-03T14:01:37+03:00
2026-10-07,PY,gasoline_premium,Paraguay,9040,PYG,liter,2026-10-03T14:01:37+03:00
2026-10-07,PY,lpg,Paraguay,4900,PYG,liter,2026-10-03T14:01:37+03:00
2026-10-07,PY,premium,Paraguay,9040,PYG,liter,2026-10-03T14:01:37+03:00
2026-10-07,QA,diesel,Qatar,2.05,QAR,liter,2026-10-03T14:01:37+03:00
2026-10-07,QA,gasoline,Qatar,1.95,QAR,liter,2026-10-03T14:01:37+03:00
2026-10-07,QA,gasoline_premium,Qatar,2.1,QAR,liter,2026-10-03T14:01:37+03:00
2026-10-07,QA,premium,Qatar,2.1,QAR,liter,2026-10-03T14:01:37+03:00
2026-10-07,RO,diesel,Romania,10.9584,RON,liter,2026-10-03T14:01:37+03:00
2026-10-07,RO,diesel_premium,Romania,11.4604,RON,liter,2026-10-03T14:01:37+03:00
2026-10-07,RO,gasoline,Romania,9.9961,RON,liter,2026-10-03T14:01:37+03:00
2026-10-07,RO,gasoline_premium,Romania,10.6081,RON,liter,2026-10-03T14:01:37+03:00
2026-10-07,RO,lpg,Romania,4.7365,RON,liter,2026-10-03T14:01:37+03:00
2026-10-07,RO,premium,Romania,10.6081,RON,liter,2026-10-03T14:01:37+03:00
2026-10-07,RS,diesel,Serbia,236,RSD,liter,2026-10-03T14:01:37+03:00
2026-10-07,RS,diesel_premium,Serbia,251.95,RSD,liter,2026-10-03T14:01:37+03:00
2026-10-07,RS,gasoline,Serbia,207,RSD,liter,2026-10-03T14:01:37+03:00
2026-10-07,RS,gasoline_premium,Serbia,229.9,RSD,liter,2026-10-03T14:01:37+03:00
2026-10-07,RS,gasoline_super,Serbia,230.3469,RSD,liter,2026-10-03T14:01:37+03:00
2026-10-07,RS,lpg,Serbia,107.9719,RSD,liter,2026-10-03T14:01:37+03:00
2026-10-07,RS,premium,Serbia,230.3469,RSD,liter,2026-10-03T14:01:37+03:00
2026-10-07,RU,cng,Russia,30.3983,RUB,m3,2026-10-03T14:01:37+03:00
2026-10-07,RU,diesel,Russia,83.8862,RUB,liter,2026-10-03T14:01:37+03:00
2026-10-07,RU,diesel_premium,Russia,81.8969,RUB,liter,2026-10-03T14:01:37+03:00
2026-10-07,RU,gasoline,Russia,87.8238,RUB,liter,2026-10-03T14:01:37+03:00
2026-10-07,RU,gasoline_premium,Russia,96.2582,RUB,liter,2026-10-03T14:01:37+03:00
2026-10-07,RU,gasoline_regular,Russia,80.0884,RUB,liter,2026-10-03T14:01:37+03:00
2026-10-07,RU,gasoline_super,Russia,109.5957,RUB,liter,2026-10-03T14:01:37+03:00
2026-10-07,RU,lpg,Russia,44.237,RUB,liter,2026-10-03T14:01:37+03:00
2026-10-07,RU,premium,Russia,109.5957,RUB,liter,2026-10-03T14:01:37+03:00
2026-10-07,RW,diesel,Rwanda,2927,RWF,liter,2026-10-03T14:01:37+03:00
2026-10-07,RW,gasoline,Rwanda,2938,RWF,liter,2026-10-03T14:01:37+03:00
2026-10-07,SA,diesel,Saudi Arabia,1.79,SAR,liter,2026-10-03T14:01:37+03:00
2026-10-07,SA,gasoline,Saudi Arabia,2.18,SAR,liter,2026-10-03T14:01:37+03:00
2026-10-07,SA,gasoline_premium,Saudi Arabia,2.33,SAR,liter,2026-10-03T14:01:37+03:00
2026-10-07,SA,gasoline_super,Saudi Arabia,4.64,SAR,liter,2026-10-03T14:01:37+03:00
2026-10-07,SA,kerosene,Saudi Arabia,1.75,SAR,liter,2026-10-03T14:01:37+03:00
2026-10-07,SA,premium,Saudi Arabia,4.64,SAR,liter,2026-10-03T14:01:37+03:00
2026-10-07,SB,diesel,Solomon Islands,13.4759,SBD,liter,2026-10-03T14:01:37+03:00
2026-10-07,SB,gasoline,Solomon Islands,11.1771,SBD,liter,2026-10-03T14:01:37+03:00
2026-10-07,SB,kerosene,Solomon Islands,14.2583,SBD,liter,2026-10-03T14:01:37+03:00
2026-10-07,SC,diesel,Seychelles,25.19,SCR,liter,2026-10-03T14:01:37+03:00
2026-10-07,SC,gasoline,Seychelles,24.68,SCR,liter,2026-10-03T14:01:37+03:00
2026-10-07,SC,kerosene,Seychelles,30,SCR,liter,2026-10-03T14:01:37+03:00
2026-10-07,SE,diesel,Sweden,22.8077,SEK,liter,2026-10-03T14:01:37+03:00
2026-10-07,SE,e85,Sweden,15.465,SEK,liter,2026-10-03T14:01:37+03:00
2026-10-07,SE,gasoline,Sweden,18.765,SEK,liter,2026-10-03T14:01:37+03:00
2026-10-07,SE,gasoline_premium,Sweden,19.315,SEK,liter,2026-10-03T14:01:37+03:00
2026-10-07,SE,premium,Sweden,19.315,SEK,liter,2026-10-03T14:01:37+03:00
2026-10-07,SG,diesel,Singapore,4.0141,SGD,liter,2026-10-03T14:01:37+03:00
2026-10-07,SG,gasoline,Singapore,3.5355,SGD,liter,2026-10-03T14:01:37+03:00
2026-10-07,SG,gasoline_premium,Singapore,4.163,SGD,liter,2026-10-03T14:01:37+03:00
2026-10-07,SG,gasoline_regular,Singapore,3.51,SGD,liter,2026-10-03T14:01:37+03:00
2026-10-07,SG,premium,Singapore,4.163,SGD,liter,2026-10-03T14:01:37+03:00
2026-10-07,SI,diesel,Slovenia,1.9545,EUR,liter,2026-10-03T14:01:37+03:00
2026-10-07,SI,diesel_premium,Slovenia,2.453,EUR,liter,2026-10-03T14:01:37+03:00
2026-10-07,SI,gasoline,Slovenia,1.7242,EUR,liter,2026-10-03T14:01:37+03:00
2026-10-07,SI,gasoline_premium,Slovenia,2.121,EUR,liter,2026-10-03T14:01:37+03:00
2026-10-07,SI,lpg,Slovenia,0.9718,EUR,liter,2026-10-03T14:01:37+03:00
2026-10-07,SI,premium,Slovenia,2.121,EUR,liter,2026-10-03T14:01:37+03:00
2026-10-07,SK,diesel,Slovakia,1.9872,EUR,liter,2026-10-03T14:01:37+03:00
2026-10-07,SK,diesel_premium,Slovakia,2.176,EUR,liter,2026-10-03T14:01:37+03:00
2026-10-07,SK,gasoline,Slovakia,1.8542,EUR,liter,2026-10-03T14:01:37+03:00
2026-10-07,SK,gasoline_premium,Slovakia,2.0504,EUR,liter,2026-10-03T14:01:37+03:00
2026-10-07,SK,lpg,Slovakia,0.819,EUR,liter,2026-10-03T14:01:37+03:00
2026-10-07,SK,premium,Slovakia,2.0504,EUR,liter,2026-10-03T14:01:37+03:00
2026-10-07,SL,diesel,Sierra Leone,45,SLE,liter,2026-10-03T14:01:37+03:00
2026-10-07,SL,gasoline,Sierra Leone,40,SLE,liter,2026-10-03T14:01:37+03:00
2026-10-07,SL,kerosene,Sierra Leone,44.1,SLE,liter,2026-10-03T14:01:37+03:00
2026-10-07,SN,diesel,Senegal,755,XOF,liter,2026-10-03T14:01:37+03:00
2026-10-07,SN,gasoline,Senegal,990,XOF,liter,2026-10-03T14:01:37+03:00
2026-10-07,SN,gasoline_regular,Senegal,665,XOF,liter,2026-10-03T14:01:37+03:00
2026-10-07,SR,diesel,Suriname,53.27,SRD,liter,2026-10-03T14:01:37+03:00
2026-10-07,SR,gasoline,Suriname,48.32,SRD,liter,2026-10-03T14:01:37+03:00
2026-10-07,SS,diesel,South Sudan,17500,SSP,liter,2026-10-03T14:01:37+03:00
2026-10-07,SS,gasoline,South Sudan,16000,SSP,liter,2026-10-03T14:01:37+03:00
2026-10-07,SV,diesel,El Salvador,4.86,USD,gallon,2026-10-03T14:01:37+03:00
2026-10-07,SV,gasoline,El Salvador,4.8,USD,gallon,2026-10-03T14:01:37+03:00
2026-10-07,SV,gasoline_premium,El Salvador,5.13,USD,gallon,2026-10-03T14:01:37+03:00
2026-10-07,SV,premium,El Salvador,5.13,USD,gallon,2026-10-03T14:01:37+03:00
2026-10-07,SY,diesel,Syria,175,SYP,liter,2026-10-03T14:01:37+03:00
2026-10-07,SY,gasoline,Syria,185,SYP,liter,2026-10-03T14:01:37+03:00
2026-10-07,SY,gasoline_premium,Syria,195,SYP,liter,2026-10-03T14:01:37+03:00
2026-10-07,SY,premium,Syria,195,SYP,liter,2026-10-03T14:01:37+03:00
2026-10-07,SZ,diesel,Eswatini,32.25,SZL,liter,2026-10-03T14:01:37+03:00
2026-10-07,SZ,gasoline,Eswatini,29.4,SZL,liter,2026-10-03T14:01:37+03:00
2026-10-07,SZ,kerosene,Eswatini,25.16,SZL,liter,2026-10-03T14:01:37+03:00
2026-10-07,TG,diesel,Togo,766,XOF,liter,2026-10-03T14:01:37+03:00
2026-10-07,TG,gasoline,Togo,817,XOF,liter,2026-10-03T14:01:37+03:00
2026-10-07,TG,kerosene,Togo,1056,XOF,liter,2026-10-03T14:01:37+03:00
2026-10-07,TH,diesel,Thailand,42.19,THB,liter,2026-10-03T14:01:37+03:00
2026-10-07,TH,diesel_premium,Thailand,50.05,THB,liter,2026-10-03T14:01:37+03:00
2026-10-07,TH,e85,Thailand,31.63,THB,liter,2026-10-03T14:01:37+03:00
2026-10-07,TH,gasoline,Thailand,40.69,THB,liter,2026-10-03T14:01:37+03:00
2026-10-07,TH,gasoline_premium,Thailand,49.29,THB,liter,2026-10-03T14:01:37+03:00
2026-10-07,TH,gasoline_regular,Thailand,40.32,THB,liter,2026-10-03T14:01:37+03:00
2026-10-07,TH,gasoline_super,Thailand,49.79,THB,liter,2026-10-03T14:01:37+03:00
2026-10-07,TH,lpg,Thailand,25.87,THB,kg,2026-10-03T14:01:37+03:00
2026-10-07,TH,premium,Thailand,49.79,THB,liter,2026-10-03T14:01:37+03:00
2026-10-07,TJ,diesel,Tajikistan,15.395,TJS,liter,2026-10-03T14:01:37+03:00
2026-10-07,TJ,diesel_premium,Tajikistan,14.9,TJS,liter,2026-10-03T14:01:37+03:00
2026-10-07,TJ,gasoline,Tajikistan,12.9119,TJS,liter,2026-10-03T14:01:37+03:00
2026-10-07,TJ,gasoline_premium,Tajikistan,12.9,TJS,liter,2026-10-03T14:01:37+03:00
2026-10-07,TJ,lpg,Tajikistan,6.3944,TJS,liter,2026-10-03T14:01:37+03:00
2026-10-07,TJ,premium,Tajikistan,12.9,TJS,liter,2026-10-03T14:01:37+03:00
2026-10-07,TL,diesel,Timor-Leste,1.6237,USD,liter,2026-10-03T14:01:37+03:00
2026-10-07,TL,gasoline,Timor-Leste,1.5225,USD,liter,2026-10-03T14:01:37+03:00
2026-10-07,TM,diesel,Turkmenistan,1.35,TMT,liter,2026-10-03T14:01:37+03:00
2026-10-07,TM,gasoline,Turkmenistan,1.35,TMT,liter,2026-10-03T14:01:37+03:00
2026-10-07,TM,gasoline_premium,Turkmenistan,1.5,TMT,liter,2026-10-03T14:01:37+03:00
2026-10-07,TM,gasoline_regular,Turkmenistan,1.15,TMT,liter,2026-10-03T14:01:37+03:00
2026-10-07,TM,premium,Turkmenistan,1.5,TMT,liter,2026-10-03T14:01:37+03:00
2026-10-07,TN,diesel,Tunisia,2.21,TND,liter,2026-10-03T14:01:37+03:00
2026-10-07,TN,gasoline,Tunisia,2.53,TND,liter,2026-10-03T14:01:37+03:00
2026-10-07,TO,diesel,Tonga,4.425,TOP,liter,2026-10-03T14:01:37+03:00
2026-10-07,TO,gasoline,Tonga,3.85,TOP,liter,2026-10-03T14:01:37+03:00
2026-10-07,TO,kerosene,Tonga,3.5,TOP,liter,2026-10-03T14:01:37+03:00
2026-10-07,TR,diesel,Turkey,94.963,TRY,liter,2026-10-03T14:01:37+03:00
2026-10-07,TR,gasoline,Turkey,84.58,TRY,liter,2026-10-03T14:01:37+03:00
2026-10-07,TR,lpg,Turkey,41.2367,TRY,liter,2026-10-03T14:01:37+03:00
2026-10-07,TW,diesel,Taiwan,29.8838,TWD,liter,2026-10-03T14:01:37+03:00
2026-10-07,TW,gasoline,Taiwan,30.1532,TWD,liter,2026-10-03T14:01:37+03:00
2026-10-07,TW,gasoline_premium,Taiwan,32.0766,TWD,liter,2026-10-03T14:01:37+03:00
2026-10-07,TW,gasoline_super,Taiwan,34.6946,TWD,liter,2026-10-03T14:01:37+03:00
2026-10-07,TW,premium,Taiwan,34.6946,TWD,liter,2026-10-03T14:01:37+03:00
2026-10-07,TZ,diesel,Tanzania,3877,TZS,liter,2026-10-03T14:01:37+03:00
2026-10-07,TZ,gasoline,Tanzania,3796,TZS,liter,2026-10-03T14:01:37+03:00
2026-10-07,TZ,kerosene,Tanzania,3713,TZS,liter,2026-10-03T14:01:37+03:00
2026-10-07,UA,diesel,Ukraine,98.919,UAH,liter,2026-10-03T14:01:37+03:00
2026-10-07,UA,diesel_premium,Ukraine,101.9,UAH,liter,2026-10-03T14:01:37+03:00
2026-10-07,UA,gasoline,Ukraine,89.8729,UAH,liter,2026-10-03T14:01:37+03:00
2026-10-07,UA,gasoline_premium,Ukraine,94.9366,UAH,liter,2026-10-03T14:01:37+03:00
2026-10-07,UA,gasoline_regular,Ukraine,85.8256,UAH,liter,2026-10-03T14:01:37+03:00
2026-10-07,UA,gasoline_super,Ukraine,101.4,UAH,liter,2026-10-03T14:01:37+03:00
2026-10-07,UA,lpg,Ukraine,44.7649,UAH,liter,2026-10-03T14:01:37+03:00
2026-10-07,UA,premium,Ukraine,101.4,UAH,liter,2026-10-03T14:01:37+03:00
2026-10-07,UG,diesel,Uganda,6724.5,UGX,liter,2026-10-03T14:01:37+03:00
2026-10-07,UG,gasoline,Uganda,6874.5,UGX,liter,2026-10-03T14:01:37+03:00
2026-10-07,US,diesel,United States,6.3728,USD,gallon,2026-10-03T14:01:37+03:00
2026-10-07,US,e85,United States,3.31,USD,gallon,2026-10-03T14:01:37+03:00
2026-10-07,US,gasoline,United States,4.4398,USD,gallon,2026-10-03T14:01:37+03:00
2026-10-07,US,gasoline_premium,United States,5.0164,USD,gallon,2026-10-03T14:01:37+03:00
2026-10-07,US,gasoline_super,United States,5.4203,USD,gallon,2026-10-03T14:01:37+03:00
2026-10-07,US,lpg,United States,3.59,USD,gallon,2026-10-03T14:01:37+03:00
2026-10-07,US,premium,United States,5.4203,USD,gallon,2026-10-03T14:01:37+03:00
2026-10-07,UY,diesel,Uruguay,58.68,UYU,liter,2026-10-03T14:01:37+03:00
2026-10-07,UY,diesel_premium,Uruguay,67.33,UYU,liter,2026-10-03T14:01:37+03:00
2026-10-07,UY,gasoline,Uruguay,88.67,UYU,liter,2026-10-03T14:01:37+03:00
2026-10-07,UY,gasoline_premium,Uruguay,91.19,UYU,liter,2026-10-03T14:01:37+03:00
2026-10-07,UY,premium,Uruguay,91.19,UYU,liter,2026-10-03T14:01:37+03:00
2026-10-07,UZ,diesel,Uzbekistan,16235.9504,UZS,liter,2026-10-03T14:01:37+03:00
2026-10-07,UZ,gasoline,Uzbekistan,13449.8834,UZS,liter,2026-10-03T14:01:37+03:00
2026-10-07,UZ,gasoline_premium,Uzbekistan,18947.7273,UZS,liter,2026-10-03T14:01:37+03:00
2026-10-07,UZ,gasoline_super,Uzbekistan,27571.9697,UZS,liter,2026-10-03T14:01:37+03:00
2026-10-07,UZ,premium,Uzbekistan,27571.9697,UZS,liter,2026-10-03T14:01:37+03:00
2026-10-07,VC,diesel,Saint Vincent and the Grenadines,17.53,XCD,imperial_gallon,2026-10-03T14:01:37+03:00
2026-10-07,VC,gasoline,Saint Vincent and the Grenadines,18.31,XCD,imperial_gallon,2026-10-03T14:01:37+03:00
2026-10-07,VE,diesel,Venezuela,0.5,USD,liter,2026-10-03T14:01:37+03:00
2026-10-07,VE,gasoline,Venezuela,435.6845,VES,liter,2026-10-03T14:01:37+03:00
2026-10-07,VE,gasoline_premium,Venezuela,871.3689,VES,liter,2026-10-03T14:01:37+03:00
2026-10-07,VE,premium,Venezuela,871.3689,VES,liter,2026-10-03T14:01:37+03:00
2026-10-07,VN,diesel,Vietnam,29970,VND,liter,2026-10-03T14:01:37+03:00
2026-10-07,VN,diesel_premium,Vietnam,31600,VND,liter,2026-10-03T14:01:37+03:00
2026-10-07,VN,gasoline,Vietnam,27180,VND,liter,2026-10-03T14:01:37+03:00
2026-10-07,VN,gasoline_regular,Vietnam,26503.3333,VND,liter,2026-10-03T14:01:37+03:00
2026-10-07,VU,diesel,Vanuatu,195,VUV,liter,2026-10-03T14:01:37+03:00
2026-10-07,VU,gasoline,Vanuatu,222,VUV,liter,2026-10-03T14:01:37+03:00
2026-10-07,WS,diesel,Samoa,4.44,WST,liter,2026-10-03T14:01:37+03:00
2026-10-07,WS,gasoline,Samoa,3.58,WST,liter,2026-10-03T14:01:37+03:00
2026-10-07,WS,kerosene,Samoa,3.9,WST,liter,2026-10-03T14:01:37+03:00
2026-10-07,XK,diesel,Kosovo,1.89,EUR,liter,2026-10-03T14:01:37+03:00
2026-10-07,XK,diesel_premium,Kosovo,1.94,EUR,liter,2026-10-03T14:01:37+03:00
2026-10-07,XK,gasoline,Kosovo,1.66,EUR,liter,2026-10-03T14:01:37+03:00
2026-10-07,XK,gasoline_premium,Kosovo,1.73,EUR,liter,2026-10-03T14:01:37+03:00
2026-10-07,XK,lpg,Kosovo,0.69,EUR,liter,2026-10-03T14:01:37+03:00
2026-10-07,XK,premium,Kosovo,1.73,EUR,liter,2026-10-03T14:01:37+03:00
2026-10-07,XN,diesel,Turkish Republic of Northern Cyprus,76,TRY,liter,2026-10-03T14:01:37+03:00
2026-10-07,XN,gasoline,Turkish Republic of Northern Cyprus,77.12,TRY,liter,2026-10-03T14:01:37+03:00
2026-10-07,XN,gasoline_premium,Turkish Republic of Northern Cyprus,78.12,TRY,liter,2026-10-03T14:01:37+03:00
2026-10-07,XN,premium,Turkish Republic of Northern Cyprus,78.12,TRY,liter,2026-10-03T14:01:37+03:00
2026-10-07,ZA,diesel,South Africa,29.1104,ZAR,liter,2026-10-03T14:01:37+03:00
2026-10-07,ZA,diesel_premium,South Africa,29.8667,ZAR,liter,2026-10-03T14:01:37+03:00
2026-10-07,ZA,gasoline,South Africa,26.92,ZAR,liter,2026-10-03T14:01:37+03:00
2026-10-07,ZA,gasoline_regular,South Africa,26.76,ZAR,liter,2026-10-03T14:01:37+03:00
2026-10-07,ZM,diesel,Zambia,29.7736,ZMW,liter,2026-10-03T14:01:37+03:00
2026-10-07,ZM,gasoline,Zambia,28.0945,ZMW,liter,2026-10-03T14:01:37+03:00
2026-10-07,ZM,kerosene,Zambia,29.76,ZMW,liter,2026-10-03T14:01:37+03:00
2026-10-07,ZW,diesel,Zimbabwe,55.7068,ZWG,liter,2026-10-03T14:01:37+03:00
2026-10-07,ZW,gasoline,Zimbabwe,55.1712,ZWG,liter,2026-10-03T14:01:37+03:00
2026-10-07,ZW,lpg,Zimbabwe,47.1365,ZWG,kg,2026-10-03T14:01:37+03:00
2026-10-08,AD,diesel,Andorra,1.7378,EUR,liter,2026-10-03T14:01:37+03:00
2026-10-08,AD,diesel_premium,Andorra,1.7719,EUR,liter,2026-10-03T14:01:37+03:00
2026-10-08,AD,gasoline,Andorra,1.5894,EUR,liter,2026-10-03T14:01:37+03:00
2026-10-08,AD,gasoline_premium,Andorra,1.6495,EUR,liter,2026-10-03T14:01:37+03:00
2026-10-08,AD,premium,Andorra,1.6495,EUR,liter,2026-10-03T14:01:37+03:00
2026-10-08,AE,diesel,UAE,4.8,AED,liter,2026-10-03T14:01:37+03:00
2026-10-08,AE,gasoline,UAE,4.28,AED,liter,2026-10-03T14:01:37+03:00
2026-10-08,AE,gasoline_regular,UAE,4.21,AED,liter,2026-10-03T14:01:37+03:00
2026-10-08,AE,gasoline_super,UAE,4.4,AED,liter,2026-10-03T14:01:37+03:00
2026-10-08,AE,premium,UAE,4.4,AED,liter,2026-10-03T14:01:37+03:00
2026-10-08,AF,diesel,Afghanistan,79.1275,AFN,liter,2026-10-03T14:01:37+03:00
2026-10-08,AF,gasoline,Afghanistan,89,AFN,liter,2026-10-03T14:01:37+03:00
2026-10-08,AL,diesel,Albania,213.7289,ALL,liter,2026-10-03T14:01:37+03:00
2026-10-08,AL,diesel_premium,Albania,230,ALL,liter,2026-10-03T14:01:37+03:00
2026-10-08,AL,gasoline,Albania,193.4495,ALL,liter,2026-10-03T14:01:37+03:00
2026-10-08,AL,gasoline_premium,Albania,220,ALL,liter,2026-10-03T14:01:37+03:00
2026-10-08,AL,lpg,Albania,69.2062,ALL,liter,2026-10-03T14:01:37+03:00
2026-10-08,AL,premium,Albania,220,ALL,liter,2026-10-03T14:01:37+03:00
2026-10-08,AM,diesel,Armenia,695.8895,AMD,liter,2026-10-03T14:01:37+03:00
2026-10-08,AM,gasoline,Armenia,607.1632,AMD,liter,2026-10-03T14:01:37+03:00
2026-10-08,AM,gasoline_premium,Armenia,675,AMD,liter,2026-10-03T14:01:37+03:00
2026-10-08,AM,gasoline_regular,Armenia,600,AMD,liter,2026-10-03T14:01:37+03:00
2026-10-08,AM,lpg,Armenia,240,AMD,liter,2026-10-03T14:01:37+03:00
2026-10-08,AM,premium,Armenia,675,AMD,liter,2026-10-03T14:01:37+03:00
2026-10-08,AR,cng,Argentina,804,ARS,m3,2026-10-03T14:01:37+03:00
2026-10-08,AR,diesel,Argentina,2415.2022,ARS,liter,2026-10-03T14:01:37+03:00
2026-10-08,AR,diesel_premium,Argentina,2637.3056,ARS,liter,2026-10-03T14:01:37+03:00
2026-10-08,AR,gasoline,Argentina,2210.3087,ARS,liter,2026-10-03T14:01:37+03:00
2026-10-08,AR,gasoline_premium,Argentina,2474.2778,ARS,liter,2026-10-03T14:01:37+03:00
2026-10-08,AR,premium,Argentina,2474.2778,ARS,liter,2026-10-03T14:01:37+03:00
2026-10-08,AT,cng,Austria,1.799,EUR,kg,2026-10-03T14:01:37+03:00
2026-10-08,AT,diesel,Austria,2.2013,EUR,liter,2026-10-03T14:01:37+03:00
2026-10-08,AT,diesel_premium,Austria,2.4939,EUR,liter,2026-10-03T14:01:37+03:00
2026-10-08,AT,gasoline,Austria,1.8944,EUR,liter,2026-10-03T14:01:37+03:00
2026-10-08,AT,gasoline_premium,Austria,2.1316,EUR,liter,2026-10-03T14:01:37+03:00
2026-10-08,AT,gasoline_super,Austria,2.049,EUR,liter,2026-10-03T14:01:37+03:00
2026-10-08,AT,lpg,Austria,1.1665,EUR,liter,2026-10-03T14:01:37+03:00
2026-10-08,AT,premium,Austria,2.049,EUR,liter,2026-10-03T14:01:37+03:00
2026-10-08,AU,diesel,Australia,2.8708,AUD,liter,2026-10-03T14:01:37+03:00
2026-10-08,AU,diesel_premium,Australia,2.8823,AUD,liter,2026-10-03T14:01:37+03:00
2026-10-08,AU,e85,Australia,2.599,AUD,liter,2026-10-03T14:01:37+03:00
2026-10-08,AU,gasoline,Australia,2.399,AUD,liter,2026-10-03T14:01:37+03:00
2026-10-08,AU,gasoline_premium,Australia,2.5611,AUD,liter,2026-10-03T14:01:37+03:00
2026-10-08,AU,gasoline_super,Australia,2.662,AUD,liter,2026-10-03T14:01:37+03:00
2026-10-08,AU,lpg,Australia,1.3903,AUD,liter,2026-10-03T14:01:37+03:00
2026-10-08,AU,premium,Australia,2.662,AUD,liter,2026-10-03T14:01:37+03:00
2026-10-08,AZ,cng,Azerbaijan,0.4,AZN,m3,2026-10-03T14:01:37+03:00
2026-10-08,AZ,diesel,Azerbaijan,1.1,AZN,liter,2026-10-03T14:01:37+03:00
2026-10-08,AZ,gasoline,Azerbaijan,1.15,AZN,liter,2026-10-03T14:01:37+03:00
2026-10-08,AZ,gasoline_premium,Azerbaijan,1.6,AZN,liter,2026-10-03T14:01:37+03:00
2026-10-08,AZ,gasoline_super,Azerbaijan,2.3,AZN,liter,2026-10-03T14:01:37+03:00
2026-10-08,AZ,lpg,Azerbaijan,0.7,AZN,liter,2026-10-03T14:01:37+03:00
2026-10-08,AZ,premium,Azerbaijan,2.3,AZN,liter,2026-10-03T14:01:37+03:00
2026-10-08,BA,diesel,Bih,3.7802,BAM,liter,2026-10-03T14:01:37+03:00
2026-10-08,BA,gasoline,Bih,3.3775,BAM,liter,2026-10-03T14:01:37+03:00
2026-10-08,BA,gasoline_premium,Bih,3.51,BAM,liter,2026-10-03T14:01:37+03:00
2026-10-08,BA,lpg,Bih,1.3949,BAM,liter,2026-10-03T14:01:37+03:00
2026-10-08,BA,premium,Bih,3.51,BAM,liter,2026-10-03T14:01:37+03:00
2026-10-08,BB,diesel,Barbados,3.8,BBD,liter,2026-10-03T14:01:37+03:00
2026-10-08,BB,gasoline,Barbados,4.27,BBD,liter,2026-10-03T14:01:37+03:00
2026-10-08,BB,kerosene,Barbados,2.3,BBD,liter,2026-10-03T14:01:37+03:00
2026-10-08,BD,diesel,Bangladesh,135,BDT,liter,2026-10-03T14:01:37+03:00
2026-10-08,BD,gasoline,Bangladesh,160,BDT,liter,2026-10-03T14:01:37+03:00
2026-10-08,BD,gasoline_premium,Bangladesh,165,BDT,liter,2026-10-03T14:01:37+03:00
2026-10-08,BD,kerosene,Bangladesh,155,BDT,liter,2026-10-03T14:01:37+03:00
2026-10-08,BD,premium,Bangladesh,165,BDT,liter,2026-10-03T14:01:37+03:00
2026-10-08,BE,diesel,Belgium,2.4341,EUR,liter,2026-10-03T14:01:37+03:00
2026-10-08,BE,gasoline,Belgium,2.0638,EUR,liter,2026-10-03T14:01:37+03:00
2026-10-08,BE,gasoline_premium,Belgium,2.2511,EUR,liter,2026-10-03T14:01:37+03:00
2026-10-08,BE,lpg,Belgium,0.9597,EUR,liter,2026-10-03T14:01:37+03:00
2026-10-08,BE,premium,Belgium,2.2511,EUR,liter,2026-10-03T14:01:37+03:00
2026-10-08,BF,diesel,Burkina Faso,750,XOF,liter,2026-10-03T14:01:37+03:00
2026-10-08,BF,gasoline,Burkina Faso,850,XOF,liter,2026-10-03T14:01:37+03:00
2026-10-08,BF,kerosene,Burkina Faso,950,XOF,liter,2026-10-03T14:01:37+03:00
2026-10-08,BG,diesel,Bulgaria,1.8988,EUR,liter,2026-10-03T14:01:37+03:00
2026-10-08,BG,diesel_premium,Bulgaria,2.1041,EUR,liter,2026-10-03T14:01:37+03:00
2026-10-08,BG,gasoline,Bulgaria,1.6526,EUR,liter,2026-10-03T14:01:37+03:00
2026-10-08,BG,gasoline_super,Bulgaria,1.8665,EUR,liter,2026-10-03T14:01:37+03:00
2026-10-08,BG,lpg,Bulgaria,0.6362,EUR,liter,2026-10-03T14:01:37+03:00
2026-10-08,BG,premium,Bulgaria,1.8665,EUR,liter,2026-10-03T14:01:37+03:00
2026-10-08,BH,diesel,Bahrain,0.229,BHD,liter,2026-10-03T14:01:37+03:00
2026-10-08,BH,gasoline,Bahrain,0.225,BHD,liter,2026-10-03T14:01:37+03:00
2026-10-08,BH,gasoline_premium,Bahrain,0.247,BHD,liter,2026-10-03T14:01:37+03:00
2026-10-08,BH,gasoline_super,Bahrain,0.38,BHD,liter,2026-10-03T14:01:37+03:00
2026-10-08,BH,premium,Bahrain,0.38,BHD,liter,2026-10-03T14:01:37+03:00
2026-10-08,BO,cng,Bolivia,2.99,BOB,m3,2026-10-03T14:01:37+03:00
2026-10-08,BO,diesel,Bolivia,9.8,BOB,liter,2026-10-03T14:01:37+03:00
2026-10-08,BO,gasoline,Bolivia,6.96,BOB,liter,2026-10-03T14:01:37+03:00
2026-10-08,BO,gasoline_premium,Bolivia,11,BOB,liter,2026-10-03T14:01:37+03:00
2026-10-08,BO,premium,Bolivia,11,BOB,liter,2026-10-03T14:01:37+03:00
2026-10-08,BR,cng,Brazil,4.8432,BRL,m3,2026-10-03T14:01:37+03:00
2026-10-08,BR,diesel,Brazil,7.2172,BRL,liter,2026-10-03T14:01:37+03:00
2026-10-08,BR,e85,Brazil,4.318,BRL,liter,2026-10-03T14:01:37+03:00
2026-10-08,BR,gasoline,Brazil,6.593,BRL,liter,2026-10-03T14:01:37+03:00
2026-10-08,BR,gasoline_premium,Brazil,6.7701,BRL,liter,2026-10-03T14:01:37+03:00
2026-10-08,BR,premium,Brazil,6.7701,BRL,liter,2026-10-03T14:01:37+03:00
2026-10-08,BW,diesel,Botswana,20.93,BWP,liter,2026-10-03T14:01:37+03:00
2026-10-08,BW,gasoline,Botswana,18.21,BWP,liter,2026-10-03T14:01:37+03:00
2026-10-08,BW,kerosene,Botswana,18.33,BWP,liter,2026-10-03T14:01:37+03:00
2026-10-08,BY,diesel,Belarus,2.71,BYN,liter,2026-10-03T14:01:37+03:00
2026-10-08,BY,gasoline,Belarus,2.71,BYN,liter,2026-10-03T14:01:37+03:00
2026-10-08,BY,gasoline_premium,Belarus,2.93,BYN,liter,2026-10-03T14:01:37+03:00
2026-10-08,BY,gasoline_regular,Belarus,2.61,BYN,liter,2026-10-03T14:01:37+03:00
2026-10-08,BY,lpg,Belarus,1.3111,BYN,liter,2026-10-03T14:01:37+03:00
2026-10-08,BY,premium,Belarus,2.93,BYN,liter,2026-10-03T14:01:37+03:00
2026-10-08,BZ,diesel,Belize,14.6649,BZD,gallon,2026-10-03T14:01:37+03:00
2026-10-08,BZ,gasoline,Belize,14.2291,BZD,gallon,2026-10-03T14:01:37+03:00
2026-10-08,BZ,gasoline_premium,Belize,15.54,BZD,gallon,2026-10-03T14:01:37+03:00
2026-10-08,BZ,premium,Belize,15.54,BZD,gallon,2026-10-03T14:01:37+03:00
2026-10-08,CA,diesel,Canada,2.6077,CAD,liter,2026-10-03T14:01:37+03:00
2026-10-08,CA,gasoline,Canada,1.8365,CAD,liter,2026-10-03T14:01:37+03:00
2026-10-08,CA,gasoline_premium,Canada,1.9955,CAD,liter,2026-10-03T14:01:37+03:00
2026-10-08,CA,gasoline_super,Canada,2.1035,CAD,liter,2026-10-03T14:01:37+03:00
2026-10-08,CA,lpg,Canada,1.267,CAD,liter,2026-10-03T14:01:37+03:00
2026-10-08,CA,premium,Canada,2.1035,CAD,liter,2026-10-03T14:01:37+03:00
2026-10-08,CH,diesel,Switzerland,2.321,CHF,liter,2026-10-03T14:01:37+03:00
2026-10-08,CH,gasoline,Switzerland,2.0593,CHF,liter,2026-10-03T14:01:37+03:00
2026-10-08,CH,gasoline_premium,Switzerland,2.25,CHF,liter,2026-10-03T14:01:37+03:00
2026-10-08,CH,lpg,Switzerland,1.187,CHF,liter,2026-10-03T14:01:37+03:00
2026-10-08,CH,premium,Switzerland,2.25,CHF,liter,2026-10-03T14:01:37+03:00
2026-10-08,CI,diesel,Ivory Coast,725,XOF,liter,2026-10-03T14:01:37+03:00
2026-10-08,CI,gasoline,Ivory Coast,905,XOF,liter,2026-10-03T14:01:37+03:00
2026-10-08,CI,kerosene,Ivory Coast,780,XOF,liter,2026-10-03T14:01:37+03:00
2026-10-08,CL,cng,Chile,906,CLP,m3,2026-10-03T14:01:37+03:00
2026-10-08,CL,diesel,Chile,1435.7942,CLP,liter,2026-10-03T14:01:37+03:00
2026-10-08,CL,gasoline,Chile,1514.2327,CLP,liter,2026-10-03T14:01:37+03:00
2026-10-08,CL,gasoline_premium,Chile,1522.1778,CLP,liter,2026-10-03T14:01:37+03:00
2026-10-08,CL,gasoline_super,Chile,1563.2028,CLP,liter,2026-10-03T14:01:37+03:00
2026-10-08,CL,lpg,Chile,681.5,CLP,liter,2026-10-03T14:01:37+03:00
2026-10-08,CL,premium,Chile,1563.2028,CLP,liter,2026-10-03T14:01:37+03:00
2026-10-08,CN,diesel,China,8.3082,CNY,liter,2026-10-03T14:01:37+03:00
2026-10-08,CN,gasoline,China,8.6098,CNY,liter,2026-10-03T14:01:37+03:00
2026-10-08,CN,gasoline_premium,China,9.1267,CNY,liter,2026-10-03T14:01:37+03:00
2026-10-08,CN,gasoline_super,China,10.6609,CNY,liter,2026-10-03T14:01:37+03:00
2026-10-08,CN,premium,China,10.6609,CNY,liter,2026-10-03T14:01:37+03:00
2026-10-08,CO,cng,Colombia,3499,COP,m3,2026-10-03T14:01:37+03:00
2026-10-08,CO,diesel,Colombia,11219,COP,gallon,2026-10-03T14:01:37+03:00
2026-10-08,CO,diesel_premium,Colombia,11450,COP,gallon,2026-10-03T14:01:37+03:00
2026-10-08,CO,gasoline,Colombia,15977.25,COP,gallon,2026-10-03T14:01:37+03:00
2026-10-08,CO,gasoline_premium,Colombia,22050,COP,gallon,2026-10-03T14:01:37+03:00
2026-10-08,CO,lpg,Colombia,2490,COP,gallon,2026-10-03T14:01:37+03:00
2026-10-08,CO,premium,Colombia,22050,COP,gallon,2026-10-03T14:01:37+03:00
2026-10-08,CR,diesel,Costa Rica,688,CRC,liter,2026-10-03T14:01:37+03:00
2026-10-08,CR,gasoline,Costa Rica,707,CRC,liter,2026-10-03T14:01:37+03:00
2026-10-08,CR,gasoline_premium,Costa Rica,726,CRC,liter,2026-10-03T14:01:37+03:00
2026-10-08,CR,premium,Costa Rica,726,CRC,liter,2026-10-03T14:01:37+03:00
2026-10-08,CU,diesel,Cuba,132,CUP,liter,2026-10-03T14:01:37+03:00
2026-10-08,CU,diesel_premium,Cuba,150,CUP,liter,2026-10-03T14:01:37+03:00
2026-10-08,CU,gasoline,Cuba,132,CUP,liter,2026-10-03T14:01:37+03:00
2026-10-08,CU,gasoline_premium,Cuba,156,CUP,liter,2026-10-03T14:01:37+03:00
2026-10-08,CU,gasoline_regular,Cuba,114,CUP,liter,2026-10-03T14:01:37+03:00
2026-10-08,CU,gasoline_super,Cuba,198,CUP,liter,2026-10-03T14:01:37+03:00
2026-10-08,CU,premium,Cuba,198,CUP,liter,2026-10-03T14:01:37+03:00
2026-10-08,CV,diesel,Cape Verde,190.3,CVE,liter,2026-10-03T14:01:37+03:00
2026-10-08,CV,gasoline,Cape Verde,197.2,CVE,liter,2026-10-03T14:01:37+03:00
2026-10-08,CY,diesel,Cyprus,1.9327,EUR,liter,2026-10-03T14:01:37+03:00
2026-10-08,CY,gasoline,Cyprus,1.7336,EUR,liter,2026-10-03T14:01:37+03:00
2026-10-08,CY,gasoline_premium,Cyprus,1.778,EUR,liter,2026-10-03T14:01:37+03:00
2026-10-08,CY,premium,Cyprus,1.778,EUR,liter,2026-10-03T14:01:37+03:00
2026-10-08,CZ,cng,Czech Republic,44.8,CZK,kg,2026-10-03T14:01:37+03:00
2026-10-08,CZ,diesel,Czech Republic,49.2774,CZK,liter,2026-10-03T14:01:37+03:00
2026-10-08,CZ,diesel_premium,Czech Republic,47.5,CZK,liter,2026-10-03T14:01:37+03:00
2026-10-08,CZ,gasoline,Czech Republic,45.2136,CZK,liter,2026-10-03T14:01:37+03:00
2026-10-08,CZ,gasoline_premium,Czech Republic,48.1,CZK,liter,2026-10-03T14:01:37+03:00
2026-10-08,CZ,lpg,Czech Republic,21.4641,CZK,liter,2026-10-03T14:01:37+03:00
2026-10-08,CZ,premium,Czech Republic,48.1,CZK,liter,2026-10-03T14:01:37+03:00
2026-10-08,DE,diesel,Germany,2.3838,EUR,liter,2026-10-03T14:01:37+03:00
2026-10-08,DE,diesel_premium,Germany,2.5662,EUR,liter,2026-10-03T14:01:37+03:00
2026-10-08,DE,gasoline,Germany,2.2901,EUR,liter,2026-10-03T14:01:37+03:00
2026-10-08,DE,gasoline_premium,Germany,2.27,EUR,liter,2026-10-03T14:01:37+03:00
2026-10-08,DE,lpg,Germany,1.1395,EUR,liter,2026-10-03T14:01:37+03:00
2026-10-08,DE,premium,Germany,2.27,EUR,liter,2026-10-03T14:01:37+03:00
2026-10-08,DK,diesel,Denmark,18.8616,DKK,liter,2026-10-03T14:01:37+03:00
2026-10-08,DK,diesel_premium,Denmark,19.8028,DKK,liter,2026-10-03T14:01:37+03:00
2026-10-08,DK,gasoline,Denmark,17.7368,DKK,liter,2026-10-03T14:01:37+03:00
2026-10-08,DK,gasoline_premium,Denmark,19.5693,DKK,liter,2026-10-03T14:01:37+03:00
2026-10-08,DK,premium,Denmark,19.5693,DKK,liter,2026-10-03T14:01:37+03:00
2026-10-08,DO,diesel,Dominican Republic,270.8,DOP,gallon,2026-10-03T14:01:37+03:00
2026-10-08,DO,diesel_premium,Dominican Republic,306.1,DOP,gallon,2026-10-03T14:01:37+03:00
2026-10-08,DO,gasoline,Dominican Republic,317.5,DOP,gallon,2026-10-03T14:01:37+03:00
2026-10-08,DO,gasoline_premium,Dominican Republic,353.1,DOP,gallon,2026-10-03T14:01:37+03:00
2026-10-08,DO,kerosene,Dominican Republic,380.1,DOP,gallon,2026-10-03T14:01:37+03:00
2026-10-08,DO,lpg,Dominican Republic,135.2,DOP,gallon,2026-10-03T14:01:37+03:00
2026-10-08,DO,premium,Dominican Republic,353.1,DOP,gallon,2026-10-03T14:01:37+03:00
2026-10-08,DZ,diesel,Algeria,31,DZD,liter,2026-10-03T14:01:37+03:00
2026-10-08,DZ,gasoline,Algeria,47,DZD,liter,2026-10-03T14:01:37+03:00
2026-10-08,DZ,lpg,Algeria,12.3846,DZD,liter,2026-10-03T14:01:37+03:00
2026-10-08,EC,diesel,Ecuador,3.15,USD,gallon,2026-10-03T14:01:37+03:00
2026-10-08,EC,gasoline,Ecuador,3.21,USD,gallon,2026-10-03T14:01:37+03:00
2026-10-08,EC,gasoline_premium,Ecuador,4.74,USD,gallon,2026-10-03T14:01:37+03:00
2026-10-08,EC,premium,Ecuador,4.74,USD,gallon,2026-10-03T14:01:37+03:00
2026-10-08,EE,diesel,Estonia,2.1039,EUR,liter,2026-10-03T14:01:37+03:00
2026-10-08,EE,gasoline,Estonia,1.9248,EUR,liter,2026-10-03T14:01:37+03:00
2026-10-08,EE,gasoline_premium,Estonia,1.986,EUR,liter,2026-10-03T14:01:37+03:00
2026-10-08,EE,lpg,Estonia,1.0032,EUR,liter,2026-10-03T14:01:37+03:00
2026-10-08,EE,premium,Estonia,1.986,EUR,liter,2026-10-03T14:01:37+03:00
2026-10-08,EG,diesel,Egypt,20.5,EGP,liter,2026-10-03T14:01:37+03:00
2026-10-08,EG,gasoline,Egypt,22.25,EGP,liter,2026-10-03T14:01:37+03:00
2026-10-08,EG,gasoline_premium,Egypt,24,EGP,liter,2026-10-03T14:01:37+03:00
2026-10-08,EG,gasoline_regular,Egypt,20.75,EGP,liter,2026-10-03T14:01:37+03:00
2026-10-08,EG,kerosene,Egypt,20.5,EGP,liter,2026-10-03T14:01:37+03:00
2026-10-08,EG,premium,Egypt,24,EGP,liter,2026-10-03T14:01:37+03:00
2026-10-08,ES,cng,Spain,1.8815,EUR,kg,2026-10-03T14:01:37+03:00
2026-10-08,ES,diesel,Spain,1.9597,EUR,liter,2026-10-03T14:01:37+03:00
2026-10-08,ES,diesel_premium,Spain,2.0549,EUR,liter,2026-10-03T14:01:37+03:00
2026-10-08,ES,gasoline,Spain,1.8722,EUR,liter,2026-10-03T14:01:37+03:00
2026-10-08,ES,gasoline_premium,Spain,1.9815,EUR,liter,2026-10-03T14:01:37+03:00
2026-10-08,ES,lpg,Spain,1.128,EUR,liter,2026-10-03T14:01:37+03:00
2026-10-08,ES,premium,Spain,1.9815,EUR,liter,2026-10-03T14:01:37+03:00
2026-10-08,ET,diesel,Ethiopia,180.46,ETB,liter,2026-10-03T14:01:37+03:00
2026-10-08,ET,gasoline,Ethiopia,167.41,ETB,liter,2026-10-03T14:01:37+03:00
2026-10-08,ET,kerosene,Ethiopia,320.66,ETB,liter,2026-10-03T14:01:37+03:00
2026-10-08,FI,diesel,Finland,2.4898,EUR,liter,2026-10-03T14:01:37+03:00
2026-10-08,FI,gasoline,Finland,2.2984,EUR,liter,2026-10-03T14:01:37+03:00
2026-10-08,FI,gasoline_premium,Finland,2.359,EUR,liter,2026-10-03T14:01:37+03:00
2026-10-08,FI,premium,Finland,2.359,EUR,liter,2026-10-03T14:01:37+03:00
2026-10-08,FJ,diesel,Fiji,3.41,FJD,liter,2026-10-03T14:01:37+03:00
2026-10-08,FJ,gasoline,Fiji,3.15,FJD,liter,2026-10-03T14:01:37+03:00
2026-10-08,FJ,kerosene,Fiji,2.67,FJD,liter,2026-10-03T14:01:37+03:00
2026-10-08,FM,diesel,Micronesia,0.9344,EUR,liter,2026-05-02T15:49:36+03:00
2026-10-08,FM,gasoline,Micronesia,0.9794,EUR,liter,2026-05-02T15:49:36+03:00
2026-10-08,FO,diesel,Faroe Islands,16.13,DKK,liter,2026-10-03T14:01:37+03:00
2026-10-08,FO,gasoline,Faroe Islands,15.56,DKK,liter,2026-10-03T14:01:37+03:00
2026-10-08,FO,gasoline_premium,Faroe Islands,18.45,DKK,liter,2026-10-03T14:01:37+03:00
2026-10-08,FO,premium,Faroe Islands,18.45,DKK,liter,2026-10-03T14:01:37+03:00
2026-10-08,FR,diesel,France,2.3833,EUR,liter,2026-10-03T14:01:37+03:00
2026-10-08,FR,diesel_premium,France,2.377,EUR,liter,2026-10-03T14:01:37+03:00
2026-10-08,FR,e85,France,0.8965,EUR,liter,2026-10-03T14:01:37+03:00
2026-10-08,FR,gasoline,France,2.1884,EUR,liter,2026-10-03T14:01:37+03:00
2026-10-08,FR,gasoline_premium,France,2.2584,EUR,liter,2026-10-03T14:01:37+03:00
2026-10-08,FR,lpg,France,1.0495,EUR,liter,2026-10-03T14:01:37+03:00
2026-10-08,FR,premium,France,2.2584,EUR,liter,2026-10-03T14:01:37+03:00
2026-10-08,GB,diesel,United Kingdom,1.991,GBP,liter,2026-10-03T14:01:37+03:00
2026-10-08,GB,diesel_premium,United Kingdom,2.1822,GBP,liter,2026-10-03T14:01:37+03:00
2026-10-08,GB,gasoline,United Kingdom,1.7454,GBP,liter,2026-10-03T14:01:37+03:00
2026-10-08,GB,gasoline_premium,United Kingdom,1.9315,GBP,liter,2026-10-03T14:01:37+03:00
2026-10-08,GB,lpg,United Kingdom,0.98,GBP,liter,2026-10-03T14:01:37+03:00
2026-10-08,GB,premium,United Kingdom,1.9315,GBP,liter,2026-10-03T14:01:37+03:00
2026-10-08,GD,diesel,Grenada,17,XCD,imperial_gallon,2026-10-03T14:01:37+03:00
2026-10-08,GD,gasoline,Grenada,17,XCD,imperial_gallon,2026-10-03T14:01:37+03:00
2026-10-08,GD,kerosene,Grenada,16.86,XCD,imperial_gallon,2026-10-03T14:01:37+03:00
2026-10-08,GE,cng,Georgia,1.6,GEL,m3,2026-10-03T14:01:37+03:00
2026-10-08,GE,diesel,Georgia,4.7853,GEL,liter,2026-10-03T14:01:37+03:00
2026-10-08,GE,diesel_premium,Georgia,4.9204,GEL,liter,2026-10-03T14:01:37+03:00
2026-10-08,GE,gasoline,Georgia,4.1876,GEL,liter,2026-10-03T14:01:37+03:00
2026-10-08,GE,gasoline_premium,Georgia,4.5531,GEL,liter,2026-10-03T14:01:37+03:00
2026-10-08,GE,gasoline_regular,Georgia,3.91,GEL,liter,2026-10-03T14:01:37+03:00
2026-10-08,GE,lpg,Georgia,1.9108,GEL,liter,2026-10-03T14:01:37+03:00
2026-10-08,GE,premium,Georgia,4.5531,GEL,liter,2026-10-03T14:01:37+03:00
2026-10-08,GH,diesel,Ghana,18.1923,GHS,liter,2026-10-03T14:01:37+03:00
2026-10-08,GH,gasoline,Ghana,16.823,GHS,liter,2026-10-03T14:01:37+03:00
2026-10-08,GH,gasoline_premium,Ghana,19.0829,GHS,liter,2026-10-03T14:01:37+03:00
2026-10-08,GH,kerosene,Ghana,18.38,GHS,liter,2026-10-03T14:01:37+03:00
2026-10-08,GH,lpg,Ghana,16.562,GHS,kg,2026-10-03T14:01:37+03:00
2026-10-08,GH,premium,Ghana,19.0829,GHS,liter,2026-10-03T14:01:37+03:00
2026-10-08,GM,diesel,Gambia,120,GMD,liter,2026-10-03T14:01:37+03:00
2026-10-08,GM,gasoline,Gambia,109.8,GMD,liter,2026-10-03T14:01:37+03:00
2026-10-08,GM,kerosene,Gambia,112.64,GMD,liter,2026-10-03T14:01:37+03:00
2026-10-08,GN,diesel,Guinea,12000,GNF,liter,2026-10-03T14:01:37+03:00
2026-10-08,GN,gasoline,Guinea,12000,GNF,liter,2026-10-03T14:01:37+03:00
2026-10-08,GR,diesel,Greece,2.1336,EUR,liter,2026-10-03T14:01:37+03:00
2026-10-08,GR,diesel_premium,Greece,2.22,EUR,liter,2026-10-03T14:01:37+03:00
2026-10-08,GR,gasoline,Greece,2.2094,EUR,liter,2026-10-03T14:01:37+03:00
2026-10-08,GR,gasoline_super,Greece,2.421,EUR,liter,2026-10-03T14:01:37+03:00
2026-10-08,GR,lpg,Greece,1.0952,EUR,liter,2026-10-03T14:01:37+03:00
2026-10-08,GR,premium,Greece,2.421,EUR,liter,2026-10-03T14:01:37+03:00
2026-10-08,GT,diesel,Guatemala,45.6154,GTQ,gallon,2026-10-03T14:01:37+03:00
2026-10-08,GT,gasoline,Guatemala,39.2108,GTQ,gallon,2026-10-03T14:01:37+03:00
2026-10-08,GT,gasoline_premium,Guatemala,40.9462,GTQ,gallon,2026-10-03T14:01:37+03:00
2026-10-08,GT,premium,Guatemala,40.9462,GTQ,gallon,2026-10-03T14:01:37+03:00
2026-10-08,GW,diesel,Guinea-Bissau,898,XOF,liter,2026-10-03T14:01:37+03:00
2026-10-08,GW,gasoline,Guinea-Bissau,899,XOF,liter,2026-10-03T14:01:37+03:00
2026-10-08,GY,diesel,Guyana,318,GYD,liter,2026-10-03T14:01:37+03:00
2026-10-08,GY,gasoline,Guyana,258,GYD,liter,2026-10-03T14:01:37+03:00
2026-10-08,GY,kerosene,Guyana,230,GYD,liter,2026-10-03T14:01:37+03:00
2026-10-08,HK,diesel,Hong Kong,37.18,HKD,liter,2026-10-03T14:01:37+03:00
2026-10-08,HK,gasoline,Hong Kong,34.62,HKD,liter,2026-10-03T14:01:37+03:00
2026-10-08,HK,gasoline_premium,Hong Kong,36.33,HKD,liter,2026-10-03T14:01:37+03:00
2026-10-08,HK,lpg,Hong Kong,4.19,HKD,liter,2026-10-03T14:01:37+03:00
2026-10-08,HK,premium,Hong Kong,36.33,HKD,liter,2026-10-03T14:01:37+03:00
2026-10-08,HN,diesel,Honduras,148.01,HNL,gallon,2026-10-03T14:01:37+03:00
2026-10-08,HN,gasoline,Honduras,130.51,HNL,gallon,2026-10-03T14:01:37+03:00
2026-10-08,HN,gasoline_premium,Honduras,143.73,HNL,gallon,2026-10-03T14:01:37+03:00
2026-10-08,HN,kerosene,Honduras,129.86,HNL,gallon,2026-10-03T14:01:37+03:00
2026-10-08,HN,lpg,Honduras,49.94,HNL,gallon,2026-10-03T14:01:37+03:00
2026-10-08,HN,premium,Honduras,143.73,HNL,gallon,2026-10-03T14:01:37+03:00
2026-10-08,HR,diesel,Croatia,1.9354,EUR,liter,2026-10-03T14:01:37+03:00
2026-10-08,HR,diesel_premium,Croatia,2.125,EUR,liter,2026-10-03T14:01:37+03:00
2026-10-08,HR,gasoline,Croatia,1.7792,EUR,liter,2026-10-03T14:01:37+03:00
2026-10-08,HR,gasoline_super,Croatia,2.3833,EUR,liter,2026-10-03T14:01:37+03:00
2026-10-08,HR,lpg,Croatia,0.8465,EUR,liter,2026-10-03T14:01:37+03:00
2026-10-08,HR,premium,Croatia,2.3833,EUR,liter,2026-10-03T14:01:37+03:00
2026-10-08,HT,diesel,Haiti,203.4126,HTG,liter,2026-10-03T14:01:37+03:00
2026-10-08,HT,gasoline,Haiti,184.9205,HTG,liter,2026-10-03T14:01:37+03:00
2026-10-08,HT,kerosene,Haiti,202.0917,HTG,liter,2026-10-03T14:01:37+03:00
2026-10-08,HU,cng,Hungary,850,HUF,kg,2026-10-03T14:01:37+03:00
2026-10-08,HU,diesel,Hungary,709.6429,HUF,liter,2026-10-03T14:01:37+03:00
2026-10-08,HU,diesel_premium,Hungary,806,HUF,liter,2026-10-03T14:01:37+03:00
2026-10-08,HU,gasoline,Hungary,632.3214,HUF,liter,2026-10-03T14:01:37+03:00
2026-10-08,HU,gasoline_premium,Hungary,720,HUF,liter,2026-10-03T14:01:37+03:00
2026-10-08,HU,lpg,Hungary,351.3478,HUF,liter,2026-10-03T14:01:37+03:00
2026-10-08,HU,premium,Hungary,720,HUF,liter,2026-10-03T14:01:37+03:00
2026-10-08,ID,diesel,Indonesia,24007.6923,IDR,liter,2026-10-03T14:01:37+03:00
2026-10-08,ID,gasoline,Indonesia,16165.3846,IDR,liter,2026-10-03T14:01:37+03:00
2026-10-08,ID,gasoline_premium,Indonesia,19846.1538,IDR,liter,2026-10-03T14:01:37+03:00
2026-10-08,ID,premium,Indonesia,19846.1538,IDR,liter,2026-10-03T14:01:37+03:00
2026-10-08,IE,diesel,Ireland,2.0396,EUR,liter,2026-10-03T14:01:37+03:00
2026-10-08,IE,gasoline,Ireland,1.9168,EUR,liter,2026-10-03T14:01:37+03:00
2026-10-08,IL,diesel,Israel,7.8873,ILS,liter,2026-10-03T14:01:37+03:00
2026-10-08,IL,gasoline,Israel,8.27,ILS,liter,2026-10-03T14:01:37+03:00
2026-10-08,IN,cng,India,86.98,INR,kg,2026-10-03T14:01:37+03:00
2026-10-08,IN,diesel,India,95.2,INR,liter,2026-10-03T14:01:37+03:00
2026-10-08,IN,gasoline,India,102.12,INR,liter,2026-10-03T14:01:37+03:00
2026-10-08,IQ,diesel,Iraq,400,IQD,liter,2026-10-03T14:01:37+03:00
2026-10-08,IQ,gasoline,Iraq,850,IQD,liter,2026-10-03T14:01:37+03:00
2026-10-08,IQ,gasoline_regular,Iraq,450,IQD,liter,2026-10-03T14:01:37+03:00
2026-10-08,IQ,gasoline_super,Iraq,1250,IQD,liter,2026-10-03T14:01:37+03:00
2026-10-08,IQ,kerosene,Iraq,150,IQD,liter,2026-10-03T14:01:37+03:00
2026-10-08,IQ,premium,Iraq,1250,IQD,liter,2026-10-03T14:01:37+03:00
2026-10-08,IS,diesel,Iceland,315.5164,ISK,liter,2026-10-03T14:01:37+03:00
2026-10-08,IS,gasoline,Iceland,272.4611,ISK,liter,2026-10-03T14:01:37+03:00
2026-10-08,IT,cng,Italy,1.8986,EUR,kg,2026-10-03T14:01:37+03:00
2026-10-08,IT,diesel,Italy,2.3038,EUR,liter,2026-10-03T14:01:37+03:00
2026-10-08,IT,diesel_premium,Italy,2.3928,EUR,liter,2026-10-03T14:01:37+03:00
2026-10-08,IT,gasoline,Italy,2.1071,EUR,liter,2026-10-03T14:01:37+03:00
2026-10-08,IT,gasoline_premium,Italy,2.2596,EUR,liter,2026-10-03T14:01:37+03:00
2026-10-08,IT,gasoline_super,Italy,2.3859,EUR,liter,2026-10-03T14:01:37+03:00
2026-10-08,IT,lpg,Italy,0.7529,EUR,liter,2026-10-03T14:01:37+03:00
2026-10-08,IT,premium,Italy,2.3859,EUR,liter,2026-10-03T14:01:37+03:00
2026-10-08,JM,diesel,Jamaica,264.7052,JMD,liter,2026-10-03T14:01:37+03:00
2026-10-08,JM,gasoline,Jamaica,230.1764,JMD,liter,2026-10-03T14:01:37+03:00
2026-10-08,JM,gasoline_premium,Jamaica,240.8293,JMD,liter,2026-10-03T14:01:37+03:00
2026-10-08,JM,kerosene,Jamaica,217.6659,JMD,liter,2026-10-03T14:01:37+03:00
2026-10-08,JM,premium,Jamaica,240.8293,JMD,liter,2026-10-03T14:01:37+03:00
2026-10-08,JO,diesel,Jordan,0.9,JOD,liter,2026-10-03T14:01:37+03:00
2026-10-08,JO,gasoline,Jordan,1.05,JOD,liter,2026-10-03T14:01:37+03:00
2026-10-08,JO,gasoline_premium,Jordan,1.36,JOD,liter,2026-10-03T14:01:37+03:00
2026-10-08,JO,gasoline_super,Jordan,1.51,JOD,liter,2026-10-03T14:01:37+03:00
2026-10-08,JO,kerosene,Jordan,0.55,JOD,liter,2026-10-03T14:01:37+03:00
2026-10-08,JO,premium,Jordan,1.51,JOD,liter,2026-10-03T14:01:37+03:00
2026-10-08,JP,diesel,Japan,151.9804,JPY,liter,2026-10-03T14:01:37+03:00
2026-10-08,JP,gasoline,Japan,163.6431,JPY,liter,2026-10-03T14:01:37+03:00
2026-10-08,JP,gasoline_premium,Japan,174.3922,JPY,liter,2026-10-03T14:01:37+03:00
2026-10-08,JP,lpg,Japan,138.2,JPY,liter,2026-10-03T14:01:37+03:00
2026-10-08,JP,premium,Japan,174.3922,JPY,liter,2026-10-03T14:01:37+03:00
2026-10-08,KE,diesel,Kenya,217,KES,liter,2026-10-03T14:01:37+03:00
2026-10-08,KE,gasoline,Kenya,214,KES,liter,2026-10-03T14:01:37+03:00
2026-10-08,KE,kerosene,Kenya,191.38,KES,liter,2026-10-03T14:01:37+03:00
2026-10-08,KG,diesel,Kyrgyzstan,100.3739,KGS,liter,2026-10-03T14:01:37+03:00
2026-10-08,KG,gasoline,Kyrgyzstan,88.4106,KGS,liter,2026-10-03T14:01:37+03:00
2026-10-08,KG,gasoline_premium,Kyrgyzstan,109.8533,KGS,liter,2026-10-03T14:01:37+03:00
2026-10-08,KG,gasoline_super,Kyrgyzstan,149.9,KGS,liter,2026-10-03T14:01:37+03:00
2026-10-08,KG,lpg,Kyrgyzstan,48.8,KGS,liter,2026-10-03T14:01:37+03:00
2026-10-08,KG,premium,Kyrgyzstan,149.9,KGS,liter,2026-10-03T14:01:37+03:00
2026-10-08,KH,diesel,Cambodia,5800,KHR,liter,2026-10-03T14:01:37+03:00
2026-10-08,KH,gasoline,Cambodia,5183.3333,KHR,liter,2026-10-03T14:01:37+03:00
2026-10-08,KH,gasoline_premium,Cambodia,6250,KHR,liter,2026-10-03T14:01:37+03:00
2026-10-08,KH,premium,Cambodia,6250,KHR,liter,2026-10-03T14:01:37+03:00
2026-10-08,KN,gasoline,Saint Kitts and Nevis,16.93,XCD,imperial_gallon,2026-10-03T14:01:37+03:00
2026-10-08,KR,diesel,South Korea,1843.5816,KRW,liter,2026-10-03T14:01:37+03:00
2026-10-08,KR,gasoline,South Korea,1857.8413,KRW,liter,2026-10-03T14:01:37+03:00
2026-10-08,KR,gasoline_premium,South Korea,2343.5,KRW,liter,2026-10-03T14:01:37+03:00
2026-10-08,KR,kerosene,South Korea,1572.65,KRW,liter,2026-10-03T14:01:37+03:00
2026-10-08,KR,lpg,South Korea,1096.37,KRW,liter,2026-10-03T14:01:37+03:00
2026-10-08,KR,premium,South Korea,2343.5,KRW,liter,2026-10-03T14:01:37+03:00
2026-10-08,KU,diesel,Kurdistan Region,1350,IQD,liter,2026-10-03T14:01:37+03:00
2026-10-08,KU,gasoline,Kurdistan Region,1080,IQD,liter,2026-10-03T14:01:37+03:00
2026-10-08,KU,gasoline_premium,Kurdistan Region,1450,IQD,liter,2026-10-03T14:01:37+03:00
2026-10-08,KU,premium,Kurdistan Region,1450,IQD,liter,2026-10-03T14:01:37+03:00
2026-10-08,KW,diesel,Kuwait,0.115,KWD,liter,2026-10-03T14:01:37+03:00
2026-10-08,KW,gasoline,Kuwait,0.085,KWD,liter,2026-10-03T14:01:37+03:00
2026-10-08,KW,gasoline_premium,Kuwait,0.105,KWD,liter,2026-10-03T14:01:37+03:00
2026-10-08,KW,gasoline_super,Kuwait,0.275,KWD,liter,2026-10-03T14:01:37+03:00
2026-10-08,KW,kerosene,Kuwait,0.115,KWD,liter,2026-10-03T14:01:37+03:00
2026-10-08,KW,premium,Kuwait,0.275,KWD,liter,2026-10-03T14:01:37+03:00
2026-10-08,KY,diesel,Cayman Islands,6.37,KYD,imperial_gallon,2026-10-03T14:01:37+03:00
2026-10-08,KY,gasoline,Cayman Islands,5.78,KYD,imperial_gallon,2026-10-03T14:01:37+03:00
2026-10-08,KY,gasoline_premium,Cayman Islands,6.37,KYD,imperial_gallon,2026-10-03T14:01:37+03:00
2026-10-08,KY,premium,Cayman Islands,6.37,KYD,imperial_gallon,2026-10-03T14:01:37+03:00
2026-10-08,KZ,diesel,Kazakhstan,342.0059,KZT,liter,2026-10-03T14:01:37+03:00
2026-10-08,KZ,gasoline,Kazakhstan,312.2797,KZT,liter,2026-10-03T14:01:37+03:00
2026-10-08,KZ,gasoline_premium,Kazakhstan,352.7256,KZT,liter,2026-10-03T14:01:37+03:00
2026-10-08,KZ,gasoline_regular,Kazakhstan,245.6149,KZT,liter,2026-10-03T14:01:37+03:00
2026-10-08,KZ,lpg,Kazakhstan,105.1485,KZT,liter,2026-10-03T14:01:37+03:00
2026-10-08,KZ,premium,Kazakhstan,352.7256,KZT,liter,2026-10-03T14:01:37+03:00
2026-10-08,LA,diesel,Laos,33898.463,LAK,liter,2026-10-03T14:01:37+03:00
2026-10-08,LA,gasoline,Laos,34458.5407,LAK,liter,2026-10-03T14:01:37+03:00
2026-10-08,LA,gasoline_premium,Laos,43380,LAK,liter,2026-10-03T14:01:37+03:00
2026-10-08,LA,premium,Laos,43380,LAK,liter,2026-10-03T14:01:37+03:00
2026-10-08,LB,diesel,Lebanon,136300,LBP,liter,2026-10-03T14:01:37+03:00
2026-10-08,LB,gasoline,Lebanon,141850,LBP,liter,2026-10-03T14:01:37+03:00
2026-10-08,LB,gasoline_premium,Lebanon,142700,LBP,liter,2026-10-03T14:01:37+03:00
2026-10-08,LB,lpg,Lebanon,66650,LBP,liter,2026-10-03T14:01:37+03:00
2026-10-08,LB,premium,Lebanon,142700,LBP,liter,2026-10-03T14:01:37+03:00
2026-10-08,LC,diesel,Saint Lucia,3.79,XCD,liter,2026-10-03T14:01:37+03:00
2026-10-08,LC,gasoline,Saint Lucia,3.79,XCD,liter,2026-10-03T14:01:37+03:00
2026-10-08,LC,kerosene,Saint Lucia,2.29,XCD,liter,2026-10-03T14:01:37+03:00
2026-10-08,LI,diesel,Liechtenstein,2.3393,CHF,liter,2026-10-03T14:01:37+03:00
2026-10-08,LI,gasoline,Liechtenstein,2.12,CHF,liter,2026-10-03T14:01:37+03:00
2026-10-08,LI,gasoline_premium,Liechtenstein,2.22,CHF,liter,2026-10-03T14:01:37+03:00
2026-10-08,LI,premium,Liechtenstein,2.22,CHF,liter,2026-10-03T14:01:37+03:00
2026-10-08,LK,diesel,Sri Lanka,392,LKR,liter,2026-10-03T14:01:37+03:00
2026-10-08,LK,diesel_premium,Sri Lanka,528,LKR,liter,2026-10-03T14:01:37+03:00
2026-10-08,LK,gasoline,Sri Lanka,414,LKR,liter,2026-10-03T14:01:37+03:00
2026-10-08,LK,gasoline_premium,Sri Lanka,475,LKR,liter,2026-10-03T14:01:37+03:00
2026-10-08,LK,kerosene,Sri Lanka,285,LKR,liter,2026-10-03T14:01:37+03:00
2026-10-08,LK,premium,Sri Lanka,475,LKR,liter,2026-10-03T14:01:37+03:00
2026-10-08,LR,diesel,Liberia,315.0112,LRD,liter,2026-10-03T14:01:37+03:00
2026-10-08,LR,gasoline,Liberia,257.6771,LRD,liter,2026-10-03T14:01:37+03:00
2026-10-08,LS,diesel,Lesotho,30.95,LSL,liter,2026-10-03T14:01:37+03:00
2026-10-08,LS,gasoline,Lesotho,24.5,LSL,liter,2026-10-03T14:01:37+03:00
2026-10-08,LS,gasoline_premium,Lesotho,24.8,LSL,liter,2026-10-03T14:01:37+03:00
2026-10-08,LS,premium,Lesotho,24.8,LSL,liter,2026-10-03T14:01:37+03:00
2026-10-08,LT,diesel,Lithuania,2.2298,EUR,liter,2026-10-03T14:01:37+03:00
2026-10-08,LT,diesel_premium,Lithuania,2.296,EUR,liter,2026-10-03T14:01:37+03:00
2026-10-08,LT,gasoline,Lithuania,1.9258,EUR,liter,2026-10-03T14:01:37+03:00
2026-10-08,LT,gasoline_premium,Lithuania,2.0108,EUR,liter,2026-10-03T14:01:37+03:00
2026-10-08,LT,lpg,Lithuania,0.8155,EUR,liter,2026-10-03T14:01:37+03:00
2026-10-08,LT,premium,Lithuania,2.0108,EUR,liter,2026-10-03T14:01:37+03:00
2026-10-08,LU,diesel,Luxembourg,2.0284,EUR,liter,2026-10-03T14:01:37+03:00
2026-10-08,LU,gasoline,Luxembourg,1.8218,EUR,liter,2026-10-03T14:01:37+03:00
2026-10-08,LU,gasoline_premium,Luxembourg,1.9002,EUR,liter,2026-10-03T14:01:37+03:00
2026-10-08,LU,lpg,Luxembourg,0.8319,EUR,liter,2026-10-03T14:01:37+03:00
2026-10-08,LU,premium,Luxembourg,1.9002,EUR,liter,2026-10-03T14:01:37+03:00
2026-10-08,LV,diesel,Latvia,2.1007,EUR,liter,2026-10-03T14:01:37+03:00
2026-10-08,LV,diesel_premium,Latvia,2.2056,EUR,liter,2026-10-03T14:01:37+03:00
2026-10-08,LV,gasoline,Latvia,1.9447,EUR,liter,2026-10-03T14:01:37+03:00
2026-10-08,LV,gasoline_premium,Latvia,2.006,EUR,liter,2026-10-03T14:01:37+03:00
2026-10-08,LV,lpg,Latvia,0.9314,EUR,liter,2026-10-03T14:01:37+03:00
2026-10-08,LV,premium,Latvia,2.006,EUR,liter,2026-10-03T14:01:37+03:00
2026-10-08,MA,diesel,Morocco,15.8543,MAD,liter,2026-10-03T14:01:37+03:00
2026-10-08,MA,gasoline,Morocco,15.4189,MAD,liter,2026-10-03T14:01:37+03:00
2026-10-08,MC,diesel,Monaco,2.4837,EUR,liter,2026-10-03T14:01:37+03:00
2026-10-08,MC,gasoline,Monaco,2.2795,EUR,liter,2026-10-03T14:01:37+03:00
2026-10-08,MC,gasoline_premium,Monaco,2.3415,EUR,liter,2026-10-03T14:01:37+03:00
2026-10-08,MC,lpg,Monaco,1.15,EUR,liter,2026-10-03T14:01:37+03:00
2026-10-08,MC,premium,Monaco,2.3415,EUR,liter,2026-10-03T14:01:37+03:00
2026-10-08,MD,diesel,Moldova,35.7733,MDL,liter,2026-10-03T14:01:37+03:00
2026-10-08,MD,gasoline,Moldova,34.1367,MDL,liter,2026-10-03T14:01:37+03:00
2026-10-08,MD,lpg,Moldova,15.2,MDL,liter,2026-10-03T14:01:37+03:00
2026-10-08,ME,diesel,Montenegro,1.9381,EUR,liter,2026-10-03T14:01:37+03:00
2026-10-08,ME,gasoline,Montenegro,1.7429,EUR,liter,2026-10-03T14:01:37+03:00
2026-10-08,ME,gasoline_premium,Montenegro,1.7829,EUR,liter,2026-10-03T14:01:37+03:00
2026-10-08,ME,premium,Montenegro,1.7829,EUR,liter,2026-10-03T14:01:37+03:00
2026-10-08,MG,diesel,Madagascar,4860,MGA,liter,2026-10-03T14:01:37+03:00
2026-10-08,MG,gasoline,Madagascar,5300,MGA,liter,2026-10-03T14:01:37+03:00
2026-10-08,MG,kerosene,Madagascar,3710,MGA,liter,2026-10-03T14:01:37+03:00
2026-10-08,MK,cng,North Macedonia,88.5,MKD,kg,2026-10-03T14:01:37+03:00
2026-10-08,MK,diesel,North Macedonia,100,MKD,liter,2026-10-03T14:01:37+03:00
2026-10-08,MK,diesel_premium,North Macedonia,101,MKD,liter,2026-10-03T14:01:37+03:00
2026-10-08,MK,gasoline,North Macedonia,100,MKD,liter,2026-10-03T14:01:37+03:00
2026-10-08,MK,gasoline_premium,North Macedonia,102,MKD,liter,2026-10-03T14:01:37+03:00
2026-10-08,MK,lpg,North Macedonia,47,MKD,liter,2026-10-03T14:01:37+03:00
2026-10-08,MK,premium,North Macedonia,102,MKD,liter,2026-10-03T14:01:37+03:00
2026-10-08,MM,diesel,Myanmar,4815,MMK,liter,2026-10-03T14:01:37+03:00
2026-10-08,MM,diesel_premium,Myanmar,5795,MMK,liter,2026-10-03T14:01:37+03:00
2026-10-08,MM,gasoline,Myanmar,4540,MMK,liter,2026-10-03T14:01:37+03:00
2026-10-08,MM,gasoline_premium,Myanmar,4730,MMK,liter,2026-10-03T14:01:37+03:00
2026-10-08,MM,premium,Myanmar,4730,MMK,liter,2026-10-03T14:01:37+03:00
2026-10-08,MN,diesel,Mongolia,4895,MNT,liter,2026-10-03T14:01:37+03:00
2026-10-08,MN,gasoline,Mongolia,3118.75,MNT,liter,2026-10-03T14:01:37+03:00
2026-10-08,MN,gasoline_premium,Mongolia,5080,MNT,liter,2026-10-03T14:01:37+03:00
2026-10-08,MN,gasoline_super,Mongolia,5550,MNT,liter,2026-10-03T14:01:37+03:00
2026-10-08,MN,lpg,Mongolia,1840,MNT,liter,2026-10-03T14:01:37+03:00
2026-10-08,MN,premium,Mongolia,5550,MNT,liter,2026-10-03T14:01:37+03:00
2026-10-08,MR,diesel,Mauritania,62.13,MRU,liter,2026-09-27T14:11:38+03:00
2026-10-08,MR,gasoline,Mauritania,65.02,MRU,liter,2026-09-27T14:11:38+03:00
2026-10-08,MT,diesel,Malta,1.215,EUR,liter,2026-10-03T14:01:37+03:00
2026-10-08,MT,diesel_premium,Malta,1.31,EUR,liter,2026-10-03T14:01:37+03:00
2026-10-08,MT,gasoline,Malta,1.346,EUR,liter,2026-10-03T14:01:37+03:00
2026-10-08,MT,gasoline_premium,Malta,1.49,EUR,liter,2026-10-03T14:01:37+03:00
2026-10-08,MT,premium,Malta,1.49,EUR,liter,2026-10-03T14:01:37+03:00
2026-10-08,MU,diesel,Mauritius,75.9833,MUR,liter,2026-10-03T14:01:37+03:00
2026-10-08,MU,gasoline,Mauritius,75.35,MUR,liter,2026-10-03T14:01:37+03:00
2026-10-08,MV,diesel,Maldives,17.54,MVR,liter,2026-10-03T14:01:37+03:00
2026-10-08,MV,gasoline,Maldives,16.01,MVR,liter,2026-10-03T14:01:37+03:00
2026-10-08,MW,diesel,Malawi,5863,MWK,liter,2026-10-03T14:01:37+03:00
2026-10-08,MW,gasoline,Malawi,5619,MWK,liter,2026-10-03T14:01:37+03:00
2026-10-08,MW,kerosene,Malawi,4546.5,MWK,liter,2026-10-03T14:01:37+03:00
2026-10-08,MX,diesel,Mexico,27.0014,MXN,liter,2026-10-03T14:01:37+03:00
2026-10-08,MX,gasoline,Mexico,23.7823,MXN,liter,2026-10-03T14:01:37+03:00
2026-10-08,MX,gasoline_premium,Mexico,28.6366,MXN,liter,2026-10-03T14:01:37+03:00
2026-10-08,MX,premium,Mexico,28.6366,MXN,liter,2026-10-03T14:01:37+03:00
2026-10-08,MY,diesel,Malaysia,5.27,MYR,liter,2026-10-03T14:01:37+03:00
2026-10-08,MY,gasoline,Malaysia,4.52,MYR,liter,2026-10-03T14:01:37+03:00
2026-10-08,MY,gasoline_premium,Malaysia,5,MYR,liter,2026-10-03T14:01:37+03:00
2026-10-08,MY,premium,Malaysia,5,MYR,liter,2026-10-03T14:01:37+03:00
2026-10-08,MZ,diesel,Mozambique,116.25,MZN,liter,2026-10-03T14:01:37+03:00
2026-10-08,MZ,gasoline,Mozambique,93.69,MZN,liter,2026-10-03T14:01:37+03:00
2026-10-08,MZ,kerosene,Mozambique,97.56,MZN,liter,2026-10-03T14:01:37+03:00
2026-10-08,NA,diesel,Namibia,27.86,NAD,liter,2026-10-03T14:01:37+03:00
2026-10-08,NA,diesel_premium,Namibia,27.96,NAD,liter,2026-10-03T14:01:37+03:00
2026-10-08,NA,gasoline,Namibia,25.08,NAD,liter,2026-10-03T14:01:37+03:00
2026-10-08,NC,diesel,New Caledonia,190.6,XPF,liter,2026-10-03T14:01:37+03:00
2026-10-08,NC,gasoline,New Caledonia,182.4,XPF,liter,2026-10-03T14:01:37+03:00
2026-10-08,NE,diesel,Niger,618,XOF,liter,2026-10-03T14:01:37+03:00
2026-10-08,NE,gasoline,Niger,499,XOF,liter,2026-10-03T14:01:37+03:00
2026-10-08,NG,diesel,Nigeria,1756.7157,NGN,liter,2026-10-03T14:01:37+03:00
2026-10-08,NG,gasoline,Nigeria,1347.7671,NGN,liter,2026-10-03T14:01:37+03:00
2026-10-08,NI,diesel,Nicaragua,43.22,NIO,liter,2026-10-03T14:01:37+03:00
2026-10-08,NI,gasoline,Nicaragua,47.82,NIO,liter,2026-10-03T14:01:37+03:00
2026-10-08,NI,gasoline_premium,Nicaragua,49,NIO,liter,2026-10-03T14:01:37+03:00
2026-10-08,NI,kerosene,Nicaragua,60.36,NIO,liter,2026-10-03T14:01:37+03:00
2026-10-08,NI,premium,Nicaragua,49,NIO,liter,2026-10-03T14:01:37+03:00
2026-10-08,NL,cng,Netherlands,1.6995,EUR,kg,2026-10-03T14:01:37+03:00
2026-10-08,NL,diesel,Netherlands,2.6413,EUR,liter,2026-10-03T14:01:37+03:00
2026-10-08,NL,diesel_premium,Netherlands,2.7918,EUR,liter,2026-10-03T14:01:37+03:00
2026-10-08,NL,gasoline,Netherlands,2.5777,EUR,liter,2026-10-03T14:01:37+03:00
2026-10-08,NL,gasoline_premium,Netherlands,2.863,EUR,liter,2026-10-03T14:01:37+03:00
2026-10-08,NL,lpg,Netherlands,1.1011,EUR,liter,2026-10-03T14:01:37+03:00
2026-10-08,NL,premium,Netherlands,2.863,EUR,liter,2026-10-03T14:01:37+03:00
2026-10-08,NO,diesel,Norway,23.7723,NOK,liter,2026-10-03T14:01:37+03:00
2026-10-08,NO,gasoline,Norway,21.7546,NOK,liter,2026-10-03T14:01:37+03:00
2026-10-08,NO,gasoline_premium,Norway,27.79,NOK,liter,2026-10-03T14:01:37+03:00
2026-10-08,NO,premium,Norway,27.79,NOK,liter,2026-10-03T14:01:37+03:00
2026-10-08,NP,diesel,Nepal,200,NPR,liter,2026-10-03T14:01:37+03:00
2026-10-08,NP,gasoline,Nepal,200,NPR,liter,2026-10-03T14:01:37+03:00
2026-10-08,NP,kerosene,Nepal,200,NPR,liter,2026-10-03T14:01:37+03:00
2026-10-08,NR,diesel,Nauru,2.9032,AUD,liter,2026-10-03T14:01:37+03:00
2026-10-08,NR,gasoline,Nauru,2.4238,AUD,liter,2026-10-03T14:01:37+03:00
2026-10-08,NR,kerosene,Nauru,2.1811,AUD,liter,2026-10-03T14:01:37+03:00
2026-10-08,NZ,diesel,New Zealand,3.1293,NZD,liter,2026-10-03T14:01:37+03:00
2026-10-08,NZ,gasoline,New Zealand,3.6036,NZD,liter,2026-10-03T14:01:37+03:00
2026-10-08,NZ,gasoline_premium,New Zealand,3.7909,NZD,liter,2026-10-03T14:01:37+03:00
2026-10-08,NZ,gasoline_regular,New Zealand,3.4158,NZD,liter,2026-10-03T14:01:37+03:00
2026-10-08,NZ,gasoline_super,New Zealand,3.7743,NZD,liter,2026-10-03T14:01:37+03:00
2026-10-08,NZ,lpg,New Zealand,1.9583,NZD,liter,2026-10-03T14:01:37+03:00
2026-10-08,NZ,premium,New Zealand,3.7743,NZD,liter,2026-10-03T14:01:37+03:00
2026-10-08,OM,diesel,Oman,0.258,OMR,liter,2026-10-03T14:01:37+03:00
2026-10-08,OM,gasoline,Oman,0.239,OMR,liter,2026-10-03T14:01:37+03:00
2026-10-08,OM,gasoline_premium,Oman,0.399,OMR,liter,2026-10-03T14:01:37+03:00
2026-10-08,OM,gasoline_regular,Oman,0.229,OMR,liter,2026-10-03T14:01:37+03:00
2026-10-08,OM,premium,Oman,0.399,OMR,liter,2026-10-03T14:01:37+03:00
2026-10-08,PA,diesel,Panama,3.4069,USD,gallon,2026-10-03T14:01:37+03:00
2026-10-08,PA,gasoline,Panama,4.8718,USD,gallon,2026-10-03T14:01:37+03:00
2026-10-08,PA,gasoline_premium,Panama,5.239,USD,gallon,2026-10-03T14:01:37+03:00
2026-10-08,PA,premium,Panama,5.239,USD,gallon,2026-10-03T14:01:37+03:00
2026-10-08,PE,diesel,Peru,25.905,PEN,gallon,2026-10-03T14:01:37+03:00
2026-10-08,PE,gasoline,Peru,22.105,PEN,gallon,2026-10-03T14:01:37+03:00
2026-10-08,PE,gasoline_premium,Peru,23.305,PEN,gallon,2026-10-03T14:01:37+03:00
2026-10-08,PE,lpg,Peru,6.98,PEN,gallon,2026-10-03T14:01:37+03:00
2026-10-08,PE,premium,Peru,23.305,PEN,gallon,2026-10-03T14:01:37+03:00
2026-10-08,PF,diesel,French Polynesia,165,XPF,liter,2026-09-05T11:14:47+03:00
2026-10-08,PF,gasoline,French Polynesia,165,XPF,liter,2026-09-05T11:14:47+03:00
2026-10-08,PF,kerosene,French Polynesia,137,XPF,liter,2026-09-05T11:14:47+03:00
2026-10-08,PG,diesel,Papua New Guinea,4.9,PGK,liter,2026-10-03T14:01:37+03:00
2026-10-08,PG,gasoline,Papua New Guinea,4.9,PGK,liter,2026-10-03T14:01:37+03:00
2026-10-08,PG,kerosene,Papua New Guinea,4.9,PGK,liter,2026-10-03T14:01:37+03:00
2026-10-08,PH,diesel,Philippines,95.6979,PHP,liter,2026-10-03T14:01:37+03:00
2026-10-08,PH,diesel_premium,Philippines,99.52,PHP,liter,2026-10-03T14:01:37+03:00
2026-10-08,PH,gasoline,Philippines,89.4627,PHP,liter,2026-10-03T14:01:37+03:00
2026-10-08,PH,gasoline_premium,Philippines,91.89,PHP,liter,2026-10-03T14:01:37+03:00
2026-10-08,PH,premium,Philippines,91.89,PHP,liter,2026-10-03T14:01:37+03:00
2026-10-08,PK,diesel,Pakistan,399.64,PKR,liter,2026-10-03T14:01:37+03:00
2026-10-08,PK,gasoline,Pakistan,392.76,PKR,liter,2026-10-03T14:01:37+03:00
2026-10-08,PK,gasoline_premium,Pakistan,410,PKR,liter,2026-10-03T14:01:37+03:00
2026-10-08,PK,kerosene,Pakistan,329.54,PKR,liter,2026-10-03T14:01:37+03:00
2026-10-08,PK,lpg,Pakistan,258.65,PKR,kg,2026-10-03T14:01:37+03:00
2026-10-08,PK,premium,Pakistan,410,PKR,liter,2026-10-03T14:01:37+03:00
2026-10-08,PL,diesel,Poland,8.8534,PLN,liter,2026-10-03T14:01:37+03:00
2026-10-08,PL,diesel_premium,Poland,9.045,PLN,liter,2026-10-03T14:01:37+03:00
2026-10-08,PL,gasoline,Poland,7.8638,PLN,liter,2026-10-03T14:01:37+03:00
2026-10-08,PL,gasoline_premium,Poland,8.5706,PLN,liter,2026-10-03T14:01:37+03:00
2026-10-08,PL,lpg,Poland,3.2125,PLN,liter,2026-10-03T14:01:37+03:00
2026-10-08,PL,premium,Poland,8.5706,PLN,liter,2026-10-03T14:01:37+03:00
2026-10-08,PS,diesel,Palestine,7.9025,ILS,liter,2026-10-03T14:01:37+03:00
2026-10-08,PS,gasoline_premium,Palestine,7.8667,ILS,liter,2026-10-03T14:01:37+03:00
2026-10-08,PS,gasoline_super,Palestine,8.785,ILS,liter,2026-10-03T14:01:37+03:00
2026-10-08,PS,kerosene,Palestine,7.9025,ILS,liter,2026-10-03T14:01:37+03:00
2026-10-08,PS,premium,Palestine,8.785,ILS,liter,2026-10-03T14:01:37+03:00
2026-10-08,PT,diesel,Portugal,2.2098,EUR,liter,2026-10-03T14:01:37+03:00
2026-10-08,PT,diesel_premium,Portugal,2.2447,EUR,liter,2026-10-03T14:01:37+03:00
2026-10-08,PT,gasoline,Portugal,2.0953,EUR,liter,2026-10-03T14:01:37+03:00
2026-10-08,PT,gasoline_premium,Portugal,2.274,EUR,liter,2026-10-03T14:01:37+03:00
2026-10-08,PT,lpg,Portugal,0.9121,EUR,liter,2026-10-03T14:01:37+03:00
2026-10-08,PT,premium,Portugal,2.274,EUR,liter,2026-10-03T14:01:37+03:00
2026-10-08,PY,diesel,Paraguay,8927.1429,PYG,liter,2026-10-03T14:01:37+03:00
2026-10-08,PY,diesel_premium,Paraguay,10821.4286,PYG,liter,2026-10-03T14:01:37+03:00
2026-10-08,PY,gasoline,Paraguay,7132.8571,PYG,liter,2026-10-03T14:01:37+03:00
2026-10-08,PY,gasoline_premium,Paraguay,9040,PYG,liter,2026-10-03T14:01:37+03:00
2026-10-08,PY,lpg,Paraguay,4900,PYG,liter,2026-10-03T14:01:37+03:00
2026-10-08,PY,premium,Paraguay,9040,PYG,liter,2026-10-03T14:01:37+03:00
2026-10-08,QA,diesel,Qatar,2.05,QAR,liter,2026-10-03T14:01:37+03:00
2026-10-08,QA,gasoline,Qatar,1.95,QAR,liter,2026-10-03T14:01:37+03:00
2026-10-08,QA,gasoline_premium,Qatar,2.1,QAR,liter,2026-10-03T14:01:37+03:00
2026-10-08,QA,premium,Qatar,2.1,QAR,liter,2026-10-03T14:01:37+03:00
2026-10-08,RO,diesel,Romania,10.9584,RON,liter,2026-10-03T14:01:37+03:00
2026-10-08,RO,diesel_premium,Romania,11.4604,RON,liter,2026-10-03T14:01:37+03:00
2026-10-08,RO,gasoline,Romania,9.9961,RON,liter,2026-10-03T14:01:37+03:00
2026-10-08,RO,gasoline_premium,Romania,10.6081,RON,liter,2026-10-03T14:01:37+03:00
2026-10-08,RO,lpg,Romania,4.7365,RON,liter,2026-10-03T14:01:37+03:00
2026-10-08,RO,premium,Romania,10.6081,RON,liter,2026-10-03T14:01:37+03:00
2026-10-08,RS,diesel,Serbia,236,RSD,liter,2026-10-03T14:01:37+03:00
2026-10-08,RS,diesel_premium,Serbia,251.95,RSD,liter,2026-10-03T14:01:37+03:00
2026-10-08,RS,gasoline,Serbia,207,RSD,liter,2026-10-03T14:01:37+03:00
2026-10-08,RS,gasoline_premium,Serbia,229.9,RSD,liter,2026-10-03T14:01:37+03:00
2026-10-08,RS,gasoline_super,Serbia,230.3469,RSD,liter,2026-10-03T14:01:37+03:00
2026-10-08,RS,lpg,Serbia,107.9719,RSD,liter,2026-10-03T14:01:37+03:00
2026-10-08,RS,premium,Serbia,230.3469,RSD,liter,2026-10-03T14:01:37+03:00
2026-10-08,RU,cng,Russia,30.3983,RUB,m3,2026-10-03T14:01:37+03:00
2026-10-08,RU,diesel,Russia,83.8862,RUB,liter,2026-10-03T14:01:37+03:00
2026-10-08,RU,diesel_premium,Russia,81.8969,RUB,liter,2026-10-03T14:01:37+03:00
2026-10-08,RU,gasoline,Russia,87.8238,RUB,liter,2026-10-03T14:01:37+03:00
2026-10-08,RU,gasoline_premium,Russia,96.2582,RUB,liter,2026-10-03T14:01:37+03:00
2026-10-08,RU,gasoline_regular,Russia,80.0884,RUB,liter,2026-10-03T14:01:37+03:00
2026-10-08,RU,gasoline_super,Russia,109.5957,RUB,liter,2026-10-03T14:01:37+03:00
2026-10-08,RU,lpg,Russia,44.237,RUB,liter,2026-10-03T14:01:37+03:00
2026-10-08,RU,premium,Russia,109.5957,RUB,liter,2026-10-03T14:01:37+03:00
2026-10-08,RW,diesel,Rwanda,2927,RWF,liter,2026-10-03T14:01:37+03:00
2026-10-08,RW,gasoline,Rwanda,2938,RWF,liter,2026-10-03T14:01:37+03:00
2026-10-08,SA,diesel,Saudi Arabia,1.79,SAR,liter,2026-10-03T14:01:37+03:00
2026-10-08,SA,gasoline,Saudi Arabia,2.18,SAR,liter,2026-10-03T14:01:37+03:00
2026-10-08,SA,gasoline_premium,Saudi Arabia,2.33,SAR,liter,2026-10-03T14:01:37+03:00
2026-10-08,SA,gasoline_super,Saudi Arabia,4.64,SAR,liter,2026-10-03T14:01:37+03:00
2026-10-08,SA,kerosene,Saudi Arabia,1.75,SAR,liter,2026-10-03T14:01:37+03:00
2026-10-08,SA,premium,Saudi Arabia,4.64,SAR,liter,2026-10-03T14:01:37+03:00
2026-10-08,SB,diesel,Solomon Islands,13.4759,SBD,liter,2026-10-03T14:01:37+03:00
2026-10-08,SB,gasoline,Solomon Islands,11.1771,SBD,liter,2026-10-03T14:01:37+03:00
2026-10-08,SB,kerosene,Solomon Islands,14.2583,SBD,liter,2026-10-03T14:01:37+03:00
2026-10-08,SC,diesel,Seychelles,25.19,SCR,liter,2026-10-03T14:01:37+03:00
2026-10-08,SC,gasoline,Seychelles,24.68,SCR,liter,2026-10-03T14:01:37+03:00
2026-10-08,SC,kerosene,Seychelles,30,SCR,liter,2026-10-03T14:01:37+03:00
2026-10-08,SE,diesel,Sweden,22.8077,SEK,liter,2026-10-03T14:01:37+03:00
2026-10-08,SE,e85,Sweden,15.465,SEK,liter,2026-10-03T14:01:37+03:00
2026-10-08,SE,gasoline,Sweden,18.765,SEK,liter,2026-10-03T14:01:37+03:00
2026-10-08,SE,gasoline_premium,Sweden,19.315,SEK,liter,2026-10-03T14:01:37+03:00
2026-10-08,SE,premium,Sweden,19.315,SEK,liter,2026-10-03T14:01:37+03:00
2026-10-08,SG,diesel,Singapore,4.0141,SGD,liter,2026-10-03T14:01:37+03:00
2026-10-08,SG,gasoline,Singapore,3.5355,SGD,liter,2026-10-03T14:01:37+03:00
2026-10-08,SG,gasoline_premium,Singapore,4.163,SGD,liter,2026-10-03T14:01:37+03:00
2026-10-08,SG,gasoline_regular,Singapore,3.51,SGD,liter,2026-10-03T14:01:37+03:00
2026-10-08,SG,premium,Singapore,4.163,SGD,liter,2026-10-03T14:01:37+03:00
2026-10-08,SI,diesel,Slovenia,1.9545,EUR,liter,2026-10-03T14:01:37+03:00
2026-10-08,SI,diesel_premium,Slovenia,2.453,EUR,liter,2026-10-03T14:01:37+03:00
2026-10-08,SI,gasoline,Slovenia,1.7242,EUR,liter,2026-10-03T14:01:37+03:00
2026-10-08,SI,gasoline_premium,Slovenia,2.121,EUR,liter,2026-10-03T14:01:37+03:00
2026-10-08,SI,lpg,Slovenia,0.9718,EUR,liter,2026-10-03T14:01:37+03:00
2026-10-08,SI,premium,Slovenia,2.121,EUR,liter,2026-10-03T14:01:37+03:00
2026-10-08,SK,diesel,Slovakia,1.9872,EUR,liter,2026-10-03T14:01:37+03:00
2026-10-08,SK,diesel_premium,Slovakia,2.176,EUR,liter,2026-10-03T14:01:37+03:00
2026-10-08,SK,gasoline,Slovakia,1.8542,EUR,liter,2026-10-03T14:01:37+03:00
2026-10-08,SK,gasoline_premium,Slovakia,2.0504,EUR,liter,2026-10-03T14:01:37+03:00
2026-10-08,SK,lpg,Slovakia,0.819,EUR,liter,2026-10-03T14:01:37+03:00
2026-10-08,SK,premium,Slovakia,2.0504,EUR,liter,2026-10-03T14:01:37+03:00
2026-10-08,SL,diesel,Sierra Leone,45,SLE,liter,2026-10-03T14:01:37+03:00
2026-10-08,SL,gasoline,Sierra Leone,40,SLE,liter,2026-10-03T14:01:37+03:00
2026-10-08,SL,kerosene,Sierra Leone,44.1,SLE,liter,2026-10-03T14:01:37+03:00
2026-10-08,SN,diesel,Senegal,755,XOF,liter,2026-10-03T14:01:37+03:00
2026-10-08,SN,gasoline,Senegal,990,XOF,liter,2026-10-03T14:01:37+03:00
2026-10-08,SN,gasoline_regular,Senegal,665,XOF,liter,2026-10-03T14:01:37+03:00
2026-10-08,SR,diesel,Suriname,53.27,SRD,liter,2026-10-03T14:01:37+03:00
2026-10-08,SR,gasoline,Suriname,48.32,SRD,liter,2026-10-03T14:01:37+03:00
2026-10-08,SS,diesel,South Sudan,17500,SSP,liter,2026-10-03T14:01:37+03:00
2026-10-08,SS,gasoline,South Sudan,16000,SSP,liter,2026-10-03T14:01:37+03:00
2026-10-08,SV,diesel,El Salvador,4.86,USD,gallon,2026-10-03T14:01:37+03:00
2026-10-08,SV,gasoline,El Salvador,4.8,USD,gallon,2026-10-03T14:01:37+03:00
2026-10-08,SV,gasoline_premium,El Salvador,5.13,USD,gallon,2026-10-03T14:01:37+03:00
2026-10-08,SV,premium,El Salvador,5.13,USD,gallon,2026-10-03T14:01:37+03:00
2026-10-08,SY,diesel,Syria,175,SYP,liter,2026-10-03T14:01:37+03:00
2026-10-08,SY,gasoline,Syria,185,SYP,liter,2026-10-03T14:01:37+03:00
2026-10-08,SY,gasoline_premium,Syria,195,SYP,liter,2026-10-03T14:01:37+03:00
2026-10-08,SY,premium,Syria,195,SYP,liter,2026-10-03T14:01:37+03:00
2026-10-08,SZ,diesel,Eswatini,32.25,SZL,liter,2026-10-03T14:01:37+03:00
2026-10-08,SZ,gasoline,Eswatini,29.4,SZL,liter,2026-10-03T14:01:37+03:00
2026-10-08,SZ,kerosene,Eswatini,25.16,SZL,liter,2026-10-03T14:01:37+03:00
2026-10-08,TG,diesel,Togo,766,XOF,liter,2026-10-03T14:01:37+03:00
2026-10-08,TG,gasoline,Togo,817,XOF,liter,2026-10-03T14:01:37+03:00
2026-10-08,TG,kerosene,Togo,1056,XOF,liter,2026-10-03T14:01:37+03:00
2026-10-08,TH,diesel,Thailand,42.19,THB,liter,2026-10-03T14:01:37+03:00
2026-10-08,TH,diesel_premium,Thailand,50.05,THB,liter,2026-10-03T14:01:37+03:00
2026-10-08,TH,e85,Thailand,31.63,THB,liter,2026-10-03T14:01:37+03:00
2026-10-08,TH,gasoline,Thailand,40.69,THB,liter,2026-10-03T14:01:37+03:00
2026-10-08,TH,gasoline_premium,Thailand,49.29,THB,liter,2026-10-03T14:01:37+03:00
2026-10-08,TH,gasoline_regular,Thailand,40.32,THB,liter,2026-10-03T14:01:37+03:00
2026-10-08,TH,gasoline_super,Thailand,49.79,THB,liter,2026-10-03T14:01:37+03:00
2026-10-08,TH,lpg,Thailand,25.87,THB,kg,2026-10-03T14:01:37+03:00
2026-10-08,TH,premium,Thailand,49.79,THB,liter,2026-10-03T14:01:37+03:00
2026-10-08,TJ,diesel,Tajikistan,15.395,TJS,liter,2026-10-03T14:01:37+03:00
2026-10-08,TJ,diesel_premium,Tajikistan,14.9,TJS,liter,2026-10-03T14:01:37+03:00
2026-10-08,TJ,gasoline,Tajikistan,12.9119,TJS,liter,2026-10-03T14:01:37+03:00
2026-10-08,TJ,gasoline_premium,Tajikistan,12.9,TJS,liter,2026-10-03T14:01:37+03:00
2026-10-08,TJ,lpg,Tajikistan,6.3944,TJS,liter,2026-10-03T14:01:37+03:00
2026-10-08,TJ,premium,Tajikistan,12.9,TJS,liter,2026-10-03T14:01:37+03:00
2026-10-08,TL,diesel,Timor-Leste,1.6237,USD,liter,2026-10-03T14:01:37+03:00
2026-10-08,TL,gasoline,Timor-Leste,1.5225,USD,liter,2026-10-03T14:01:37+03:00
2026-10-08,TM,diesel,Turkmenistan,1.35,TMT,liter,2026-10-03T14:01:37+03:00
2026-10-08,TM,gasoline,Turkmenistan,1.35,TMT,liter,2026-10-03T14:01:37+03:00
2026-10-08,TM,gasoline_premium,Turkmenistan,1.5,TMT,liter,2026-10-03T14:01:37+03:00
2026-10-08,TM,gasoline_regular,Turkmenistan,1.15,TMT,liter,2026-10-03T14:01:37+03:00
2026-10-08,TM,premium,Turkmenistan,1.5,TMT,liter,2026-10-03T14:01:37+03:00
2026-10-08,TN,diesel,Tunisia,2.21,TND,liter,2026-10-03T14:01:37+03:00
2026-10-08,TN,gasoline,Tunisia,2.53,TND,liter,2026-10-03T14:01:37+03:00
2026-10-08,TO,diesel,Tonga,4.425,TOP,liter,2026-10-03T14:01:37+03:00
2026-10-08,TO,gasoline,Tonga,3.85,TOP,liter,2026-10-03T14:01:37+03:00
2026-10-08,TO,kerosene,Tonga,3.5,TOP,liter,2026-10-03T14:01:37+03:00
2026-10-08,TR,diesel,Turkey,94.963,TRY,liter,2026-10-03T14:01:37+03:00
2026-10-08,TR,gasoline,Turkey,84.58,TRY,liter,2026-10-03T14:01:37+03:00
2026-10-08,TR,lpg,Turkey,41.2367,TRY,liter,2026-10-03T14:01:37+03:00
2026-10-08,TW,diesel,Taiwan,29.8838,TWD,liter,2026-10-03T14:01:37+03:00
2026-10-08,TW,gasoline,Taiwan,30.1532,TWD,liter,2026-10-03T14:01:37+03:00
2026-10-08,TW,gasoline_premium,Taiwan,32.0766,TWD,liter,2026-10-03T14:01:37+03:00
2026-10-08,TW,gasoline_super,Taiwan,34.6946,TWD,liter,2026-10-03T14:01:37+03:00
2026-10-08,TW,premium,Taiwan,34.6946,TWD,liter,2026-10-03T14:01:37+03:00
2026-10-08,TZ,diesel,Tanzania,3877,TZS,liter,2026-10-03T14:01:37+03:00
2026-10-08,TZ,gasoline,Tanzania,3796,TZS,liter,2026-10-03T14:01:37+03:00
2026-10-08,TZ,kerosene,Tanzania,3713,TZS,liter,2026-10-03T14:01:37+03:00
2026-10-08,UA,diesel,Ukraine,98.919,UAH,liter,2026-10-03T14:01:37+03:00
2026-10-08,UA,diesel_premium,Ukraine,101.9,UAH,liter,2026-10-03T14:01:37+03:00
2026-10-08,UA,gasoline,Ukraine,89.8729,UAH,liter,2026-10-03T14:01:37+03:00
2026-10-08,UA,gasoline_premium,Ukraine,94.9366,UAH,liter,2026-10-03T14:01:37+03:00
2026-10-08,UA,gasoline_regular,Ukraine,85.8256,UAH,liter,2026-10-03T14:01:37+03:00
2026-10-08,UA,gasoline_super,Ukraine,101.4,UAH,liter,2026-10-03T14:01:37+03:00
2026-10-08,UA,lpg,Ukraine,44.7649,UAH,liter,2026-10-03T14:01:37+03:00
2026-10-08,UA,premium,Ukraine,101.4,UAH,liter,2026-10-03T14:01:37+03:00
2026-10-08,UG,diesel,Uganda,6724.5,UGX,liter,2026-10-03T14:01:37+03:00
2026-10-08,UG,gasoline,Uganda,6874.5,UGX,liter,2026-10-03T14:01:37+03:00
2026-10-08,US,diesel,United States,6.3728,USD,gallon,2026-10-03T14:01:37+03:00
2026-10-08,US,e85,United States,3.31,USD,gallon,2026-10-03T14:01:37+03:00
2026-10-08,US,gasoline,United States,4.4398,USD,gallon,2026-10-03T14:01:37+03:00
2026-10-08,US,gasoline_premium,United States,5.0164,USD,gallon,2026-10-03T14:01:37+03:00
2026-10-08,US,gasoline_super,United States,5.4203,USD,gallon,2026-10-03T14:01:37+03:00
2026-10-08,US,lpg,United States,3.59,USD,gallon,2026-10-03T14:01:37+03:00
2026-10-08,US,premium,United States,5.4203,USD,gallon,2026-10-03T14:01:37+03:00
2026-10-08,UY,diesel,Uruguay,58.68,UYU,liter,2026-10-03T14:01:37+03:00
2026-10-08,UY,diesel_premium,Uruguay,67.33,UYU,liter,2026-10-03T14:01:37+03:00
2026-10-08,UY,gasoline,Uruguay,88.67,UYU,liter,2026-10-03T14:01:37+03:00
2026-10-08,UY,gasoline_premium,Uruguay,91.19,UYU,liter,2026-10-03T14:01:37+03:00
2026-10-08,UY,premium,Uruguay,91.19,UYU,liter,2026-10-03T14:01:37+03:00
2026-10-08,UZ,diesel,Uzbekistan,16235.9504,UZS,liter,2026-10-03T14:01:37+03:00
2026-10-08,UZ,gasoline,Uzbekistan,13449.8834,UZS,liter,2026-10-03T14:01:37+03:00
2026-10-08,UZ,gasoline_premium,Uzbekistan,18947.7273,UZS,liter,2026-10-03T14:01:37+03:00
2026-10-08,UZ,gasoline_super,Uzbekistan,27571.9697,UZS,liter,2026-10-03T14:01:37+03:00
2026-10-08,UZ,premium,Uzbekistan,27571.9697,UZS,liter,2026-10-03T14:01:37+03:00
2026-10-08,VC,diesel,Saint Vincent and the Grenadines,17.53,XCD,imperial_gallon,2026-10-03T14:01:37+03:00
2026-10-08,VC,gasoline,Saint Vincent and the Grenadines,18.31,XCD,imperial_gallon,2026-10-03T14:01:37+03:00
2026-10-08,VE,diesel,Venezuela,0.5,USD,liter,2026-10-03T14:01:37+03:00
2026-10-08,VE,gasoline,Venezuela,435.6845,VES,liter,2026-10-03T14:01:37+03:00
2026-10-08,VE,gasoline_premium,Venezuela,871.3689,VES,liter,2026-10-03T14:01:37+03:00
2026-10-08,VE,premium,Venezuela,871.3689,VES,liter,2026-10-03T14:01:37+03:00
2026-10-08,VN,diesel,Vietnam,29970,VND,liter,2026-10-03T14:01:37+03:00
2026-10-08,VN,diesel_premium,Vietnam,31600,VND,liter,2026-10-03T14:01:37+03:00
2026-10-08,VN,gasoline,Vietnam,27180,VND,liter,2026-10-03T14:01:37+03:00
2026-10-08,VN,gasoline_regular,Vietnam,26503.3333,VND,liter,2026-10-03T14:01:37+03:00
2026-10-08,VU,diesel,Vanuatu,195,VUV,liter,2026-10-03T14:01:37+03:00
2026-10-08,VU,gasoline,Vanuatu,222,VUV,liter,2026-10-03T14:01:37+03:00
2026-10-08,WS,diesel,Samoa,4.44,WST,liter,2026-10-03T14:01:37+03:00
2026-10-08,WS,gasoline,Samoa,3.58,WST,liter,2026-10-03T14:01:37+03:00
2026-10-08,WS,kerosene,Samoa,3.9,WST,liter,2026-10-03T14:01:37+03:00
2026-10-08,XK,diesel,Kosovo,1.89,EUR,liter,2026-10-03T14:01:37+03:00
2026-10-08,XK,diesel_premium,Kosovo,1.94,EUR,liter,2026-10-03T14:01:37+03:00
2026-10-08,XK,gasoline,Kosovo,1.66,EUR,liter,2026-10-03T14:01:37+03:00
2026-10-08,XK,gasoline_premium,Kosovo,1.73,EUR,liter,2026-10-03T14:01:37+03:00
2026-10-08,XK,lpg,Kosovo,0.69,EUR,liter,2026-10-03T14:01:37+03:00
2026-10-08,XK,premium,Kosovo,1.73,EUR,liter,2026-10-03T14:01:37+03:00
2026-10-08,XN,diesel,Turkish Republic of Northern Cyprus,76,TRY,liter,2026-10-03T14:01:37+03:00
2026-10-08,XN,gasoline,Turkish Republic of Northern Cyprus,77.12,TRY,liter,2026-10-03T14:01:37+03:00
2026-10-08,XN,gasoline_premium,Turkish Republic of Northern Cyprus,78.12,TRY,liter,2026-10-03T14:01:37+03:00
2026-10-08,XN,premium,Turkish Republic of Northern Cyprus,78.12,TRY,liter,2026-10-03T14:01:37+03:00
2026-10-08,ZA,diesel,South Africa,29.1104,ZAR,liter,2026-10-03T14:01:37+03:00
2026-10-08,ZA,diesel_premium,South Africa,29.8667,ZAR,liter,2026-10-03T14:01:37+03:00
2026-10-08,ZA,gasoline,South Africa,26.92,ZAR,liter,2026-10-03T14:01:37+03:00
2026-10-08,ZA,gasoline_regular,South Africa,26.76,ZAR,liter,2026-10-03T14:01:37+03:00
2026-10-08,ZM,diesel,Zambia,29.7736,ZMW,liter,2026-10-03T14:01:37+03:00
2026-10-08,ZM,gasoline,Zambia,28.0945,ZMW,liter,2026-10-03T14:01:37+03:00
2026-10-08,ZM,kerosene,Zambia,29.76,ZMW,liter,2026-10-03T14:01:37+03:00
2026-10-08,ZW,diesel,Zimbabwe,55.7068,ZWG,liter,2026-10-03T14:01:37+03:00
2026-10-08,ZW,gasoline,Zimbabwe,55.1712,ZWG,liter,2026-10-03T14:01:37+03:00
2026-10-08,ZW,lpg,Zimbabwe,47.1365,ZWG,kg,2026-10-03T14:01:37+03:00
2026-10-09,AD,diesel,Andorra,1.7378,EUR,liter,2026-10-03T14:01:37+03:00
2026-10-09,AD,diesel_premium,Andorra,1.7719,EUR,liter,2026-10-03T14:01:37+03:00
2026-10-09,AD,gasoline,Andorra,1.5894,EUR,liter,2026-10-03T14:01:37+03:00
2026-10-09,AD,gasoline_premium,Andorra,1.6495,EUR,liter,2026-10-03T14:01:37+03:00
2026-10-09,AD,premium,Andorra,1.6495,EUR,liter,2026-10-03T14:01:37+03:00
2026-10-09,AE,diesel,UAE,4.8,AED,liter,2026-10-03T14:01:37+03:00
2026-10-09,AE,gasoline,UAE,4.28,AED,liter,2026-10-03T14:01:37+03:00
2026-10-09,AE,gasoline_regular,UAE,4.21,AED,liter,2026-10-03T14:01:37+03:00
2026-10-09,AE,gasoline_super,UAE,4.4,AED,liter,2026-10-03T14:01:37+03:00
2026-10-09,AE,premium,UAE,4.4,AED,liter,2026-10-03T14:01:37+03:00
2026-10-09,AF,diesel,Afghanistan,79.1275,AFN,liter,2026-10-03T14:01:37+03:00
2026-10-09,AF,gasoline,Afghanistan,89,AFN,liter,2026-10-03T14:01:37+03:00
2026-10-09,AL,diesel,Albania,213.7289,ALL,liter,2026-10-03T14:01:37+03:00
2026-10-09,AL,diesel_premium,Albania,230,ALL,liter,2026-10-03T14:01:37+03:00
2026-10-09,AL,gasoline,Albania,193.4495,ALL,liter,2026-10-03T14:01:37+03:00
2026-10-09,AL,gasoline_premium,Albania,220,ALL,liter,2026-10-03T14:01:37+03:00
2026-10-09,AL,lpg,Albania,69.2062,ALL,liter,2026-10-03T14:01:37+03:00
2026-10-09,AL,premium,Albania,220,ALL,liter,2026-10-03T14:01:37+03:00
2026-10-09,AM,diesel,Armenia,695.8895,AMD,liter,2026-10-03T14:01:37+03:00
2026-10-09,AM,gasoline,Armenia,607.1632,AMD,liter,2026-10-03T14:01:37+03:00
2026-10-09,AM,gasoline_premium,Armenia,675,AMD,liter,2026-10-03T14:01:37+03:00
2026-10-09,AM,gasoline_regular,Armenia,600,AMD,liter,2026-10-03T14:01:37+03:00
2026-10-09,AM,lpg,Armenia,240,AMD,liter,2026-10-03T14:01:37+03:00
2026-10-09,AM,premium,Armenia,675,AMD,liter,2026-10-03T14:01:37+03:00
2026-10-09,AR,cng,Argentina,804,ARS,m3,2026-10-03T14:01:37+03:00
2026-10-09,AR,diesel,Argentina,2415.2022,ARS,liter,2026-10-03T14:01:37+03:00
2026-10-09,AR,diesel_premium,Argentina,2637.3056,ARS,liter,2026-10-03T14:01:37+03:00
2026-10-09,AR,gasoline,Argentina,2210.3087,ARS,liter,2026-10-03T14:01:37+03:00
2026-10-09,AR,gasoline_premium,Argentina,2474.2778,ARS,liter,2026-10-03T14:01:37+03:00
2026-10-09,AR,premium,Argentina,2474.2778,ARS,liter,2026-10-03T14:01:37+03:00
2026-10-09,AT,cng,Austria,1.799,EUR,kg,2026-10-03T14:01:37+03:00
2026-10-09,AT,diesel,Austria,2.2013,EUR,liter,2026-10-03T14:01:37+03:00
2026-10-09,AT,diesel_premium,Austria,2.4939,EUR,liter,2026-10-03T14:01:37+03:00
2026-10-09,AT,gasoline,Austria,1.8944,EUR,liter,2026-10-03T14:01:37+03:00
2026-10-09,AT,gasoline_premium,Austria,2.1316,EUR,liter,2026-10-03T14:01:37+03:00
2026-10-09,AT,gasoline_super,Austria,2.049,EUR,liter,2026-10-03T14:01:37+03:00
2026-10-09,AT,lpg,Austria,1.1665,EUR,liter,2026-10-03T14:01:37+03:00
2026-10-09,AT,premium,Austria,2.049,EUR,liter,2026-10-03T14:01:37+03:00
2026-10-09,AU,diesel,Australia,2.8708,AUD,liter,2026-10-03T14:01:37+03:00
2026-10-09,AU,diesel_premium,Australia,2.8823,AUD,liter,2026-10-03T14:01:37+03:00
2026-10-09,AU,e85,Australia,2.599,AUD,liter,2026-10-03T14:01:37+03:00
2026-10-09,AU,gasoline,Australia,2.399,AUD,liter,2026-10-03T14:01:37+03:00
2026-10-09,AU,gasoline_premium,Australia,2.5611,AUD,liter,2026-10-03T14:01:37+03:00
2026-10-09,AU,gasoline_super,Australia,2.662,AUD,liter,2026-10-03T14:01:37+03:00
2026-10-09,AU,lpg,Australia,1.3903,AUD,liter,2026-10-03T14:01:37+03:00
2026-10-09,AU,premium,Australia,2.662,AUD,liter,2026-10-03T14:01:37+03:00
2026-10-09,AZ,cng,Azerbaijan,0.4,AZN,m3,2026-10-03T14:01:37+03:00
2026-10-09,AZ,diesel,Azerbaijan,1.1,AZN,liter,2026-10-03T14:01:37+03:00
2026-10-09,AZ,gasoline,Azerbaijan,1.15,AZN,liter,2026-10-03T14:01:37+03:00
2026-10-09,AZ,gasoline_premium,Azerbaijan,1.6,AZN,liter,2026-10-03T14:01:37+03:00
2026-10-09,AZ,gasoline_super,Azerbaijan,2.3,AZN,liter,2026-10-03T14:01:37+03:00
2026-10-09,AZ,lpg,Azerbaijan,0.7,AZN,liter,2026-10-03T14:01:37+03:00
2026-10-09,AZ,premium,Azerbaijan,2.3,AZN,liter,2026-10-03T14:01:37+03:00
2026-10-09,BA,diesel,Bih,3.7802,BAM,liter,2026-10-03T14:01:37+03:00
2026-10-09,BA,gasoline,Bih,3.3775,BAM,liter,2026-10-03T14:01:37+03:00
2026-10-09,BA,gasoline_premium,Bih,3.51,BAM,liter,2026-10-03T14:01:37+03:00
2026-10-09,BA,lpg,Bih,1.3949,BAM,liter,2026-10-03T14:01:37+03:00
2026-10-09,BA,premium,Bih,3.51,BAM,liter,2026-10-03T14:01:37+03:00
2026-10-09,BB,diesel,Barbados,3.8,BBD,liter,2026-10-03T14:01:37+03:00
2026-10-09,BB,gasoline,Barbados,4.27,BBD,liter,2026-10-03T14:01:37+03:00
2026-10-09,BB,kerosene,Barbados,2.3,BBD,liter,2026-10-03T14:01:37+03:00
2026-10-09,BD,diesel,Bangladesh,135,BDT,liter,2026-10-03T14:01:37+03:00
2026-10-09,BD,gasoline,Bangladesh,160,BDT,liter,2026-10-03T14:01:37+03:00
2026-10-09,BD,gasoline_premium,Bangladesh,165,BDT,liter,2026-10-03T14:01:37+03:00
2026-10-09,BD,kerosene,Bangladesh,155,BDT,liter,2026-10-03T14:01:37+03:00
2026-10-09,BD,premium,Bangladesh,165,BDT,liter,2026-10-03T14:01:37+03:00
2026-10-09,BE,diesel,Belgium,2.4341,EUR,liter,2026-10-03T14:01:37+03:00
2026-10-09,BE,gasoline,Belgium,2.0638,EUR,liter,2026-10-03T14:01:37+03:00
2026-10-09,BE,gasoline_premium,Belgium,2.2511,EUR,liter,2026-10-03T14:01:37+03:00
2026-10-09,BE,lpg,Belgium,0.9597,EUR,liter,2026-10-03T14:01:37+03:00
2026-10-09,BE,premium,Belgium,2.2511,EUR,liter,2026-10-03T14:01:37+03:00
2026-10-09,BF,diesel,Burkina Faso,750,XOF,liter,2026-10-03T14:01:37+03:00
2026-10-09,BF,gasoline,Burkina Faso,850,XOF,liter,2026-10-03T14:01:37+03:00
2026-10-09,BF,kerosene,Burkina Faso,950,XOF,liter,2026-10-03T14:01:37+03:00
2026-10-09,BG,diesel,Bulgaria,1.8988,EUR,liter,2026-10-03T14:01:37+03:00
2026-10-09,BG,diesel_premium,Bulgaria,2.1041,EUR,liter,2026-10-03T14:01:37+03:00
2026-10-09,BG,gasoline,Bulgaria,1.6526,EUR,liter,2026-10-03T14:01:37+03:00
2026-10-09,BG,gasoline_super,Bulgaria,1.8665,EUR,liter,2026-10-03T14:01:37+03:00
2026-10-09,BG,lpg,Bulgaria,0.6362,EUR,liter,2026-10-03T14:01:37+03:00
2026-10-09,BG,premium,Bulgaria,1.8665,EUR,liter,2026-10-03T14:01:37+03:00
2026-10-09,BH,diesel,Bahrain,0.229,BHD,liter,2026-10-03T14:01:37+03:00
2026-10-09,BH,gasoline,Bahrain,0.225,BHD,liter,2026-10-03T14:01:37+03:00
2026-10-09,BH,gasoline_premium,Bahrain,0.247,BHD,liter,2026-10-03T14:01:37+03:00
2026-10-09,BH,gasoline_super,Bahrain,0.38,BHD,liter,2026-10-03T14:01:37+03:00
2026-10-09,BH,premium,Bahrain,0.38,BHD,liter,2026-10-03T14:01:37+03:00
2026-10-09,BO,cng,Bolivia,2.99,BOB,m3,2026-10-03T14:01:37+03:00
2026-10-09,BO,diesel,Bolivia,9.8,BOB,liter,2026-10-03T14:01:37+03:00
2026-10-09,BO,gasoline,Bolivia,6.96,BOB,liter,2026-10-03T14:01:37+03:00
2026-10-09,BO,gasoline_premium,Bolivia,11,BOB,liter,2026-10-03T14:01:37+03:00
2026-10-09,BO,premium,Bolivia,11,BOB,liter,2026-10-03T14:01:37+03:00
2026-10-09,BR,cng,Brazil,4.8432,BRL,m3,2026-10-03T14:01:37+03:00
2026-10-09,BR,diesel,Brazil,7.2172,BRL,liter,2026-10-03T14:01:37+03:00
2026-10-09,BR,e85,Brazil,4.318,BRL,liter,2026-10-03T14:01:37+03:00
2026-10-09,BR,gasoline,Brazil,6.593,BRL,liter,2026-10-03T14:01:37+03:00
2026-10-09,BR,gasoline_premium,Brazil,6.7701,BRL,liter,2026-10-03T14:01:37+03:00
2026-10-09,BR,premium,Brazil,6.7701,BRL,liter,2026-10-03T14:01:37+03:00
2026-10-09,BW,diesel,Botswana,20.93,BWP,liter,2026-10-03T14:01:37+03:00
2026-10-09,BW,gasoline,Botswana,18.21,BWP,liter,2026-10-03T14:01:37+03:00
2026-10-09,BW,kerosene,Botswana,18.33,BWP,liter,2026-10-03T14:01:37+03:00
2026-10-09,BY,diesel,Belarus,2.71,BYN,liter,2026-10-03T14:01:37+03:00
2026-10-09,BY,gasoline,Belarus,2.71,BYN,liter,2026-10-03T14:01:37+03:00
2026-10-09,BY,gasoline_premium,Belarus,2.93,BYN,liter,2026-10-03T14:01:37+03:00
2026-10-09,BY,gasoline_regular,Belarus,2.61,BYN,liter,2026-10-03T14:01:37+03:00
2026-10-09,BY,lpg,Belarus,1.3111,BYN,liter,2026-10-03T14:01:37+03:00
2026-10-09,BY,premium,Belarus,2.93,BYN,liter,2026-10-03T14:01:37+03:00
2026-10-09,BZ,diesel,Belize,14.6649,BZD,gallon,2026-10-03T14:01:37+03:00
2026-10-09,BZ,gasoline,Belize,14.2291,BZD,gallon,2026-10-03T14:01:37+03:00
2026-10-09,BZ,gasoline_premium,Belize,15.54,BZD,gallon,2026-10-03T14:01:37+03:00
2026-10-09,BZ,premium,Belize,15.54,BZD,gallon,2026-10-03T14:01:37+03:00
2026-10-09,CA,diesel,Canada,2.6077,CAD,liter,2026-10-03T14:01:37+03:00
2026-10-09,CA,gasoline,Canada,1.8365,CAD,liter,2026-10-03T14:01:37+03:00
2026-10-09,CA,gasoline_premium,Canada,1.9955,CAD,liter,2026-10-03T14:01:37+03:00
2026-10-09,CA,gasoline_super,Canada,2.1035,CAD,liter,2026-10-03T14:01:37+03:00
2026-10-09,CA,lpg,Canada,1.267,CAD,liter,2026-10-03T14:01:37+03:00
2026-10-09,CA,premium,Canada,2.1035,CAD,liter,2026-10-03T14:01:37+03:00
2026-10-09,CH,diesel,Switzerland,2.321,CHF,liter,2026-10-03T14:01:37+03:00
2026-10-09,CH,gasoline,Switzerland,2.0593,CHF,liter,2026-10-03T14:01:37+03:00
2026-10-09,CH,gasoline_premium,Switzerland,2.25,CHF,liter,2026-10-03T14:01:37+03:00
2026-10-09,CH,lpg,Switzerland,1.187,CHF,liter,2026-10-03T14:01:37+03:00
2026-10-09,CH,premium,Switzerland,2.25,CHF,liter,2026-10-03T14:01:37+03:00
2026-10-09,CI,diesel,Ivory Coast,725,XOF,liter,2026-10-03T14:01:37+03:00
2026-10-09,CI,gasoline,Ivory Coast,905,XOF,liter,2026-10-03T14:01:37+03:00
2026-10-09,CI,kerosene,Ivory Coast,780,XOF,liter,2026-10-03T14:01:37+03:00
2026-10-09,CL,cng,Chile,906,CLP,m3,2026-10-03T14:01:37+03:00
2026-10-09,CL,diesel,Chile,1435.7942,CLP,liter,2026-10-03T14:01:37+03:00
2026-10-09,CL,gasoline,Chile,1514.2327,CLP,liter,2026-10-03T14:01:37+03:00
2026-10-09,CL,gasoline_premium,Chile,1522.1778,CLP,liter,2026-10-03T14:01:37+03:00
2026-10-09,CL,gasoline_super,Chile,1563.2028,CLP,liter,2026-10-03T14:01:37+03:00
2026-10-09,CL,lpg,Chile,681.5,CLP,liter,2026-10-03T14:01:37+03:00
2026-10-09,CL,premium,Chile,1563.2028,CLP,liter,2026-10-03T14:01:37+03:00
2026-10-09,CN,diesel,China,8.3082,CNY,liter,2026-10-03T14:01:37+03:00
2026-10-09,CN,gasoline,China,8.6098,CNY,liter,2026-10-03T14:01:37+03:00
2026-10-09,CN,gasoline_premium,China,9.1267,CNY,liter,2026-10-03T14:01:37+03:00
2026-10-09,CN,gasoline_super,China,10.6609,CNY,liter,2026-10-03T14:01:37+03:00
2026-10-09,CN,premium,China,10.6609,CNY,liter,2026-10-03T14:01:37+03:00
2026-10-09,CO,cng,Colombia,3499,COP,m3,2026-10-03T14:01:37+03:00
2026-10-09,CO,diesel,Colombia,11219,COP,gallon,2026-10-03T14:01:37+03:00
2026-10-09,CO,diesel_premium,Colombia,11450,COP,gallon,2026-10-03T14:01:37+03:00
2026-10-09,CO,gasoline,Colombia,15977.25,COP,gallon,2026-10-03T14:01:37+03:00
2026-10-09,CO,gasoline_premium,Colombia,22050,COP,gallon,2026-10-03T14:01:37+03:00
2026-10-09,CO,lpg,Colombia,2490,COP,gallon,2026-10-03T14:01:37+03:00
2026-10-09,CO,premium,Colombia,22050,COP,gallon,2026-10-03T14:01:37+03:00
2026-10-09,CR,diesel,Costa Rica,688,CRC,liter,2026-10-03T14:01:37+03:00
2026-10-09,CR,gasoline,Costa Rica,707,CRC,liter,2026-10-03T14:01:37+03:00
2026-10-09,CR,gasoline_premium,Costa Rica,726,CRC,liter,2026-10-03T14:01:37+03:00
2026-10-09,CR,premium,Costa Rica,726,CRC,liter,2026-10-03T14:01:37+03:00
2026-10-09,CU,diesel,Cuba,132,CUP,liter,2026-10-03T14:01:37+03:00
2026-10-09,CU,diesel_premium,Cuba,150,CUP,liter,2026-10-03T14:01:37+03:00
2026-10-09,CU,gasoline,Cuba,132,CUP,liter,2026-10-03T14:01:37+03:00
2026-10-09,CU,gasoline_premium,Cuba,156,CUP,liter,2026-10-03T14:01:37+03:00
2026-10-09,CU,gasoline_regular,Cuba,114,CUP,liter,2026-10-03T14:01:37+03:00
2026-10-09,CU,gasoline_super,Cuba,198,CUP,liter,2026-10-03T14:01:37+03:00
2026-10-09,CU,premium,Cuba,198,CUP,liter,2026-10-03T14:01:37+03:00
2026-10-09,CV,diesel,Cape Verde,190.3,CVE,liter,2026-10-03T14:01:37+03:00
2026-10-09,CV,gasoline,Cape Verde,197.2,CVE,liter,2026-10-03T14:01:37+03:00
2026-10-09,CY,diesel,Cyprus,1.9327,EUR,liter,2026-10-03T14:01:37+03:00
2026-10-09,CY,gasoline,Cyprus,1.7336,EUR,liter,2026-10-03T14:01:37+03:00
2026-10-09,CY,gasoline_premium,Cyprus,1.778,EUR,liter,2026-10-03T14:01:37+03:00
2026-10-09,CY,premium,Cyprus,1.778,EUR,liter,2026-10-03T14:01:37+03:00
2026-10-09,CZ,cng,Czech Republic,44.8,CZK,kg,2026-10-03T14:01:37+03:00
2026-10-09,CZ,diesel,Czech Republic,49.2774,CZK,liter,2026-10-03T14:01:37+03:00
2026-10-09,CZ,diesel_premium,Czech Republic,47.5,CZK,liter,2026-10-03T14:01:37+03:00
2026-10-09,CZ,gasoline,Czech Republic,45.2136,CZK,liter,2026-10-03T14:01:37+03:00
2026-10-09,CZ,gasoline_premium,Czech Republic,48.1,CZK,liter,2026-10-03T14:01:37+03:00
2026-10-09,CZ,lpg,Czech Republic,21.4641,CZK,liter,2026-10-03T14:01:37+03:00
2026-10-09,CZ,premium,Czech Republic,48.1,CZK,liter,2026-10-03T14:01:37+03:00
2026-10-09,DE,diesel,Germany,2.3838,EUR,liter,2026-10-03T14:01:37+03:00
2026-10-09,DE,diesel_premium,Germany,2.5662,EUR,liter,2026-10-03T14:01:37+03:00
2026-10-09,DE,gasoline,Germany,2.2901,EUR,liter,2026-10-03T14:01:37+03:00
2026-10-09,DE,gasoline_premium,Germany,2.27,EUR,liter,2026-10-03T14:01:37+03:00
2026-10-09,DE,lpg,Germany,1.1395,EUR,liter,2026-10-03T14:01:37+03:00
2026-10-09,DE,premium,Germany,2.27,EUR,liter,2026-10-03T14:01:37+03:00
2026-10-09,DK,diesel,Denmark,18.8616,DKK,liter,2026-10-03T14:01:37+03:00
2026-10-09,DK,diesel_premium,Denmark,19.8028,DKK,liter,2026-10-03T14:01:37+03:00
2026-10-09,DK,gasoline,Denmark,17.7368,DKK,liter,2026-10-03T14:01:37+03:00
2026-10-09,DK,gasoline_premium,Denmark,19.5693,DKK,liter,2026-10-03T14:01:37+03:00
2026-10-09,DK,premium,Denmark,19.5693,DKK,liter,2026-10-03T14:01:37+03:00
2026-10-09,DO,diesel,Dominican Republic,270.8,DOP,gallon,2026-10-03T14:01:37+03:00
2026-10-09,DO,diesel_premium,Dominican Republic,306.1,DOP,gallon,2026-10-03T14:01:37+03:00
2026-10-09,DO,gasoline,Dominican Republic,317.5,DOP,gallon,2026-10-03T14:01:37+03:00
2026-10-09,DO,gasoline_premium,Dominican Republic,353.1,DOP,gallon,2026-10-03T14:01:37+03:00
2026-10-09,DO,kerosene,Dominican Republic,380.1,DOP,gallon,2026-10-03T14:01:37+03:00
2026-10-09,DO,lpg,Dominican Republic,135.2,DOP,gallon,2026-10-03T14:01:37+03:00
2026-10-09,DO,premium,Dominican Republic,353.1,DOP,gallon,2026-10-03T14:01:37+03:00
2026-10-09,DZ,diesel,Algeria,31,DZD,liter,2026-10-03T14:01:37+03:00
2026-10-09,DZ,gasoline,Algeria,47,DZD,liter,2026-10-03T14:01:37+03:00
2026-10-09,DZ,lpg,Algeria,12.3846,DZD,liter,2026-10-03T14:01:37+03:00
2026-10-09,EC,diesel,Ecuador,3.15,USD,gallon,2026-10-03T14:01:37+03:00
2026-10-09,EC,gasoline,Ecuador,3.21,USD,gallon,2026-10-03T14:01:37+03:00
2026-10-09,EC,gasoline_premium,Ecuador,4.74,USD,gallon,2026-10-03T14:01:37+03:00
2026-10-09,EC,premium,Ecuador,4.74,USD,gallon,2026-10-03T14:01:37+03:00
2026-10-09,EE,diesel,Estonia,2.1039,EUR,liter,2026-10-03T14:01:37+03:00
2026-10-09,EE,gasoline,Estonia,1.9248,EUR,liter,2026-10-03T14:01:37+03:00
2026-10-09,EE,gasoline_premium,Estonia,1.986,EUR,liter,2026-10-03T14:01:37+03:00
2026-10-09,EE,lpg,Estonia,1.0032,EUR,liter,2026-10-03T14:01:37+03:00
2026-10-09,EE,premium,Estonia,1.986,EUR,liter,2026-10-03T14:01:37+03:00
2026-10-09,EG,diesel,Egypt,20.5,EGP,liter,2026-10-03T14:01:37+03:00
2026-10-09,EG,gasoline,Egypt,22.25,EGP,liter,2026-10-03T14:01:37+03:00
2026-10-09,EG,gasoline_premium,Egypt,24,EGP,liter,2026-10-03T14:01:37+03:00
2026-10-09,EG,gasoline_regular,Egypt,20.75,EGP,liter,2026-10-03T14:01:37+03:00
2026-10-09,EG,kerosene,Egypt,20.5,EGP,liter,2026-10-03T14:01:37+03:00
2026-10-09,EG,premium,Egypt,24,EGP,liter,2026-10-03T14:01:37+03:00
2026-10-09,ES,cng,Spain,1.8815,EUR,kg,2026-10-03T14:01:37+03:00
2026-10-09,ES,diesel,Spain,1.9597,EUR,liter,2026-10-03T14:01:37+03:00
2026-10-09,ES,diesel_premium,Spain,2.0549,EUR,liter,2026-10-03T14:01:37+03:00
2026-10-09,ES,gasoline,Spain,1.8722,EUR,liter,2026-10-03T14:01:37+03:00
2026-10-09,ES,gasoline_premium,Spain,1.9815,EUR,liter,2026-10-03T14:01:37+03:00
2026-10-09,ES,lpg,Spain,1.128,EUR,liter,2026-10-03T14:01:37+03:00
2026-10-09,ES,premium,Spain,1.9815,EUR,liter,2026-10-03T14:01:37+03:00
2026-10-09,ET,diesel,Ethiopia,180.46,ETB,liter,2026-10-03T14:01:37+03:00
2026-10-09,ET,gasoline,Ethiopia,167.41,ETB,liter,2026-10-03T14:01:37+03:00
2026-10-09,ET,kerosene,Ethiopia,320.66,ETB,liter,2026-10-03T14:01:37+03:00
2026-10-09,FI,diesel,Finland,2.4898,EUR,liter,2026-10-03T14:01:37+03:00
2026-10-09,FI,gasoline,Finland,2.2984,EUR,liter,2026-10-03T14:01:37+03:00
2026-10-09,FI,gasoline_premium,Finland,2.359,EUR,liter,2026-10-03T14:01:37+03:00
2026-10-09,FI,premium,Finland,2.359,EUR,liter,2026-10-03T14:01:37+03:00
2026-10-09,FJ,diesel,Fiji,3.41,FJD,liter,2026-10-03T14:01:37+03:00
2026-10-09,FJ,gasoline,Fiji,3.15,FJD,liter,2026-10-03T14:01:37+03:00
2026-10-09,FJ,kerosene,Fiji,2.67,FJD,liter,2026-10-03T14:01:37+03:00
2026-10-09,FM,diesel,Micronesia,0.9344,EUR,liter,2026-05-02T15:49:36+03:00
2026-10-09,FM,gasoline,Micronesia,0.9794,EUR,liter,2026-05-02T15:49:36+03:00
2026-10-09,FO,diesel,Faroe Islands,16.13,DKK,liter,2026-10-03T14:01:37+03:00
2026-10-09,FO,gasoline,Faroe Islands,15.56,DKK,liter,2026-10-03T14:01:37+03:00
2026-10-09,FO,gasoline_premium,Faroe Islands,18.45,DKK,liter,2026-10-03T14:01:37+03:00
2026-10-09,FO,premium,Faroe Islands,18.45,DKK,liter,2026-10-03T14:01:37+03:00
2026-10-09,FR,diesel,France,2.3833,EUR,liter,2026-10-03T14:01:37+03:00
2026-10-09,FR,diesel_premium,France,2.377,EUR,liter,2026-10-03T14:01:37+03:00
2026-10-09,FR,e85,France,0.8965,EUR,liter,2026-10-03T14:01:37+03:00
2026-10-09,FR,gasoline,France,2.1884,EUR,liter,2026-10-03T14:01:37+03:00
2026-10-09,FR,gasoline_premium,France,2.2584,EUR,liter,2026-10-03T14:01:37+03:00
2026-10-09,FR,lpg,France,1.0495,EUR,liter,2026-10-03T14:01:37+03:00
2026-10-09,FR,premium,France,2.2584,EUR,liter,2026-10-03T14:01:37+03:00
2026-10-09,GB,diesel,United Kingdom,1.991,GBP,liter,2026-10-03T14:01:37+03:00
2026-10-09,GB,diesel_premium,United Kingdom,2.1822,GBP,liter,2026-10-03T14:01:37+03:00
2026-10-09,GB,gasoline,United Kingdom,1.7454,GBP,liter,2026-10-03T14:01:37+03:00
2026-10-09,GB,gasoline_premium,United Kingdom,1.9315,GBP,liter,2026-10-03T14:01:37+03:00
2026-10-09,GB,lpg,United Kingdom,0.98,GBP,liter,2026-10-03T14:01:37+03:00
2026-10-09,GB,premium,United Kingdom,1.9315,GBP,liter,2026-10-03T14:01:37+03:00
2026-10-09,GD,diesel,Grenada,17,XCD,imperial_gallon,2026-10-03T14:01:37+03:00
2026-10-09,GD,gasoline,Grenada,17,XCD,imperial_gallon,2026-10-03T14:01:37+03:00
2026-10-09,GD,kerosene,Grenada,16.86,XCD,imperial_gallon,2026-10-03T14:01:37+03:00
2026-10-09,GE,cng,Georgia,1.6,GEL,m3,2026-10-03T14:01:37+03:00
2026-10-09,GE,diesel,Georgia,4.7853,GEL,liter,2026-10-03T14:01:37+03:00
2026-10-09,GE,diesel_premium,Georgia,4.9204,GEL,liter,2026-10-03T14:01:37+03:00
2026-10-09,GE,gasoline,Georgia,4.1876,GEL,liter,2026-10-03T14:01:37+03:00
2026-10-09,GE,gasoline_premium,Georgia,4.5531,GEL,liter,2026-10-03T14:01:37+03:00
2026-10-09,GE,gasoline_regular,Georgia,3.91,GEL,liter,2026-10-03T14:01:37+03:00
2026-10-09,GE,lpg,Georgia,1.9108,GEL,liter,2026-10-03T14:01:37+03:00
2026-10-09,GE,premium,Georgia,4.5531,GEL,liter,2026-10-03T14:01:37+03:00
2026-10-09,GH,diesel,Ghana,18.1923,GHS,liter,2026-10-03T14:01:37+03:00
2026-10-09,GH,gasoline,Ghana,16.823,GHS,liter,2026-10-03T14:01:37+03:00
2026-10-09,GH,gasoline_premium,Ghana,19.0829,GHS,liter,2026-10-03T14:01:37+03:00
2026-10-09,GH,kerosene,Ghana,18.38,GHS,liter,2026-10-03T14:01:37+03:00
2026-10-09,GH,lpg,Ghana,16.562,GHS,kg,2026-10-03T14:01:37+03:00
2026-10-09,GH,premium,Ghana,19.0829,GHS,liter,2026-10-03T14:01:37+03:00
2026-10-09,GM,diesel,Gambia,120,GMD,liter,2026-10-03T14:01:37+03:00
2026-10-09,GM,gasoline,Gambia,109.8,GMD,liter,2026-10-03T14:01:37+03:00
2026-10-09,GM,kerosene,Gambia,112.64,GMD,liter,2026-10-03T14:01:37+03:00
2026-10-09,GN,diesel,Guinea,12000,GNF,liter,2026-10-03T14:01:37+03:00
2026-10-09,GN,gasoline,Guinea,12000,GNF,liter,2026-10-03T14:01:37+03:00
2026-10-09,GR,diesel,Greece,2.1336,EUR,liter,2026-10-03T14:01:37+03:00
2026-10-09,GR,diesel_premium,Greece,2.22,EUR,liter,2026-10-03T14:01:37+03:00
2026-10-09,GR,gasoline,Greece,2.2094,EUR,liter,2026-10-03T14:01:37+03:00
2026-10-09,GR,gasoline_super,Greece,2.421,EUR,liter,2026-10-03T14:01:37+03:00
2026-10-09,GR,lpg,Greece,1.0952,EUR,liter,2026-10-03T14:01:37+03:00
2026-10-09,GR,premium,Greece,2.421,EUR,liter,2026-10-03T14:01:37+03:00
2026-10-09,GT,diesel,Guatemala,45.6154,GTQ,gallon,2026-10-03T14:01:37+03:00
2026-10-09,GT,gasoline,Guatemala,39.2108,GTQ,gallon,2026-10-03T14:01:37+03:00
2026-10-09,GT,gasoline_premium,Guatemala,40.9462,GTQ,gallon,2026-10-03T14:01:37+03:00
2026-10-09,GT,premium,Guatemala,40.9462,GTQ,gallon,2026-10-03T14:01:37+03:00
2026-10-09,GW,diesel,Guinea-Bissau,898,XOF,liter,2026-10-03T14:01:37+03:00
2026-10-09,GW,gasoline,Guinea-Bissau,899,XOF,liter,2026-10-03T14:01:37+03:00
2026-10-09,GY,diesel,Guyana,318,GYD,liter,2026-10-03T14:01:37+03:00
2026-10-09,GY,gasoline,Guyana,258,GYD,liter,2026-10-03T14:01:37+03:00
2026-10-09,GY,kerosene,Guyana,230,GYD,liter,2026-10-03T14:01:37+03:00
2026-10-09,HK,diesel,Hong Kong,37.18,HKD,liter,2026-10-03T14:01:37+03:00
2026-10-09,HK,gasoline,Hong Kong,34.62,HKD,liter,2026-10-03T14:01:37+03:00
2026-10-09,HK,gasoline_premium,Hong Kong,36.33,HKD,liter,2026-10-03T14:01:37+03:00
2026-10-09,HK,lpg,Hong Kong,4.19,HKD,liter,2026-10-03T14:01:37+03:00
2026-10-09,HK,premium,Hong Kong,36.33,HKD,liter,2026-10-03T14:01:37+03:00
2026-10-09,HN,diesel,Honduras,148.01,HNL,gallon,2026-10-03T14:01:37+03:00
2026-10-09,HN,gasoline,Honduras,130.51,HNL,gallon,2026-10-03T14:01:37+03:00
2026-10-09,HN,gasoline_premium,Honduras,143.73,HNL,gallon,2026-10-03T14:01:37+03:00
2026-10-09,HN,kerosene,Honduras,129.86,HNL,gallon,2026-10-03T14:01:37+03:00
2026-10-09,HN,lpg,Honduras,49.94,HNL,gallon,2026-10-03T14:01:37+03:00
2026-10-09,HN,premium,Honduras,143.73,HNL,gallon,2026-10-03T14:01:37+03:00
2026-10-09,HR,diesel,Croatia,1.9354,EUR,liter,2026-10-03T14:01:37+03:00
2026-10-09,HR,diesel_premium,Croatia,2.125,EUR,liter,2026-10-03T14:01:37+03:00
2026-10-09,HR,gasoline,Croatia,1.7792,EUR,liter,2026-10-03T14:01:37+03:00
2026-10-09,HR,gasoline_super,Croatia,2.3833,EUR,liter,2026-10-03T14:01:37+03:00
2026-10-09,HR,lpg,Croatia,0.8465,EUR,liter,2026-10-03T14:01:37+03:00
2026-10-09,HR,premium,Croatia,2.3833,EUR,liter,2026-10-03T14:01:37+03:00
2026-10-09,HT,diesel,Haiti,203.4126,HTG,liter,2026-10-03T14:01:37+03:00
2026-10-09,HT,gasoline,Haiti,184.9205,HTG,liter,2026-10-03T14:01:37+03:00
2026-10-09,HT,kerosene,Haiti,202.0917,HTG,liter,2026-10-03T14:01:37+03:00
2026-10-09,HU,cng,Hungary,850,HUF,kg,2026-10-03T14:01:37+03:00
2026-10-09,HU,diesel,Hungary,709.6429,HUF,liter,2026-10-03T14:01:37+03:00
2026-10-09,HU,diesel_premium,Hungary,806,HUF,liter,2026-10-03T14:01:37+03:00
2026-10-09,HU,gasoline,Hungary,632.3214,HUF,liter,2026-10-03T14:01:37+03:00
2026-10-09,HU,gasoline_premium,Hungary,720,HUF,liter,2026-10-03T14:01:37+03:00
2026-10-09,HU,lpg,Hungary,351.3478,HUF,liter,2026-10-03T14:01:37+03:00
2026-10-09,HU,premium,Hungary,720,HUF,liter,2026-10-03T14:01:37+03:00
2026-10-09,ID,diesel,Indonesia,24007.6923,IDR,liter,2026-10-03T14:01:37+03:00
2026-10-09,ID,gasoline,Indonesia,16165.3846,IDR,liter,2026-10-03T14:01:37+03:00
2026-10-09,ID,gasoline_premium,Indonesia,19846.1538,IDR,liter,2026-10-03T14:01:37+03:00
2026-10-09,ID,premium,Indonesia,19846.1538,IDR,liter,2026-10-03T14:01:37+03:00
2026-10-09,IE,diesel,Ireland,2.0396,EUR,liter,2026-10-03T14:01:37+03:00
2026-10-09,IE,gasoline,Ireland,1.9168,EUR,liter,2026-10-03T14:01:37+03:00
2026-10-09,IL,diesel,Israel,7.8873,ILS,liter,2026-10-03T14:01:37+03:00
2026-10-09,IL,gasoline,Israel,8.27,ILS,liter,2026-10-03T14:01:37+03:00
2026-10-09,IN,cng,India,86.98,INR,kg,2026-10-03T14:01:37+03:00
2026-10-09,IN,diesel,India,95.2,INR,liter,2026-10-03T14:01:37+03:00
2026-10-09,IN,gasoline,India,102.12,INR,liter,2026-10-03T14:01:37+03:00
2026-10-09,IQ,diesel,Iraq,400,IQD,liter,2026-10-03T14:01:37+03:00
2026-10-09,IQ,gasoline,Iraq,850,IQD,liter,2026-10-03T14:01:37+03:00
2026-10-09,IQ,gasoline_regular,Iraq,450,IQD,liter,2026-10-03T14:01:37+03:00
2026-10-09,IQ,gasoline_super,Iraq,1250,IQD,liter,2026-10-03T14:01:37+03:00
2026-10-09,IQ,kerosene,Iraq,150,IQD,liter,2026-10-03T14:01:37+03:00
2026-10-09,IQ,premium,Iraq,1250,IQD,liter,2026-10-03T14:01:37+03:00
2026-10-09,IS,diesel,Iceland,315.5164,ISK,liter,2026-10-03T14:01:37+03:00
2026-10-09,IS,gasoline,Iceland,272.4611,ISK,liter,2026-10-03T14:01:37+03:00
2026-10-09,IT,cng,Italy,1.8986,EUR,kg,2026-10-03T14:01:37+03:00
2026-10-09,IT,diesel,Italy,2.3038,EUR,liter,2026-10-03T14:01:37+03:00
2026-10-09,IT,diesel_premium,Italy,2.3928,EUR,liter,2026-10-03T14:01:37+03:00
2026-10-09,IT,gasoline,Italy,2.1071,EUR,liter,2026-10-03T14:01:37+03:00
2026-10-09,IT,gasoline_premium,Italy,2.2596,EUR,liter,2026-10-03T14:01:37+03:00
2026-10-09,IT,gasoline_super,Italy,2.3859,EUR,liter,2026-10-03T14:01:37+03:00
2026-10-09,IT,lpg,Italy,0.7529,EUR,liter,2026-10-03T14:01:37+03:00
2026-10-09,IT,premium,Italy,2.3859,EUR,liter,2026-10-03T14:01:37+03:00
2026-10-09,JM,diesel,Jamaica,264.7052,JMD,liter,2026-10-03T14:01:37+03:00
2026-10-09,JM,gasoline,Jamaica,230.1764,JMD,liter,2026-10-03T14:01:37+03:00
2026-10-09,JM,gasoline_premium,Jamaica,240.8293,JMD,liter,2026-10-03T14:01:37+03:00
2026-10-09,JM,kerosene,Jamaica,217.6659,JMD,liter,2026-10-03T14:01:37+03:00
2026-10-09,JM,premium,Jamaica,240.8293,JMD,liter,2026-10-03T14:01:37+03:00
2026-10-09,JO,diesel,Jordan,0.9,JOD,liter,2026-10-03T14:01:37+03:00
2026-10-09,JO,gasoline,Jordan,1.05,JOD,liter,2026-10-03T14:01:37+03:00
2026-10-09,JO,gasoline_premium,Jordan,1.36,JOD,liter,2026-10-03T14:01:37+03:00
2026-10-09,JO,gasoline_super,Jordan,1.51,JOD,liter,2026-10-03T14:01:37+03:00
2026-10-09,JO,kerosene,Jordan,0.55,JOD,liter,2026-10-03T14:01:37+03:00
2026-10-09,JO,premium,Jordan,1.51,JOD,liter,2026-10-03T14:01:37+03:00
2026-10-09,JP,diesel,Japan,151.9804,JPY,liter,2026-10-03T14:01:37+03:00
2026-10-09,JP,gasoline,Japan,163.6431,JPY,liter,2026-10-03T14:01:37+03:00
2026-10-09,JP,gasoline_premium,Japan,174.3922,JPY,liter,2026-10-03T14:01:37+03:00
2026-10-09,JP,lpg,Japan,138.2,JPY,liter,2026-10-03T14:01:37+03:00
2026-10-09,JP,premium,Japan,174.3922,JPY,liter,2026-10-03T14:01:37+03:00
2026-10-09,KE,diesel,Kenya,217,KES,liter,2026-10-03T14:01:37+03:00
2026-10-09,KE,gasoline,Kenya,214,KES,liter,2026-10-03T14:01:37+03:00
2026-10-09,KE,kerosene,Kenya,191.38,KES,liter,2026-10-03T14:01:37+03:00
2026-10-09,KG,diesel,Kyrgyzstan,100.3739,KGS,liter,2026-10-03T14:01:37+03:00
2026-10-09,KG,gasoline,Kyrgyzstan,88.4106,KGS,liter,2026-10-03T14:01:37+03:00
2026-10-09,KG,gasoline_premium,Kyrgyzstan,109.8533,KGS,liter,2026-10-03T14:01:37+03:00
2026-10-09,KG,gasoline_super,Kyrgyzstan,149.9,KGS,liter,2026-10-03T14:01:37+03:00
2026-10-09,KG,lpg,Kyrgyzstan,48.8,KGS,liter,2026-10-03T14:01:37+03:00
2026-10-09,KG,premium,Kyrgyzstan,149.9,KGS,liter,2026-10-03T14:01:37+03:00
2026-10-09,KH,diesel,Cambodia,5800,KHR,liter,2026-10-03T14:01:37+03:00
2026-10-09,KH,gasoline,Cambodia,5183.3333,KHR,liter,2026-10-03T14:01:37+03:00
2026-10-09,KH,gasoline_premium,Cambodia,6250,KHR,liter,2026-10-03T14:01:37+03:00
2026-10-09,KH,premium,Cambodia,6250,KHR,liter,2026-10-03T14:01:37+03:00
2026-10-09,KN,gasoline,Saint Kitts and Nevis,16.93,XCD,imperial_gallon,2026-10-03T14:01:37+03:00
2026-10-09,KR,diesel,South Korea,1843.5816,KRW,liter,2026-10-03T14:01:37+03:00
2026-10-09,KR,gasoline,South Korea,1857.8413,KRW,liter,2026-10-03T14:01:37+03:00
2026-10-09,KR,gasoline_premium,South Korea,2343.5,KRW,liter,2026-10-03T14:01:37+03:00
2026-10-09,KR,kerosene,South Korea,1572.65,KRW,liter,2026-10-03T14:01:37+03:00
2026-10-09,KR,lpg,South Korea,1096.37,KRW,liter,2026-10-03T14:01:37+03:00
2026-10-09,KR,premium,South Korea,2343.5,KRW,liter,2026-10-03T14:01:37+03:00
2026-10-09,KU,diesel,Kurdistan Region,1350,IQD,liter,2026-10-03T14:01:37+03:00
2026-10-09,KU,gasoline,Kurdistan Region,1080,IQD,liter,2026-10-03T14:01:37+03:00
2026-10-09,KU,gasoline_premium,Kurdistan Region,1450,IQD,liter,2026-10-03T14:01:37+03:00
2026-10-09,KU,premium,Kurdistan Region,1450,IQD,liter,2026-10-03T14:01:37+03:00
2026-10-09,KW,diesel,Kuwait,0.115,KWD,liter,2026-10-03T14:01:37+03:00
2026-10-09,KW,gasoline,Kuwait,0.085,KWD,liter,2026-10-03T14:01:37+03:00
2026-10-09,KW,gasoline_premium,Kuwait,0.105,KWD,liter,2026-10-03T14:01:37+03:00
2026-10-09,KW,gasoline_super,Kuwait,0.275,KWD,liter,2026-10-03T14:01:37+03:00
2026-10-09,KW,kerosene,Kuwait,0.115,KWD,liter,2026-10-03T14:01:37+03:00
2026-10-09,KW,premium,Kuwait,0.275,KWD,liter,2026-10-03T14:01:37+03:00
2026-10-09,KY,diesel,Cayman Islands,6.37,KYD,imperial_gallon,2026-10-03T14:01:37+03:00
2026-10-09,KY,gasoline,Cayman Islands,5.78,KYD,imperial_gallon,2026-10-03T14:01:37+03:00
2026-10-09,KY,gasoline_premium,Cayman Islands,6.37,KYD,imperial_gallon,2026-10-03T14:01:37+03:00
2026-10-09,KY,premium,Cayman Islands,6.37,KYD,imperial_gallon,2026-10-03T14:01:37+03:00
2026-10-09,KZ,diesel,Kazakhstan,342.0059,KZT,liter,2026-10-03T14:01:37+03:00
2026-10-09,KZ,gasoline,Kazakhstan,312.2797,KZT,liter,2026-10-03T14:01:37+03:00
2026-10-09,KZ,gasoline_premium,Kazakhstan,352.7256,KZT,liter,2026-10-03T14:01:37+03:00
2026-10-09,KZ,gasoline_regular,Kazakhstan,245.6149,KZT,liter,2026-10-03T14:01:37+03:00
2026-10-09,KZ,lpg,Kazakhstan,105.1485,KZT,liter,2026-10-03T14:01:37+03:00
2026-10-09,KZ,premium,Kazakhstan,352.7256,KZT,liter,2026-10-03T14:01:37+03:00
2026-10-09,LA,diesel,Laos,33898.463,LAK,liter,2026-10-03T14:01:37+03:00
2026-10-09,LA,gasoline,Laos,34458.5407,LAK,liter,2026-10-03T14:01:37+03:00
2026-10-09,LA,gasoline_premium,Laos,43380,LAK,liter,2026-10-03T14:01:37+03:00
2026-10-09,LA,premium,Laos,43380,LAK,liter,2026-10-03T14:01:37+03:00
2026-10-09,LB,diesel,Lebanon,136300,LBP,liter,2026-10-03T14:01:37+03:00
2026-10-09,LB,gasoline,Lebanon,141850,LBP,liter,2026-10-03T14:01:37+03:00
2026-10-09,LB,gasoline_premium,Lebanon,142700,LBP,liter,2026-10-03T14:01:37+03:00
2026-10-09,LB,lpg,Lebanon,66650,LBP,liter,2026-10-03T14:01:37+03:00
2026-10-09,LB,premium,Lebanon,142700,LBP,liter,2026-10-03T14:01:37+03:00
2026-10-09,LC,diesel,Saint Lucia,3.79,XCD,liter,2026-10-03T14:01:37+03:00
2026-10-09,LC,gasoline,Saint Lucia,3.79,XCD,liter,2026-10-03T14:01:37+03:00
2026-10-09,LC,kerosene,Saint Lucia,2.29,XCD,liter,2026-10-03T14:01:37+03:00
2026-10-09,LI,diesel,Liechtenstein,2.3393,CHF,liter,2026-10-03T14:01:37+03:00
2026-10-09,LI,gasoline,Liechtenstein,2.12,CHF,liter,2026-10-03T14:01:37+03:00
2026-10-09,LI,gasoline_premium,Liechtenstein,2.22,CHF,liter,2026-10-03T14:01:37+03:00
2026-10-09,LI,premium,Liechtenstein,2.22,CHF,liter,2026-10-03T14:01:37+03:00
2026-10-09,LK,diesel,Sri Lanka,392,LKR,liter,2026-10-03T14:01:37+03:00
2026-10-09,LK,diesel_premium,Sri Lanka,528,LKR,liter,2026-10-03T14:01:37+03:00
2026-10-09,LK,gasoline,Sri Lanka,414,LKR,liter,2026-10-03T14:01:37+03:00
2026-10-09,LK,gasoline_premium,Sri Lanka,475,LKR,liter,2026-10-03T14:01:37+03:00
2026-10-09,LK,kerosene,Sri Lanka,285,LKR,liter,2026-10-03T14:01:37+03:00
2026-10-09,LK,premium,Sri Lanka,475,LKR,liter,2026-10-03T14:01:37+03:00
2026-10-09,LR,diesel,Liberia,315.0112,LRD,liter,2026-10-03T14:01:37+03:00
2026-10-09,LR,gasoline,Liberia,257.6771,LRD,liter,2026-10-03T14:01:37+03:00
2026-10-09,LS,diesel,Lesotho,30.95,LSL,liter,2026-10-03T14:01:37+03:00
2026-10-09,LS,gasoline,Lesotho,24.5,LSL,liter,2026-10-03T14:01:37+03:00
2026-10-09,LS,gasoline_premium,Lesotho,24.8,LSL,liter,2026-10-03T14:01:37+03:00
2026-10-09,LS,premium,Lesotho,24.8,LSL,liter,2026-10-03T14:01:37+03:00
2026-10-09,LT,diesel,Lithuania,2.2298,EUR,liter,2026-10-03T14:01:37+03:00
2026-10-09,LT,diesel_premium,Lithuania,2.296,EUR,liter,2026-10-03T14:01:37+03:00
2026-10-09,LT,gasoline,Lithuania,1.9258,EUR,liter,2026-10-03T14:01:37+03:00
2026-10-09,LT,gasoline_premium,Lithuania,2.0108,EUR,liter,2026-10-03T14:01:37+03:00
2026-10-09,LT,lpg,Lithuania,0.8155,EUR,liter,2026-10-03T14:01:37+03:00
2026-10-09,LT,premium,Lithuania,2.0108,EUR,liter,2026-10-03T14:01:37+03:00
2026-10-09,LU,diesel,Luxembourg,2.0284,EUR,liter,2026-10-03T14:01:37+03:00
2026-10-09,LU,gasoline,Luxembourg,1.8218,EUR,liter,2026-10-03T14:01:37+03:00
2026-10-09,LU,gasoline_premium,Luxembourg,1.9002,EUR,liter,2026-10-03T14:01:37+03:00
2026-10-09,LU,lpg,Luxembourg,0.8319,EUR,liter,2026-10-03T14:01:37+03:00
2026-10-09,LU,premium,Luxembourg,1.9002,EUR,liter,2026-10-03T14:01:37+03:00
2026-10-09,LV,diesel,Latvia,2.1007,EUR,liter,2026-10-03T14:01:37+03:00
2026-10-09,LV,diesel_premium,Latvia,2.2056,EUR,liter,2026-10-03T14:01:37+03:00
2026-10-09,LV,gasoline,Latvia,1.9447,EUR,liter,2026-10-03T14:01:37+03:00
2026-10-09,LV,gasoline_premium,Latvia,2.006,EUR,liter,2026-10-03T14:01:37+03:00
2026-10-09,LV,lpg,Latvia,0.9314,EUR,liter,2026-10-03T14:01:37+03:00
2026-10-09,LV,premium,Latvia,2.006,EUR,liter,2026-10-03T14:01:37+03:00
2026-10-09,MA,diesel,Morocco,15.8543,MAD,liter,2026-10-03T14:01:37+03:00
2026-10-09,MA,gasoline,Morocco,15.4189,MAD,liter,2026-10-03T14:01:37+03:00
2026-10-09,MC,diesel,Monaco,2.4837,EUR,liter,2026-10-03T14:01:37+03:00
2026-10-09,MC,gasoline,Monaco,2.2795,EUR,liter,2026-10-03T14:01:37+03:00
2026-10-09,MC,gasoline_premium,Monaco,2.3415,EUR,liter,2026-10-03T14:01:37+03:00
2026-10-09,MC,lpg,Monaco,1.15,EUR,liter,2026-10-03T14:01:37+03:00
2026-10-09,MC,premium,Monaco,2.3415,EUR,liter,2026-10-03T14:01:37+03:00
2026-10-09,MD,diesel,Moldova,35.7733,MDL,liter,2026-10-03T14:01:37+03:00
2026-10-09,MD,gasoline,Moldova,34.1367,MDL,liter,2026-10-03T14:01:37+03:00
2026-10-09,MD,lpg,Moldova,15.2,MDL,liter,2026-10-03T14:01:37+03:00
2026-10-09,ME,diesel,Montenegro,1.9381,EUR,liter,2026-10-03T14:01:37+03:00
2026-10-09,ME,gasoline,Montenegro,1.7429,EUR,liter,2026-10-03T14:01:37+03:00
2026-10-09,ME,gasoline_premium,Montenegro,1.7829,EUR,liter,2026-10-03T14:01:37+03:00
2026-10-09,ME,premium,Montenegro,1.7829,EUR,liter,2026-10-03T14:01:37+03:00
2026-10-09,MG,diesel,Madagascar,4860,MGA,liter,2026-10-03T14:01:37+03:00
2026-10-09,MG,gasoline,Madagascar,5300,MGA,liter,2026-10-03T14:01:37+03:00
2026-10-09,MG,kerosene,Madagascar,3710,MGA,liter,2026-10-03T14:01:37+03:00
2026-10-09,MK,cng,North Macedonia,88.5,MKD,kg,2026-10-03T14:01:37+03:00
2026-10-09,MK,diesel,North Macedonia,100,MKD,liter,2026-10-03T14:01:37+03:00
2026-10-09,MK,diesel_premium,North Macedonia,101,MKD,liter,2026-10-03T14:01:37+03:00
2026-10-09,MK,gasoline,North Macedonia,100,MKD,liter,2026-10-03T14:01:37+03:00
2026-10-09,MK,gasoline_premium,North Macedonia,102,MKD,liter,2026-10-03T14:01:37+03:00
2026-10-09,MK,lpg,North Macedonia,47,MKD,liter,2026-10-03T14:01:37+03:00
2026-10-09,MK,premium,North Macedonia,102,MKD,liter,2026-10-03T14:01:37+03:00
2026-10-09,MM,diesel,Myanmar,4815,MMK,liter,2026-10-03T14:01:37+03:00
2026-10-09,MM,diesel_premium,Myanmar,5795,MMK,liter,2026-10-03T14:01:37+03:00
2026-10-09,MM,gasoline,Myanmar,4540,MMK,liter,2026-10-03T14:01:37+03:00
2026-10-09,MM,gasoline_premium,Myanmar,4730,MMK,liter,2026-10-03T14:01:37+03:00
2026-10-09,MM,premium,Myanmar,4730,MMK,liter,2026-10-03T14:01:37+03:00
2026-10-09,MN,diesel,Mongolia,4895,MNT,liter,2026-10-03T14:01:37+03:00
2026-10-09,MN,gasoline,Mongolia,3118.75,MNT,liter,2026-10-03T14:01:37+03:00
2026-10-09,MN,gasoline_premium,Mongolia,5080,MNT,liter,2026-10-03T14:01:37+03:00
2026-10-09,MN,gasoline_super,Mongolia,5550,MNT,liter,2026-10-03T14:01:37+03:00
2026-10-09,MN,lpg,Mongolia,1840,MNT,liter,2026-10-03T14:01:37+03:00
2026-10-09,MN,premium,Mongolia,5550,MNT,liter,2026-10-03T14:01:37+03:00
2026-10-09,MR,diesel,Mauritania,62.13,MRU,liter,2026-09-27T14:11:38+03:00
2026-10-09,MR,gasoline,Mauritania,65.02,MRU,liter,2026-09-27T14:11:38+03:00
2026-10-09,MT,diesel,Malta,1.215,EUR,liter,2026-10-03T14:01:37+03:00
2026-10-09,MT,diesel_premium,Malta,1.31,EUR,liter,2026-10-03T14:01:37+03:00
2026-10-09,MT,gasoline,Malta,1.346,EUR,liter,2026-10-03T14:01:37+03:00
2026-10-09,MT,gasoline_premium,Malta,1.49,EUR,liter,2026-10-03T14:01:37+03:00
2026-10-09,MT,premium,Malta,1.49,EUR,liter,2026-10-03T14:01:37+03:00
2026-10-09,MU,diesel,Mauritius,75.9833,MUR,liter,2026-10-03T14:01:37+03:00
2026-10-09,MU,gasoline,Mauritius,75.35,MUR,liter,2026-10-03T14:01:37+03:00
2026-10-09,MV,diesel,Maldives,17.54,MVR,liter,2026-10-03T14:01:37+03:00
2026-10-09,MV,gasoline,Maldives,16.01,MVR,liter,2026-10-03T14:01:37+03:00
2026-10-09,MW,diesel,Malawi,5863,MWK,liter,2026-10-03T14:01:37+03:00
2026-10-09,MW,gasoline,Malawi,5619,MWK,liter,2026-10-03T14:01:37+03:00
2026-10-09,MW,kerosene,Malawi,4546.5,MWK,liter,2026-10-03T14:01:37+03:00
2026-10-09,MX,diesel,Mexico,27.0014,MXN,liter,2026-10-03T14:01:37+03:00
2026-10-09,MX,gasoline,Mexico,23.7823,MXN,liter,2026-10-03T14:01:37+03:00
2026-10-09,MX,gasoline_premium,Mexico,28.6366,MXN,liter,2026-10-03T14:01:37+03:00
2026-10-09,MX,premium,Mexico,28.6366,MXN,liter,2026-10-03T14:01:37+03:00
2026-10-09,MY,diesel,Malaysia,5.27,MYR,liter,2026-10-03T14:01:37+03:00
2026-10-09,MY,gasoline,Malaysia,4.52,MYR,liter,2026-10-03T14:01:37+03:00
2026-10-09,MY,gasoline_premium,Malaysia,5,MYR,liter,2026-10-03T14:01:37+03:00
2026-10-09,MY,premium,Malaysia,5,MYR,liter,2026-10-03T14:01:37+03:00
2026-10-09,MZ,diesel,Mozambique,116.25,MZN,liter,2026-10-03T14:01:37+03:00
2026-10-09,MZ,gasoline,Mozambique,93.69,MZN,liter,2026-10-03T14:01:37+03:00
2026-10-09,MZ,kerosene,Mozambique,97.56,MZN,liter,2026-10-03T14:01:37+03:00
2026-10-09,NA,diesel,Namibia,27.86,NAD,liter,2026-10-03T14:01:37+03:00
2026-10-09,NA,diesel_premium,Namibia,27.96,NAD,liter,2026-10-03T14:01:37+03:00
2026-10-09,NA,gasoline,Namibia,25.08,NAD,liter,2026-10-03T14:01:37+03:00
2026-10-09,NC,diesel,New Caledonia,190.6,XPF,liter,2026-10-03T14:01:37+03:00
2026-10-09,NC,gasoline,New Caledonia,182.4,XPF,liter,2026-10-03T14:01:37+03:00
2026-10-09,NE,diesel,Niger,618,XOF,liter,2026-10-03T14:01:37+03:00
2026-10-09,NE,gasoline,Niger,499,XOF,liter,2026-10-03T14:01:37+03:00
2026-10-09,NG,diesel,Nigeria,1756.7157,NGN,liter,2026-10-03T14:01:37+03:00
2026-10-09,NG,gasoline,Nigeria,1347.7671,NGN,liter,2026-10-03T14:01:37+03:00
2026-10-09,NI,diesel,Nicaragua,43.22,NIO,liter,2026-10-03T14:01:37+03:00
2026-10-09,NI,gasoline,Nicaragua,47.82,NIO,liter,2026-10-03T14:01:37+03:00
2026-10-09,NI,gasoline_premium,Nicaragua,49,NIO,liter,2026-10-03T14:01:37+03:00
2026-10-09,NI,kerosene,Nicaragua,60.36,NIO,liter,2026-10-03T14:01:37+03:00
2026-10-09,NI,premium,Nicaragua,49,NIO,liter,2026-10-03T14:01:37+03:00
2026-10-09,NL,cng,Netherlands,1.6995,EUR,kg,2026-10-03T14:01:37+03:00
2026-10-09,NL,diesel,Netherlands,2.6413,EUR,liter,2026-10-03T14:01:37+03:00
2026-10-09,NL,diesel_premium,Netherlands,2.7918,EUR,liter,2026-10-03T14:01:37+03:00
2026-10-09,NL,gasoline,Netherlands,2.5777,EUR,liter,2026-10-03T14:01:37+03:00
2026-10-09,NL,gasoline_premium,Netherlands,2.863,EUR,liter,2026-10-03T14:01:37+03:00
2026-10-09,NL,lpg,Netherlands,1.1011,EUR,liter,2026-10-03T14:01:37+03:00
2026-10-09,NL,premium,Netherlands,2.863,EUR,liter,2026-10-03T14:01:37+03:00
2026-10-09,NO,diesel,Norway,23.7723,NOK,liter,2026-10-03T14:01:37+03:00
2026-10-09,NO,gasoline,Norway,21.7546,NOK,liter,2026-10-03T14:01:37+03:00
2026-10-09,NO,gasoline_premium,Norway,27.79,NOK,liter,2026-10-03T14:01:37+03:00
2026-10-09,NO,premium,Norway,27.79,NOK,liter,2026-10-03T14:01:37+03:00
2026-10-09,NP,diesel,Nepal,200,NPR,liter,2026-10-03T14:01:37+03:00
2026-10-09,NP,gasoline,Nepal,200,NPR,liter,2026-10-03T14:01:37+03:00
2026-10-09,NP,kerosene,Nepal,200,NPR,liter,2026-10-03T14:01:37+03:00
2026-10-09,NR,diesel,Nauru,2.9032,AUD,liter,2026-10-03T14:01:37+03:00
2026-10-09,NR,gasoline,Nauru,2.4238,AUD,liter,2026-10-03T14:01:37+03:00
2026-10-09,NR,kerosene,Nauru,2.1811,AUD,liter,2026-10-03T14:01:37+03:00
2026-10-09,NZ,diesel,New Zealand,3.1293,NZD,liter,2026-10-03T14:01:37+03:00
2026-10-09,NZ,gasoline,New Zealand,3.6036,NZD,liter,2026-10-03T14:01:37+03:00
2026-10-09,NZ,gasoline_premium,New Zealand,3.7909,NZD,liter,2026-10-03T14:01:37+03:00
2026-10-09,NZ,gasoline_regular,New Zealand,3.4158,NZD,liter,2026-10-03T14:01:37+03:00
2026-10-09,NZ,gasoline_super,New Zealand,3.7743,NZD,liter,2026-10-03T14:01:37+03:00
2026-10-09,NZ,lpg,New Zealand,1.9583,NZD,liter,2026-10-03T14:01:37+03:00
2026-10-09,NZ,premium,New Zealand,3.7743,NZD,liter,2026-10-03T14:01:37+03:00
2026-10-09,OM,diesel,Oman,0.258,OMR,liter,2026-10-03T14:01:37+03:00
2026-10-09,OM,gasoline,Oman,0.239,OMR,liter,2026-10-03T14:01:37+03:00
2026-10-09,OM,gasoline_premium,Oman,0.399,OMR,liter,2026-10-03T14:01:37+03:00
2026-10-09,OM,gasoline_regular,Oman,0.229,OMR,liter,2026-10-03T14:01:37+03:00
2026-10-09,OM,premium,Oman,0.399,OMR,liter,2026-10-03T14:01:37+03:00
2026-10-09,PA,diesel,Panama,3.4069,USD,gallon,2026-10-03T14:01:37+03:00
2026-10-09,PA,gasoline,Panama,4.8718,USD,gallon,2026-10-03T14:01:37+03:00
2026-10-09,PA,gasoline_premium,Panama,5.239,USD,gallon,2026-10-03T14:01:37+03:00
2026-10-09,PA,premium,Panama,5.239,USD,gallon,2026-10-03T14:01:37+03:00
2026-10-09,PE,diesel,Peru,25.905,PEN,gallon,2026-10-03T14:01:37+03:00
2026-10-09,PE,gasoline,Peru,22.105,PEN,gallon,2026-10-03T14:01:37+03:00
2026-10-09,PE,gasoline_premium,Peru,23.305,PEN,gallon,2026-10-03T14:01:37+03:00
2026-10-09,PE,lpg,Peru,6.98,PEN,gallon,2026-10-03T14:01:37+03:00
2026-10-09,PE,premium,Peru,23.305,PEN,gallon,2026-10-03T14:01:37+03:00
2026-10-09,PF,diesel,French Polynesia,165,XPF,liter,2026-09-05T11:14:47+03:00
2026-10-09,PF,gasoline,French Polynesia,165,XPF,liter,2026-09-05T11:14:47+03:00
2026-10-09,PF,kerosene,French Polynesia,137,XPF,liter,2026-09-05T11:14:47+03:00
2026-10-09,PG,diesel,Papua New Guinea,4.9,PGK,liter,2026-10-03T14:01:37+03:00
2026-10-09,PG,gasoline,Papua New Guinea,4.9,PGK,liter,2026-10-03T14:01:37+03:00
2026-10-09,PG,kerosene,Papua New Guinea,4.9,PGK,liter,2026-10-03T14:01:37+03:00
2026-10-09,PH,diesel,Philippines,95.6979,PHP,liter,2026-10-03T14:01:37+03:00
2026-10-09,PH,diesel_premium,Philippines,99.52,PHP,liter,2026-10-03T14:01:37+03:00
2026-10-09,PH,gasoline,Philippines,89.4627,PHP,liter,2026-10-03T14:01:37+03:00
2026-10-09,PH,gasoline_premium,Philippines,91.89,PHP,liter,2026-10-03T14:01:37+03:00
2026-10-09,PH,premium,Philippines,91.89,PHP,liter,2026-10-03T14:01:37+03:00
2026-10-09,PK,diesel,Pakistan,399.64,PKR,liter,2026-10-03T14:01:37+03:00
2026-10-09,PK,gasoline,Pakistan,392.76,PKR,liter,2026-10-03T14:01:37+03:00
2026-10-09,PK,gasoline_premium,Pakistan,410,PKR,liter,2026-10-03T14:01:37+03:00
2026-10-09,PK,kerosene,Pakistan,329.54,PKR,liter,2026-10-03T14:01:37+03:00
2026-10-09,PK,lpg,Pakistan,258.65,PKR,kg,2026-10-03T14:01:37+03:00
2026-10-09,PK,premium,Pakistan,410,PKR,liter,2026-10-03T14:01:37+03:00
2026-10-09,PL,diesel,Poland,8.8534,PLN,liter,2026-10-03T14:01:37+03:00
2026-10-09,PL,diesel_premium,Poland,9.045,PLN,liter,2026-10-03T14:01:37+03:00
2026-10-09,PL,gasoline,Poland,7.8638,PLN,liter,2026-10-03T14:01:37+03:00
2026-10-09,PL,gasoline_premium,Poland,8.5706,PLN,liter,2026-10-03T14:01:37+03:00
2026-10-09,PL,lpg,Poland,3.2125,PLN,liter,2026-10-03T14:01:37+03:00
2026-10-09,PL,premium,Poland,8.5706,PLN,liter,2026-10-03T14:01:37+03:00
2026-10-09,PS,diesel,Palestine,7.9025,ILS,liter,2026-10-03T14:01:37+03:00
2026-10-09,PS,gasoline_premium,Palestine,7.8667,ILS,liter,2026-10-03T14:01:37+03:00
2026-10-09,PS,gasoline_super,Palestine,8.785,ILS,liter,2026-10-03T14:01:37+03:00
2026-10-09,PS,kerosene,Palestine,7.9025,ILS,liter,2026-10-03T14:01:37+03:00
2026-10-09,PS,premium,Palestine,8.785,ILS,liter,2026-10-03T14:01:37+03:00
2026-10-09,PT,diesel,Portugal,2.2098,EUR,liter,2026-10-03T14:01:37+03:00
2026-10-09,PT,diesel_premium,Portugal,2.2447,EUR,liter,2026-10-03T14:01:37+03:00
2026-10-09,PT,gasoline,Portugal,2.0953,EUR,liter,2026-10-03T14:01:37+03:00
2026-10-09,PT,gasoline_premium,Portugal,2.274,EUR,liter,2026-10-03T14:01:37+03:00
2026-10-09,PT,lpg,Portugal,0.9121,EUR,liter,2026-10-03T14:01:37+03:00
2026-10-09,PT,premium,Portugal,2.274,EUR,liter,2026-10-03T14:01:37+03:00
2026-10-09,PY,diesel,Paraguay,8927.1429,PYG,liter,2026-10-03T14:01:37+03:00
2026-10-09,PY,diesel_premium,Paraguay,10821.4286,PYG,liter,2026-10-03T14:01:37+03:00
2026-10-09,PY,gasoline,Paraguay,7132.8571,PYG,liter,2026-10-03T14:01:37+03:00
2026-10-09,PY,gasoline_premium,Paraguay,9040,PYG,liter,2026-10-03T14:01:37+03:00
2026-10-09,PY,lpg,Paraguay,4900,PYG,liter,2026-10-03T14:01:37+03:00
2026-10-09,PY,premium,Paraguay,9040,PYG,liter,2026-10-03T14:01:37+03:00
2026-10-09,QA,diesel,Qatar,2.05,QAR,liter,2026-10-03T14:01:37+03:00
2026-10-09,QA,gasoline,Qatar,1.95,QAR,liter,2026-10-03T14:01:37+03:00
2026-10-09,QA,gasoline_premium,Qatar,2.1,QAR,liter,2026-10-03T14:01:37+03:00
2026-10-09,QA,premium,Qatar,2.1,QAR,liter,2026-10-03T14:01:37+03:00
2026-10-09,RO,diesel,Romania,10.9584,RON,liter,2026-10-03T14:01:37+03:00
2026-10-09,RO,diesel_premium,Romania,11.4604,RON,liter,2026-10-03T14:01:37+03:00
2026-10-09,RO,gasoline,Romania,9.9961,RON,liter,2026-10-03T14:01:37+03:00
2026-10-09,RO,gasoline_premium,Romania,10.6081,RON,liter,2026-10-03T14:01:37+03:00
2026-10-09,RO,lpg,Romania,4.7365,RON,liter,2026-10-03T14:01:37+03:00
2026-10-09,RO,premium,Romania,10.6081,RON,liter,2026-10-03T14:01:37+03:00
2026-10-09,RS,diesel,Serbia,236,RSD,liter,2026-10-03T14:01:37+03:00
2026-10-09,RS,diesel_premium,Serbia,251.95,RSD,liter,2026-10-03T14:01:37+03:00
2026-10-09,RS,gasoline,Serbia,207,RSD,liter,2026-10-03T14:01:37+03:00
2026-10-09,RS,gasoline_premium,Serbia,229.9,RSD,liter,2026-10-03T14:01:37+03:00
2026-10-09,RS,gasoline_super,Serbia,230.3469,RSD,liter,2026-10-03T14:01:37+03:00
2026-10-09,RS,lpg,Serbia,107.9719,RSD,liter,2026-10-03T14:01:37+03:00
2026-10-09,RS,premium,Serbia,230.3469,RSD,liter,2026-10-03T14:01:37+03:00
2026-10-09,RU,cng,Russia,30.3983,RUB,m3,2026-10-03T14:01:37+03:00
2026-10-09,RU,diesel,Russia,83.8862,RUB,liter,2026-10-03T14:01:37+03:00
2026-10-09,RU,diesel_premium,Russia,81.8969,RUB,liter,2026-10-03T14:01:37+03:00
2026-10-09,RU,gasoline,Russia,87.8238,RUB,liter,2026-10-03T14:01:37+03:00
2026-10-09,RU,gasoline_premium,Russia,96.2582,RUB,liter,2026-10-03T14:01:37+03:00
2026-10-09,RU,gasoline_regular,Russia,80.0884,RUB,liter,2026-10-03T14:01:37+03:00
2026-10-09,RU,gasoline_super,Russia,109.5957,RUB,liter,2026-10-03T14:01:37+03:00
2026-10-09,RU,lpg,Russia,44.237,RUB,liter,2026-10-03T14:01:37+03:00
2026-10-09,RU,premium,Russia,109.5957,RUB,liter,2026-10-03T14:01:37+03:00
2026-10-09,RW,diesel,Rwanda,2927,RWF,liter,2026-10-03T14:01:37+03:00
2026-10-09,RW,gasoline,Rwanda,2938,RWF,liter,2026-10-03T14:01:37+03:00
2026-10-09,SA,diesel,Saudi Arabia,1.79,SAR,liter,2026-10-03T14:01:37+03:00
2026-10-09,SA,gasoline,Saudi Arabia,2.18,SAR,liter,2026-10-03T14:01:37+03:00
2026-10-09,SA,gasoline_premium,Saudi Arabia,2.33,SAR,liter,2026-10-03T14:01:37+03:00
2026-10-09,SA,gasoline_super,Saudi Arabia,4.64,SAR,liter,2026-10-03T14:01:37+03:00
2026-10-09,SA,kerosene,Saudi Arabia,1.75,SAR,liter,2026-10-03T14:01:37+03:00
2026-10-09,SA,premium,Saudi Arabia,4.64,SAR,liter,2026-10-03T14:01:37+03:00
2026-10-09,SB,diesel,Solomon Islands,13.4759,SBD,liter,2026-10-03T14:01:37+03:00
2026-10-09,SB,gasoline,Solomon Islands,11.1771,SBD,liter,2026-10-03T14:01:37+03:00
2026-10-09,SB,kerosene,Solomon Islands,14.2583,SBD,liter,2026-10-03T14:01:37+03:00
2026-10-09,SC,diesel,Seychelles,25.19,SCR,liter,2026-10-03T14:01:37+03:00
2026-10-09,SC,gasoline,Seychelles,24.68,SCR,liter,2026-10-03T14:01:37+03:00
2026-10-09,SC,kerosene,Seychelles,30,SCR,liter,2026-10-03T14:01:37+03:00
2026-10-09,SE,diesel,Sweden,22.8077,SEK,liter,2026-10-03T14:01:37+03:00
2026-10-09,SE,e85,Sweden,15.465,SEK,liter,2026-10-03T14:01:37+03:00
2026-10-09,SE,gasoline,Sweden,18.765,SEK,liter,2026-10-03T14:01:37+03:00
2026-10-09,SE,gasoline_premium,Sweden,19.315,SEK,liter,2026-10-03T14:01:37+03:00
2026-10-09,SE,premium,Sweden,19.315,SEK,liter,2026-10-03T14:01:37+03:00
2026-10-09,SG,diesel,Singapore,4.0141,SGD,liter,2026-10-03T14:01:37+03:00
2026-10-09,SG,gasoline,Singapore,3.5355,SGD,liter,2026-10-03T14:01:37+03:00
2026-10-09,SG,gasoline_premium,Singapore,4.163,SGD,liter,2026-10-03T14:01:37+03:00
2026-10-09,SG,gasoline_regular,Singapore,3.51,SGD,liter,2026-10-03T14:01:37+03:00
2026-10-09,SG,premium,Singapore,4.163,SGD,liter,2026-10-03T14:01:37+03:00
2026-10-09,SI,diesel,Slovenia,1.9545,EUR,liter,2026-10-03T14:01:37+03:00
2026-10-09,SI,diesel_premium,Slovenia,2.453,EUR,liter,2026-10-03T14:01:37+03:00
2026-10-09,SI,gasoline,Slovenia,1.7242,EUR,liter,2026-10-03T14:01:37+03:00
2026-10-09,SI,gasoline_premium,Slovenia,2.121,EUR,liter,2026-10-03T14:01:37+03:00
2026-10-09,SI,lpg,Slovenia,0.9718,EUR,liter,2026-10-03T14:01:37+03:00
2026-10-09,SI,premium,Slovenia,2.121,EUR,liter,2026-10-03T14:01:37+03:00
2026-10-09,SK,diesel,Slovakia,1.9872,EUR,liter,2026-10-03T14:01:37+03:00
2026-10-09,SK,diesel_premium,Slovakia,2.176,EUR,liter,2026-10-03T14:01:37+03:00
2026-10-09,SK,gasoline,Slovakia,1.8542,EUR,liter,2026-10-03T14:01:37+03:00
2026-10-09,SK,gasoline_premium,Slovakia,2.0504,EUR,liter,2026-10-03T14:01:37+03:00
2026-10-09,SK,lpg,Slovakia,0.819,EUR,liter,2026-10-03T14:01:37+03:00
2026-10-09,SK,premium,Slovakia,2.0504,EUR,liter,2026-10-03T14:01:37+03:00
2026-10-09,SL,diesel,Sierra Leone,45,SLE,liter,2026-10-03T14:01:37+03:00
2026-10-09,SL,gasoline,Sierra Leone,40,SLE,liter,2026-10-03T14:01:37+03:00
2026-10-09,SL,kerosene,Sierra Leone,44.1,SLE,liter,2026-10-03T14:01:37+03:00
2026-10-09,SN,diesel,Senegal,755,XOF,liter,2026-10-03T14:01:37+03:00
2026-10-09,SN,gasoline,Senegal,990,XOF,liter,2026-10-03T14:01:37+03:00
2026-10-09,SN,gasoline_regular,Senegal,665,XOF,liter,2026-10-03T14:01:37+03:00
2026-10-09,SR,diesel,Suriname,53.27,SRD,liter,2026-10-03T14:01:37+03:00
2026-10-09,SR,gasoline,Suriname,48.32,SRD,liter,2026-10-03T14:01:37+03:00
2026-10-09,SS,diesel,South Sudan,17500,SSP,liter,2026-10-03T14:01:37+03:00
2026-10-09,SS,gasoline,South Sudan,16000,SSP,liter,2026-10-03T14:01:37+03:00
2026-10-09,SV,diesel,El Salvador,4.86,USD,gallon,2026-10-03T14:01:37+03:00
2026-10-09,SV,gasoline,El Salvador,4.8,USD,gallon,2026-10-03T14:01:37+03:00
2026-10-09,SV,gasoline_premium,El Salvador,5.13,USD,gallon,2026-10-03T14:01:37+03:00
2026-10-09,SV,premium,El Salvador,5.13,USD,gallon,2026-10-03T14:01:37+03:00
2026-10-09,SY,diesel,Syria,175,SYP,liter,2026-10-03T14:01:37+03:00
2026-10-09,SY,gasoline,Syria,185,SYP,liter,2026-10-03T14:01:37+03:00
2026-10-09,SY,gasoline_premium,Syria,195,SYP,liter,2026-10-03T14:01:37+03:00
2026-10-09,SY,premium,Syria,195,SYP,liter,2026-10-03T14:01:37+03:00
2026-10-09,SZ,diesel,Eswatini,32.25,SZL,liter,2026-10-03T14:01:37+03:00
2026-10-09,SZ,gasoline,Eswatini,29.4,SZL,liter,2026-10-03T14:01:37+03:00
2026-10-09,SZ,kerosene,Eswatini,25.16,SZL,liter,2026-10-03T14:01:37+03:00
2026-10-09,TG,diesel,Togo,766,XOF,liter,2026-10-03T14:01:37+03:00
2026-10-09,TG,gasoline,Togo,817,XOF,liter,2026-10-03T14:01:37+03:00
2026-10-09,TG,kerosene,Togo,1056,XOF,liter,2026-10-03T14:01:37+03:00
2026-10-09,TH,diesel,Thailand,42.19,THB,liter,2026-10-03T14:01:37+03:00
2026-10-09,TH,diesel_premium,Thailand,50.05,THB,liter,2026-10-03T14:01:37+03:00
2026-10-09,TH,e85,Thailand,31.63,THB,liter,2026-10-03T14:01:37+03:00
2026-10-09,TH,gasoline,Thailand,40.69,THB,liter,2026-10-03T14:01:37+03:00
2026-10-09,TH,gasoline_premium,Thailand,49.29,THB,liter,2026-10-03T14:01:37+03:00
2026-10-09,TH,gasoline_regular,Thailand,40.32,THB,liter,2026-10-03T14:01:37+03:00
2026-10-09,TH,gasoline_super,Thailand,49.79,THB,liter,2026-10-03T14:01:37+03:00
2026-10-09,TH,lpg,Thailand,25.87,THB,kg,2026-10-03T14:01:37+03:00
2026-10-09,TH,premium,Thailand,49.79,THB,liter,2026-10-03T14:01:37+03:00
2026-10-09,TJ,diesel,Tajikistan,15.395,TJS,liter,2026-10-03T14:01:37+03:00
2026-10-09,TJ,diesel_premium,Tajikistan,14.9,TJS,liter,2026-10-03T14:01:37+03:00
2026-10-09,TJ,gasoline,Tajikistan,12.9119,TJS,liter,2026-10-03T14:01:37+03:00
2026-10-09,TJ,gasoline_premium,Tajikistan,12.9,TJS,liter,2026-10-03T14:01:37+03:00
2026-10-09,TJ,lpg,Tajikistan,6.3944,TJS,liter,2026-10-03T14:01:37+03:00
2026-10-09,TJ,premium,Tajikistan,12.9,TJS,liter,2026-10-03T14:01:37+03:00
2026-10-09,TL,diesel,Timor-Leste,1.6237,USD,liter,2026-10-03T14:01:37+03:00
2026-10-09,TL,gasoline,Timor-Leste,1.5225,USD,liter,2026-10-03T14:01:37+03:00
2026-10-09,TM,diesel,Turkmenistan,1.35,TMT,liter,2026-10-03T14:01:37+03:00
2026-10-09,TM,gasoline,Turkmenistan,1.35,TMT,liter,2026-10-03T14:01:37+03:00
2026-10-09,TM,gasoline_premium,Turkmenistan,1.5,TMT,liter,2026-10-03T14:01:37+03:00
2026-10-09,TM,gasoline_regular,Turkmenistan,1.15,TMT,liter,2026-10-03T14:01:37+03:00
2026-10-09,TM,premium,Turkmenistan,1.5,TMT,liter,2026-10-03T14:01:37+03:00
2026-10-09,TN,diesel,Tunisia,2.21,TND,liter,2026-10-03T14:01:37+03:00
2026-10-09,TN,gasoline,Tunisia,2.53,TND,liter,2026-10-03T14:01:37+03:00
2026-10-09,TO,diesel,Tonga,4.425,TOP,liter,2026-10-03T14:01:37+03:00
2026-10-09,TO,gasoline,Tonga,3.85,TOP,liter,2026-10-03T14:01:37+03:00
2026-10-09,TO,kerosene,Tonga,3.5,TOP,liter,2026-10-03T14:01:37+03:00
2026-10-09,TR,diesel,Turkey,94.963,TRY,liter,2026-10-03T14:01:37+03:00
2026-10-09,TR,gasoline,Turkey,84.58,TRY,liter,2026-10-03T14:01:37+03:00
2026-10-09,TR,lpg,Turkey,41.2367,TRY,liter,2026-10-03T14:01:37+03:00
2026-10-09,TW,diesel,Taiwan,29.8838,TWD,liter,2026-10-03T14:01:37+03:00
2026-10-09,TW,gasoline,Taiwan,30.1532,TWD,liter,2026-10-03T14:01:37+03:00
2026-10-09,TW,gasoline_premium,Taiwan,32.0766,TWD,liter,2026-10-03T14:01:37+03:00
2026-10-09,TW,gasoline_super,Taiwan,34.6946,TWD,liter,2026-10-03T14:01:37+03:00
2026-10-09,TW,premium,Taiwan,34.6946,TWD,liter,2026-10-03T14:01:37+03:00
2026-10-09,TZ,diesel,Tanzania,3877,TZS,liter,2026-10-03T14:01:37+03:00
2026-10-09,TZ,gasoline,Tanzania,3796,TZS,liter,2026-10-03T14:01:37+03:00
2026-10-09,TZ,kerosene,Tanzania,3713,TZS,liter,2026-10-03T14:01:37+03:00
2026-10-09,UA,diesel,Ukraine,98.919,UAH,liter,2026-10-03T14:01:37+03:00
2026-10-09,UA,diesel_premium,Ukraine,101.9,UAH,liter,2026-10-03T14:01:37+03:00
2026-10-09,UA,gasoline,Ukraine,89.8729,UAH,liter,2026-10-03T14:01:37+03:00
2026-10-09,UA,gasoline_premium,Ukraine,94.9366,UAH,liter,2026-10-03T14:01:37+03:00
2026-10-09,UA,gasoline_regular,Ukraine,85.8256,UAH,liter,2026-10-03T14:01:37+03:00
2026-10-09,UA,gasoline_super,Ukraine,101.4,UAH,liter,2026-10-03T14:01:37+03:00
2026-10-09,UA,lpg,Ukraine,44.7649,UAH,liter,2026-10-03T14:01:37+03:00
2026-10-09,UA,premium,Ukraine,101.4,UAH,liter,2026-10-03T14:01:37+03:00
2026-10-09,UG,diesel,Uganda,6724.5,UGX,liter,2026-10-03T14:01:37+03:00
2026-10-09,UG,gasoline,Uganda,6874.5,UGX,liter,2026-10-03T14:01:37+03:00
2026-10-09,US,diesel,United States,6.3728,USD,gallon,2026-10-03T14:01:37+03:00
2026-10-09,US,e85,United States,3.31,USD,gallon,2026-10-03T14:01:37+03:00
2026-10-09,US,gasoline,United States,4.4398,USD,gallon,2026-10-03T14:01:37+03:00
2026-10-09,US,gasoline_premium,United States,5.0164,USD,gallon,2026-10-03T14:01:37+03:00
2026-10-09,US,gasoline_super,United States,5.4203,USD,gallon,2026-10-03T14:01:37+03:00
2026-10-09,US,lpg,United States,3.59,USD,gallon,2026-10-03T14:01:37+03:00
2026-10-09,US,premium,United States,5.4203,USD,gallon,2026-10-03T14:01:37+03:00
2026-10-09,UY,diesel,Uruguay,58.68,UYU,liter,2026-10-03T14:01:37+03:00
2026-10-09,UY,diesel_premium,Uruguay,67.33,UYU,liter,2026-10-03T14:01:37+03:00
2026-10-09,UY,gasoline,Uruguay,88.67,UYU,liter,2026-10-03T14:01:37+03:00
2026-10-09,UY,gasoline_premium,Uruguay,91.19,UYU,liter,2026-10-03T14:01:37+03:00
2026-10-09,UY,premium,Uruguay,91.19,UYU,liter,2026-10-03T14:01:37+03:00
2026-10-09,UZ,diesel,Uzbekistan,16235.9504,UZS,liter,2026-10-03T14:01:37+03:00
2026-10-09,UZ,gasoline,Uzbekistan,13449.8834,UZS,liter,2026-10-03T14:01:37+03:00
2026-10-09,UZ,gasoline_premium,Uzbekistan,18947.7273,UZS,liter,2026-10-03T14:01:37+03:00
2026-10-09,UZ,gasoline_super,Uzbekistan,27571.9697,UZS,liter,2026-10-03T14:01:37+03:00
2026-10-09,UZ,premium,Uzbekistan,27571.9697,UZS,liter,2026-10-03T14:01:37+03:00
2026-10-09,VC,diesel,Saint Vincent and the Grenadines,17.53,XCD,imperial_gallon,2026-10-03T14:01:37+03:00
2026-10-09,VC,gasoline,Saint Vincent and the Grenadines,18.31,XCD,imperial_gallon,2026-10-03T14:01:37+03:00
2026-10-09,VE,diesel,Venezuela,0.5,USD,liter,2026-10-03T14:01:37+03:00
2026-10-09,VE,gasoline,Venezuela,435.6845,VES,liter,2026-10-03T14:01:37+03:00
2026-10-09,VE,gasoline_premium,Venezuela,871.3689,VES,liter,2026-10-03T14:01:37+03:00
2026-10-09,VE,premium,Venezuela,871.3689,VES,liter,2026-10-03T14:01:37+03:00
2026-10-09,VN,diesel,Vietnam,29970,VND,liter,2026-10-03T14:01:37+03:00
2026-10-09,VN,diesel_premium,Vietnam,31600,VND,liter,2026-10-03T14:01:37+03:00
2026-10-09,VN,gasoline,Vietnam,27180,VND,liter,2026-10-03T14:01:37+03:00
2026-10-09,VN,gasoline_regular,Vietnam,26503.3333,VND,liter,2026-10-03T14:01:37+03:00
2026-10-09,VU,diesel,Vanuatu,195,VUV,liter,2026-10-03T14:01:37+03:00
2026-10-09,VU,gasoline,Vanuatu,222,VUV,liter,2026-10-03T14:01:37+03:00
2026-10-09,WS,diesel,Samoa,4.44,WST,liter,2026-10-03T14:01:37+03:00
2026-10-09,WS,gasoline,Samoa,3.58,WST,liter,2026-10-03T14:01:37+03:00
2026-10-09,WS,kerosene,Samoa,3.9,WST,liter,2026-10-03T14:01:37+03:00
2026-10-09,XK,diesel,Kosovo,1.89,EUR,liter,2026-10-03T14:01:37+03:00
2026-10-09,XK,diesel_premium,Kosovo,1.94,EUR,liter,2026-10-03T14:01:37+03:00
2026-10-09,XK,gasoline,Kosovo,1.66,EUR,liter,2026-10-03T14:01:37+03:00
2026-10-09,XK,gasoline_premium,Kosovo,1.73,EUR,liter,2026-10-03T14:01:37+03:00
2026-10-09,XK,lpg,Kosovo,0.69,EUR,liter,2026-10-03T14:01:37+03:00
2026-10-09,XK,premium,Kosovo,1.73,EUR,liter,2026-10-03T14:01:37+03:00
2026-10-09,XN,diesel,Turkish Republic of Northern Cyprus,76,TRY,liter,2026-10-03T14:01:37+03:00
2026-10-09,XN,gasoline,Turkish Republic of Northern Cyprus,77.12,TRY,liter,2026-10-03T14:01:37+03:00
2026-10-09,XN,gasoline_premium,Turkish Republic of Northern Cyprus,78.12,TRY,liter,2026-10-03T14:01:37+03:00
2026-10-09,XN,premium,Turkish Republic of Northern Cyprus,78.12,TRY,liter,2026-10-03T14:01:37+03:00
2026-10-09,ZA,diesel,South Africa,29.1104,ZAR,liter,2026-10-03T14:01:37+03:00
2026-10-09,ZA,diesel_premium,South Africa,29.8667,ZAR,liter,2026-10-03T14:01:37+03:00
2026-10-09,ZA,gasoline,South Africa,26.92,ZAR,liter,2026-10-03T14:01:37+03:00
2026-10-09,ZA,gasoline_regular,South Africa,26.76,ZAR,liter,2026-10-03T14:01:37+03:00
2026-10-09,ZM,diesel,Zambia,29.7736,ZMW,liter,2026-10-03T14:01:37+03:00
2026-10-09,ZM,gasoline,Zambia,28.0945,ZMW,liter,2026-10-03T14:01:37+03:00
2026-10-09,ZM,kerosene,Zambia,29.76,ZMW,liter,2026-10-03T14:01:37+03:00
2026-10-09,ZW,diesel,Zimbabwe,55.7068,ZWG,liter,2026-10-03T14:01:37+03:00
2026-10-09,ZW,gasoline,Zimbabwe,55.1712,ZWG,liter,2026-10-03T14:01:37+03:00
2026-10-09,ZW,lpg,Zimbabwe,47.1365,ZWG,kg,2026-10-03T14:01:37+03:00
2026-10-10,AD,diesel,Andorra,1.7378,EUR,liter,2026-10-03T14:01:37+03:00
2026-10-10,AD,diesel_premium,Andorra,1.7719,EUR,liter,2026-10-03T14:01:37+03:00
2026-10-10,AD,gasoline,Andorra,1.5894,EUR,liter,2026-10-03T14:01:37+03:00
2026-10-10,AD,gasoline_premium,Andorra,1.6495,EUR,liter,2026-10-03T14:01:37+03:00
2026-10-10,AD,premium,Andorra,1.6495,EUR,liter,2026-10-03T14:01:37+03:00
2026-10-10,AE,diesel,UAE,4.8,AED,liter,2026-10-03T14:01:37+03:00
2026-10-10,AE,gasoline,UAE,4.28,AED,liter,2026-10-03T14:01:37+03:00
2026-10-10,AE,gasoline_regular,UAE,4.21,AED,liter,2026-10-03T14:01:37+03:00
2026-10-10,AE,gasoline_super,UAE,4.4,AED,liter,2026-10-03T14:01:37+03:00
2026-10-10,AE,premium,UAE,4.4,AED,liter,2026-10-03T14:01:37+03:00
2026-10-10,AF,diesel,Afghanistan,79.1275,AFN,liter,2026-10-03T14:01:37+03:00
2026-10-10,AF,gasoline,Afghanistan,89,AFN,liter,2026-10-03T14:01:37+03:00
2026-10-10,AL,diesel,Albania,213.7289,ALL,liter,2026-10-03T14:01:37+03:00
2026-10-10,AL,diesel_premium,Albania,230,ALL,liter,2026-10-03T14:01:37+03:00
2026-10-10,AL,gasoline,Albania,193.4495,ALL,liter,2026-10-03T14:01:37+03:00
2026-10-10,AL,gasoline_premium,Albania,220,ALL,liter,2026-10-03T14:01:37+03:00
2026-10-10,AL,lpg,Albania,69.2062,ALL,liter,2026-10-03T14:01:37+03:00
2026-10-10,AL,premium,Albania,220,ALL,liter,2026-10-03T14:01:37+03:00
2026-10-10,AM,diesel,Armenia,695.8895,AMD,liter,2026-10-03T14:01:37+03:00
2026-10-10,AM,gasoline,Armenia,607.1632,AMD,liter,2026-10-03T14:01:37+03:00
2026-10-10,AM,gasoline_premium,Armenia,675,AMD,liter,2026-10-03T14:01:37+03:00
2026-10-10,AM,gasoline_regular,Armenia,600,AMD,liter,2026-10-03T14:01:37+03:00
2026-10-10,AM,lpg,Armenia,240,AMD,liter,2026-10-03T14:01:37+03:00
2026-10-10,AM,premium,Armenia,675,AMD,liter,2026-10-03T14:01:37+03:00
2026-10-10,AR,cng,Argentina,804,ARS,m3,2026-10-03T14:01:37+03:00
2026-10-10,AR,diesel,Argentina,2415.2022,ARS,liter,2026-10-03T14:01:37+03:00
2026-10-10,AR,diesel_premium,Argentina,2637.3056,ARS,liter,2026-10-03T14:01:37+03:00
2026-10-10,AR,gasoline,Argentina,2210.3087,ARS,liter,2026-10-03T14:01:37+03:00
2026-10-10,AR,gasoline_premium,Argentina,2474.2778,ARS,liter,2026-10-03T14:01:37+03:00
2026-10-10,AR,premium,Argentina,2474.2778,ARS,liter,2026-10-03T14:01:37+03:00
2026-10-10,AT,cng,Austria,1.799,EUR,kg,2026-10-03T14:01:37+03:00
2026-10-10,AT,diesel,Austria,2.2013,EUR,liter,2026-10-03T14:01:37+03:00
2026-10-10,AT,diesel_premium,Austria,2.4939,EUR,liter,2026-10-03T14:01:37+03:00
2026-10-10,AT,gasoline,Austria,1.8944,EUR,liter,2026-10-03T14:01:37+03:00
2026-10-10,AT,gasoline_premium,Austria,2.1316,EUR,liter,2026-10-03T14:01:37+03:00
2026-10-10,AT,gasoline_super,Austria,2.049,EUR,liter,2026-10-03T14:01:37+03:00
2026-10-10,AT,lpg,Austria,1.1665,EUR,liter,2026-10-03T14:01:37+03:00
2026-10-10,AT,premium,Austria,2.049,EUR,liter,2026-10-03T14:01:37+03:00
2026-10-10,AU,diesel,Australia,2.8708,AUD,liter,2026-10-03T14:01:37+03:00
2026-10-10,AU,diesel_premium,Australia,2.8823,AUD,liter,2026-10-03T14:01:37+03:00
2026-10-10,AU,e85,Australia,2.599,AUD,liter,2026-10-03T14:01:37+03:00
2026-10-10,AU,gasoline,Australia,2.399,AUD,liter,2026-10-03T14:01:37+03:00
2026-10-10,AU,gasoline_premium,Australia,2.5611,AUD,liter,2026-10-03T14:01:37+03:00
2026-10-10,AU,gasoline_super,Australia,2.662,AUD,liter,2026-10-03T14:01:37+03:00
2026-10-10,AU,lpg,Australia,1.3903,AUD,liter,2026-10-03T14:01:37+03:00
2026-10-10,AU,premium,Australia,2.662,AUD,liter,2026-10-03T14:01:37+03:00
2026-10-10,AZ,cng,Azerbaijan,0.4,AZN,m3,2026-10-03T14:01:37+03:00
2026-10-10,AZ,diesel,Azerbaijan,1.1,AZN,liter,2026-10-03T14:01:37+03:00
2026-10-10,AZ,gasoline,Azerbaijan,1.15,AZN,liter,2026-10-03T14:01:37+03:00
2026-10-10,AZ,gasoline_premium,Azerbaijan,1.6,AZN,liter,2026-10-03T14:01:37+03:00
2026-10-10,AZ,gasoline_super,Azerbaijan,2.3,AZN,liter,2026-10-03T14:01:37+03:00
2026-10-10,AZ,lpg,Azerbaijan,0.7,AZN,liter,2026-10-03T14:01:37+03:00
2026-10-10,AZ,premium,Azerbaijan,2.3,AZN,liter,2026-10-03T14:01:37+03:00
2026-10-10,BA,diesel,Bih,3.7802,BAM,liter,2026-10-03T14:01:37+03:00
2026-10-10,BA,gasoline,Bih,3.3775,BAM,liter,2026-10-03T14:01:37+03:00
2026-10-10,BA,gasoline_premium,Bih,3.51,BAM,liter,2026-10-03T14:01:37+03:00
2026-10-10,BA,lpg,Bih,1.3949,BAM,liter,2026-10-03T14:01:37+03:00
2026-10-10,BA,premium,Bih,3.51,BAM,liter,2026-10-03T14:01:37+03:00
2026-10-10,BB,diesel,Barbados,3.8,BBD,liter,2026-10-03T14:01:37+03:00
2026-10-10,BB,gasoline,Barbados,4.27,BBD,liter,2026-10-03T14:01:37+03:00
2026-10-10,BB,kerosene,Barbados,2.3,BBD,liter,2026-10-03T14:01:37+03:00
2026-10-10,BD,diesel,Bangladesh,135,BDT,liter,2026-10-03T14:01:37+03:00
2026-10-10,BD,gasoline,Bangladesh,160,BDT,liter,2026-10-03T14:01:37+03:00
2026-10-10,BD,gasoline_premium,Bangladesh,165,BDT,liter,2026-10-03T14:01:37+03:00
2026-10-10,BD,kerosene,Bangladesh,155,BDT,liter,2026-10-03T14:01:37+03:00
2026-10-10,BD,premium,Bangladesh,165,BDT,liter,2026-10-03T14:01:37+03:00
2026-10-10,BE,diesel,Belgium,2.4341,EUR,liter,2026-10-03T14:01:37+03:00
2026-10-10,BE,gasoline,Belgium,2.0638,EUR,liter,2026-10-03T14:01:37+03:00
2026-10-10,BE,gasoline_premium,Belgium,2.2511,EUR,liter,2026-10-03T14:01:37+03:00
2026-10-10,BE,lpg,Belgium,0.9597,EUR,liter,2026-10-03T14:01:37+03:00
2026-10-10,BE,premium,Belgium,2.2511,EUR,liter,2026-10-03T14:01:37+03:00
2026-10-10,BF,diesel,Burkina Faso,750,XOF,liter,2026-10-03T14:01:37+03:00
2026-10-10,BF,gasoline,Burkina Faso,850,XOF,liter,2026-10-03T14:01:37+03:00
2026-10-10,BF,kerosene,Burkina Faso,950,XOF,liter,2026-10-03T14:01:37+03:00
2026-10-10,BG,diesel,Bulgaria,1.8988,EUR,liter,2026-10-03T14:01:37+03:00
2026-10-10,BG,diesel_premium,Bulgaria,2.1041,EUR,liter,2026-10-03T14:01:37+03:00
2026-10-10,BG,gasoline,Bulgaria,1.6526,EUR,liter,2026-10-03T14:01:37+03:00
2026-10-10,BG,gasoline_super,Bulgaria,1.8665,EUR,liter,2026-10-03T14:01:37+03:00
2026-10-10,BG,lpg,Bulgaria,0.6362,EUR,liter,2026-10-03T14:01:37+03:00
2026-10-10,BG,premium,Bulgaria,1.8665,EUR,liter,2026-10-03T14:01:37+03:00
2026-10-10,BH,diesel,Bahrain,0.229,BHD,liter,2026-10-03T14:01:37+03:00
2026-10-10,BH,gasoline,Bahrain,0.225,BHD,liter,2026-10-03T14:01:37+03:00
2026-10-10,BH,gasoline_premium,Bahrain,0.247,BHD,liter,2026-10-03T14:01:37+03:00
2026-10-10,BH,gasoline_super,Bahrain,0.38,BHD,liter,2026-10-03T14:01:37+03:00
2026-10-10,BH,premium,Bahrain,0.38,BHD,liter,2026-10-03T14:01:37+03:00
2026-10-10,BO,cng,Bolivia,2.99,BOB,m3,2026-10-03T14:01:37+03:00
2026-10-10,BO,diesel,Bolivia,9.8,BOB,liter,2026-10-03T14:01:37+03:00
2026-10-10,BO,gasoline,Bolivia,6.96,BOB,liter,2026-10-03T14:01:37+03:00
2026-10-10,BO,gasoline_premium,Bolivia,11,BOB,liter,2026-10-03T14:01:37+03:00
2026-10-10,BO,premium,Bolivia,11,BOB,liter,2026-10-03T14:01:37+03:00
2026-10-10,BR,cng,Brazil,4.8432,BRL,m3,2026-10-03T14:01:37+03:00
2026-10-10,BR,diesel,Brazil,7.2172,BRL,liter,2026-10-03T14:01:37+03:00
2026-10-10,BR,e85,Brazil,4.318,BRL,liter,2026-10-03T14:01:37+03:00
2026-10-10,BR,gasoline,Brazil,6.593,BRL,liter,2026-10-03T14:01:37+03:00
2026-10-10,BR,gasoline_premium,Brazil,6.7701,BRL,liter,2026-10-03T14:01:37+03:00
2026-10-10,BR,premium,Brazil,6.7701,BRL,liter,2026-10-03T14:01:37+03:00
2026-10-10,BW,diesel,Botswana,20.93,BWP,liter,2026-10-03T14:01:37+03:00
2026-10-10,BW,gasoline,Botswana,18.21,BWP,liter,2026-10-03T14:01:37+03:00
2026-10-10,BW,kerosene,Botswana,18.33,BWP,liter,2026-10-03T14:01:37+03:00
2026-10-10,BY,diesel,Belarus,2.71,BYN,liter,2026-10-03T14:01:37+03:00
2026-10-10,BY,gasoline,Belarus,2.71,BYN,liter,2026-10-03T14:01:37+03:00
2026-10-10,BY,gasoline_premium,Belarus,2.93,BYN,liter,2026-10-03T14:01:37+03:00
2026-10-10,BY,gasoline_regular,Belarus,2.61,BYN,liter,2026-10-03T14:01:37+03:00
2026-10-10,BY,lpg,Belarus,1.3111,BYN,liter,2026-10-03T14:01:37+03:00
2026-10-10,BY,premium,Belarus,2.93,BYN,liter,2026-10-03T14:01:37+03:00
2026-10-10,BZ,diesel,Belize,14.6649,BZD,gallon,2026-10-03T14:01:37+03:00
2026-10-10,BZ,gasoline,Belize,14.2291,BZD,gallon,2026-10-03T14:01:37+03:00
2026-10-10,BZ,gasoline_premium,Belize,15.54,BZD,gallon,2026-10-03T14:01:37+03:00
2026-10-10,BZ,premium,Belize,15.54,BZD,gallon,2026-10-03T14:01:37+03:00
2026-10-10,CA,diesel,Canada,2.6077,CAD,liter,2026-10-03T14:01:37+03:00
2026-10-10,CA,gasoline,Canada,1.8365,CAD,liter,2026-10-03T14:01:37+03:00
2026-10-10,CA,gasoline_premium,Canada,1.9955,CAD,liter,2026-10-03T14:01:37+03:00
2026-10-10,CA,gasoline_super,Canada,2.1035,CAD,liter,2026-10-03T14:01:37+03:00
2026-10-10,CA,lpg,Canada,1.267,CAD,liter,2026-10-03T14:01:37+03:00
2026-10-10,CA,premium,Canada,2.1035,CAD,liter,2026-10-03T14:01:37+03:00
2026-10-10,CH,diesel,Switzerland,2.321,CHF,liter,2026-10-03T14:01:37+03:00
2026-10-10,CH,gasoline,Switzerland,2.0593,CHF,liter,2026-10-03T14:01:37+03:00
2026-10-10,CH,gasoline_premium,Switzerland,2.25,CHF,liter,2026-10-03T14:01:37+03:00
2026-10-10,CH,lpg,Switzerland,1.187,CHF,liter,2026-10-03T14:01:37+03:00
2026-10-10,CH,premium,Switzerland,2.25,CHF,liter,2026-10-03T14:01:37+03:00
2026-10-10,CI,diesel,Ivory Coast,725,XOF,liter,2026-10-03T14:01:37+03:00
2026-10-10,CI,gasoline,Ivory Coast,905,XOF,liter,2026-10-03T14:01:37+03:00
2026-10-10,CI,kerosene,Ivory Coast,780,XOF,liter,2026-10-03T14:01:37+03:00
2026-10-10,CL,cng,Chile,906,CLP,m3,2026-10-03T14:01:37+03:00
2026-10-10,CL,diesel,Chile,1435.7942,CLP,liter,2026-10-03T14:01:37+03:00
2026-10-10,CL,gasoline,Chile,1514.2327,CLP,liter,2026-10-03T14:01:37+03:00
2026-10-10,CL,gasoline_premium,Chile,1522.1778,CLP,liter,2026-10-03T14:01:37+03:00
2026-10-10,CL,gasoline_super,Chile,1563.2028,CLP,liter,2026-10-03T14:01:37+03:00
2026-10-10,CL,lpg,Chile,681.5,CLP,liter,2026-10-03T14:01:37+03:00
2026-10-10,CL,premium,Chile,1563.2028,CLP,liter,2026-10-03T14:01:37+03:00
2026-10-10,CN,diesel,China,8.3082,CNY,liter,2026-10-03T14:01:37+03:00
2026-10-10,CN,gasoline,China,8.6098,CNY,liter,2026-10-03T14:01:37+03:00
2026-10-10,CN,gasoline_premium,China,9.1267,CNY,liter,2026-10-03T14:01:37+03:00
2026-10-10,CN,gasoline_super,China,10.6609,CNY,liter,2026-10-03T14:01:37+03:00
2026-10-10,CN,premium,China,10.6609,CNY,liter,2026-10-03T14:01:37+03:00
2026-10-10,CO,cng,Colombia,3499,COP,m3,2026-10-03T14:01:37+03:00
2026-10-10,CO,diesel,Colombia,11219,COP,gallon,2026-10-03T14:01:37+03:00
2026-10-10,CO,diesel_premium,Colombia,11450,COP,gallon,2026-10-03T14:01:37+03:00
2026-10-10,CO,gasoline,Colombia,15977.25,COP,gallon,2026-10-03T14:01:37+03:00
2026-10-10,CO,gasoline_premium,Colombia,22050,COP,gallon,2026-10-03T14:01:37+03:00
2026-10-10,CO,lpg,Colombia,2490,COP,gallon,2026-10-03T14:01:37+03:00
2026-10-10,CO,premium,Colombia,22050,COP,gallon,2026-10-03T14:01:37+03:00
2026-10-10,CR,diesel,Costa Rica,688,CRC,liter,2026-10-03T14:01:37+03:00
2026-10-10,CR,gasoline,Costa Rica,707,CRC,liter,2026-10-03T14:01:37+03:00
2026-10-10,CR,gasoline_premium,Costa Rica,726,CRC,liter,2026-10-03T14:01:37+03:00
2026-10-10,CR,premium,Costa Rica,726,CRC,liter,2026-10-03T14:01:37+03:00
2026-10-10,CU,diesel,Cuba,132,CUP,liter,2026-10-03T14:01:37+03:00
2026-10-10,CU,diesel_premium,Cuba,150,CUP,liter,2026-10-03T14:01:37+03:00
2026-10-10,CU,gasoline,Cuba,132,CUP,liter,2026-10-03T14:01:37+03:00
2026-10-10,CU,gasoline_premium,Cuba,156,CUP,liter,2026-10-03T14:01:37+03:00
2026-10-10,CU,gasoline_regular,Cuba,114,CUP,liter,2026-10-03T14:01:37+03:00
2026-10-10,CU,gasoline_super,Cuba,198,CUP,liter,2026-10-03T14:01:37+03:00
2026-10-10,CU,premium,Cuba,198,CUP,liter,2026-10-03T14:01:37+03:00
2026-10-10,CV,diesel,Cape Verde,190.3,CVE,liter,2026-10-03T14:01:37+03:00
2026-10-10,CV,gasoline,Cape Verde,197.2,CVE,liter,2026-10-03T14:01:37+03:00
2026-10-10,CY,diesel,Cyprus,1.9327,EUR,liter,2026-10-03T14:01:37+03:00
2026-10-10,CY,gasoline,Cyprus,1.7336,EUR,liter,2026-10-03T14:01:37+03:00
2026-10-10,CY,gasoline_premium,Cyprus,1.778,EUR,liter,2026-10-03T14:01:37+03:00
2026-10-10,CY,premium,Cyprus,1.778,EUR,liter,2026-10-03T14:01:37+03:00
2026-10-10,CZ,cng,Czech Republic,44.8,CZK,kg,2026-10-03T14:01:37+03:00
2026-10-10,CZ,diesel,Czech Republic,49.2774,CZK,liter,2026-10-03T14:01:37+03:00
2026-10-10,CZ,diesel_premium,Czech Republic,47.5,CZK,liter,2026-10-03T14:01:37+03:00
2026-10-10,CZ,gasoline,Czech Republic,45.2136,CZK,liter,2026-10-03T14:01:37+03:00
2026-10-10,CZ,gasoline_premium,Czech Republic,48.1,CZK,liter,2026-10-03T14:01:37+03:00
2026-10-10,CZ,lpg,Czech Republic,21.4641,CZK,liter,2026-10-03T14:01:37+03:00
2026-10-10,CZ,premium,Czech Republic,48.1,CZK,liter,2026-10-03T14:01:37+03:00
2026-10-10,DE,diesel,Germany,2.3838,EUR,liter,2026-10-03T14:01:37+03:00
2026-10-10,DE,diesel_premium,Germany,2.5662,EUR,liter,2026-10-03T14:01:37+03:00
2026-10-10,DE,gasoline,Germany,2.2901,EUR,liter,2026-10-03T14:01:37+03:00
2026-10-10,DE,gasoline_premium,Germany,2.27,EUR,liter,2026-10-03T14:01:37+03:00
2026-10-10,DE,lpg,Germany,1.1395,EUR,liter,2026-10-03T14:01:37+03:00
2026-10-10,DE,premium,Germany,2.27,EUR,liter,2026-10-03T14:01:37+03:00
2026-10-10,DK,diesel,Denmark,18.8616,DKK,liter,2026-10-03T14:01:37+03:00
2026-10-10,DK,diesel_premium,Denmark,19.8028,DKK,liter,2026-10-03T14:01:37+03:00
2026-10-10,DK,gasoline,Denmark,17.7368,DKK,liter,2026-10-03T14:01:37+03:00
2026-10-10,DK,gasoline_premium,Denmark,19.5693,DKK,liter,2026-10-03T14:01:37+03:00
2026-10-10,DK,premium,Denmark,19.5693,DKK,liter,2026-10-03T14:01:37+03:00
2026-10-10,DO,diesel,Dominican Republic,270.8,DOP,gallon,2026-10-03T14:01:37+03:00
2026-10-10,DO,diesel_premium,Dominican Republic,306.1,DOP,gallon,2026-10-03T14:01:37+03:00
2026-10-10,DO,gasoline,Dominican Republic,317.5,DOP,gallon,2026-10-03T14:01:37+03:00
2026-10-10,DO,gasoline_premium,Dominican Republic,353.1,DOP,gallon,2026-10-03T14:01:37+03:00
2026-10-10,DO,kerosene,Dominican Republic,380.1,DOP,gallon,2026-10-03T14:01:37+03:00
2026-10-10,DO,lpg,Dominican Republic,135.2,DOP,gallon,2026-10-03T14:01:37+03:00
2026-10-10,DO,premium,Dominican Republic,353.1,DOP,gallon,2026-10-03T14:01:37+03:00
2026-10-10,DZ,diesel,Algeria,31,DZD,liter,2026-10-03T14:01:37+03:00
2026-10-10,DZ,gasoline,Algeria,47,DZD,liter,2026-10-03T14:01:37+03:00
2026-10-10,DZ,lpg,Algeria,12.3846,DZD,liter,2026-10-03T14:01:37+03:00
2026-10-10,EC,diesel,Ecuador,3.15,USD,gallon,2026-10-03T14:01:37+03:00
2026-10-10,EC,gasoline,Ecuador,3.21,USD,gallon,2026-10-03T14:01:37+03:00
2026-10-10,EC,gasoline_premium,Ecuador,4.74,USD,gallon,2026-10-03T14:01:37+03:00
2026-10-10,EC,premium,Ecuador,4.74,USD,gallon,2026-10-03T14:01:37+03:00
2026-10-10,EE,diesel,Estonia,2.1039,EUR,liter,2026-10-03T14:01:37+03:00
2026-10-10,EE,gasoline,Estonia,1.9248,EUR,liter,2026-10-03T14:01:37+03:00
2026-10-10,EE,gasoline_premium,Estonia,1.986,EUR,liter,2026-10-03T14:01:37+03:00
2026-10-10,EE,lpg,Estonia,1.0032,EUR,liter,2026-10-03T14:01:37+03:00
2026-10-10,EE,premium,Estonia,1.986,EUR,liter,2026-10-03T14:01:37+03:00
2026-10-10,EG,diesel,Egypt,20.5,EGP,liter,2026-10-03T14:01:37+03:00
2026-10-10,EG,gasoline,Egypt,22.25,EGP,liter,2026-10-03T14:01:37+03:00
2026-10-10,EG,gasoline_premium,Egypt,24,EGP,liter,2026-10-03T14:01:37+03:00
2026-10-10,EG,gasoline_regular,Egypt,20.75,EGP,liter,2026-10-03T14:01:37+03:00
2026-10-10,EG,kerosene,Egypt,20.5,EGP,liter,2026-10-03T14:01:37+03:00
2026-10-10,EG,premium,Egypt,24,EGP,liter,2026-10-03T14:01:37+03:00
2026-10-10,ES,cng,Spain,1.8815,EUR,kg,2026-10-03T14:01:37+03:00
2026-10-10,ES,diesel,Spain,1.9597,EUR,liter,2026-10-03T14:01:37+03:00
2026-10-10,ES,diesel_premium,Spain,2.0549,EUR,liter,2026-10-03T14:01:37+03:00
2026-10-10,ES,gasoline,Spain,1.8722,EUR,liter,2026-10-03T14:01:37+03:00
2026-10-10,ES,gasoline_premium,Spain,1.9815,EUR,liter,2026-10-03T14:01:37+03:00
2026-10-10,ES,lpg,Spain,1.128,EUR,liter,2026-10-03T14:01:37+03:00
2026-10-10,ES,premium,Spain,1.9815,EUR,liter,2026-10-03T14:01:37+03:00
2026-10-10,ET,diesel,Ethiopia,180.46,ETB,liter,2026-10-03T14:01:37+03:00
2026-10-10,ET,gasoline,Ethiopia,167.41,ETB,liter,2026-10-03T14:01:37+03:00
2026-10-10,ET,kerosene,Ethiopia,320.66,ETB,liter,2026-10-03T14:01:37+03:00
2026-10-10,FI,diesel,Finland,2.4898,EUR,liter,2026-10-03T14:01:37+03:00
2026-10-10,FI,gasoline,Finland,2.2984,EUR,liter,2026-10-03T14:01:37+03:00
2026-10-10,FI,gasoline_premium,Finland,2.359,EUR,liter,2026-10-03T14:01:37+03:00
2026-10-10,FI,premium,Finland,2.359,EUR,liter,2026-10-03T14:01:37+03:00
2026-10-10,FJ,diesel,Fiji,3.41,FJD,liter,2026-10-03T14:01:37+03:00
2026-10-10,FJ,gasoline,Fiji,3.15,FJD,liter,2026-10-03T14:01:37+03:00
2026-10-10,FJ,kerosene,Fiji,2.67,FJD,liter,2026-10-03T14:01:37+03:00
2026-10-10,FM,diesel,Micronesia,0.9344,EUR,liter,2026-05-02T15:49:36+03:00
2026-10-10,FM,gasoline,Micronesia,0.9794,EUR,liter,2026-05-02T15:49:36+03:00
2026-10-10,FO,diesel,Faroe Islands,16.13,DKK,liter,2026-10-03T14:01:37+03:00
2026-10-10,FO,gasoline,Faroe Islands,15.56,DKK,liter,2026-10-03T14:01:37+03:00
2026-10-10,FO,gasoline_premium,Faroe Islands,18.45,DKK,liter,2026-10-03T14:01:37+03:00
2026-10-10,FO,premium,Faroe Islands,18.45,DKK,liter,2026-10-03T14:01:37+03:00
2026-10-10,FR,diesel,France,2.3833,EUR,liter,2026-10-03T14:01:37+03:00
2026-10-10,FR,diesel_premium,France,2.377,EUR,liter,2026-10-03T14:01:37+03:00
2026-10-10,FR,e85,France,0.8965,EUR,liter,2026-10-03T14:01:37+03:00
2026-10-10,FR,gasoline,France,2.1884,EUR,liter,2026-10-03T14:01:37+03:00
2026-10-10,FR,gasoline_premium,France,2.2584,EUR,liter,2026-10-03T14:01:37+03:00
2026-10-10,FR,lpg,France,1.0495,EUR,liter,2026-10-03T14:01:37+03:00
2026-10-10,FR,premium,France,2.2584,EUR,liter,2026-10-03T14:01:37+03:00
2026-10-10,GB,diesel,United Kingdom,1.991,GBP,liter,2026-10-03T14:01:37+03:00
2026-10-10,GB,diesel_premium,United Kingdom,2.1822,GBP,liter,2026-10-03T14:01:37+03:00
2026-10-10,GB,gasoline,United Kingdom,1.7454,GBP,liter,2026-10-03T14:01:37+03:00
2026-10-10,GB,gasoline_premium,United Kingdom,1.9315,GBP,liter,2026-10-03T14:01:37+03:00
2026-10-10,GB,lpg,United Kingdom,0.98,GBP,liter,2026-10-03T14:01:37+03:00
2026-10-10,GB,premium,United Kingdom,1.9315,GBP,liter,2026-10-03T14:01:37+03:00
2026-10-10,GD,diesel,Grenada,17,XCD,imperial_gallon,2026-10-03T14:01:37+03:00
2026-10-10,GD,gasoline,Grenada,17,XCD,imperial_gallon,2026-10-03T14:01:37+03:00
2026-10-10,GD,kerosene,Grenada,16.86,XCD,imperial_gallon,2026-10-03T14:01:37+03:00
2026-10-10,GE,cng,Georgia,1.6,GEL,m3,2026-10-03T14:01:37+03:00
2026-10-10,GE,diesel,Georgia,4.7853,GEL,liter,2026-10-03T14:01:37+03:00
2026-10-10,GE,diesel_premium,Georgia,4.9204,GEL,liter,2026-10-03T14:01:37+03:00
2026-10-10,GE,gasoline,Georgia,4.1876,GEL,liter,2026-10-03T14:01:37+03:00
2026-10-10,GE,gasoline_premium,Georgia,4.5531,GEL,liter,2026-10-03T14:01:37+03:00
2026-10-10,GE,gasoline_regular,Georgia,3.91,GEL,liter,2026-10-03T14:01:37+03:00
2026-10-10,GE,lpg,Georgia,1.9108,GEL,liter,2026-10-03T14:01:37+03:00
2026-10-10,GE,premium,Georgia,4.5531,GEL,liter,2026-10-03T14:01:37+03:00
2026-10-10,GH,diesel,Ghana,18.1923,GHS,liter,2026-10-03T14:01:37+03:00
2026-10-10,GH,gasoline,Ghana,16.823,GHS,liter,2026-10-03T14:01:37+03:00
2026-10-10,GH,gasoline_premium,Ghana,19.0829,GHS,liter,2026-10-03T14:01:37+03:00
2026-10-10,GH,kerosene,Ghana,18.38,GHS,liter,2026-10-03T14:01:37+03:00
2026-10-10,GH,lpg,Ghana,16.562,GHS,kg,2026-10-03T14:01:37+03:00
2026-10-10,GH,premium,Ghana,19.0829,GHS,liter,2026-10-03T14:01:37+03:00
2026-10-10,GM,diesel,Gambia,120,GMD,liter,2026-10-03T14:01:37+03:00
2026-10-10,GM,gasoline,Gambia,109.8,GMD,liter,2026-10-03T14:01:37+03:00
2026-10-10,GM,kerosene,Gambia,112.64,GMD,liter,2026-10-03T14:01:37+03:00
2026-10-10,GN,diesel,Guinea,12000,GNF,liter,2026-10-03T14:01:37+03:00
2026-10-10,GN,gasoline,Guinea,12000,GNF,liter,2026-10-03T14:01:37+03:00
2026-10-10,GR,diesel,Greece,2.1336,EUR,liter,2026-10-03T14:01:37+03:00
2026-10-10,GR,diesel_premium,Greece,2.22,EUR,liter,2026-10-03T14:01:37+03:00
2026-10-10,GR,gasoline,Greece,2.2094,EUR,liter,2026-10-03T14:01:37+03:00
2026-10-10,GR,gasoline_super,Greece,2.421,EUR,liter,2026-10-03T14:01:37+03:00
2026-10-10,GR,lpg,Greece,1.0952,EUR,liter,2026-10-03T14:01:37+03:00
2026-10-10,GR,premium,Greece,2.421,EUR,liter,2026-10-03T14:01:37+03:00
2026-10-10,GT,diesel,Guatemala,45.6154,GTQ,gallon,2026-10-03T14:01:37+03:00
2026-10-10,GT,gasoline,Guatemala,39.2108,GTQ,gallon,2026-10-03T14:01:37+03:00
2026-10-10,GT,gasoline_premium,Guatemala,40.9462,GTQ,gallon,2026-10-03T14:01:37+03:00
2026-10-10,GT,premium,Guatemala,40.9462,GTQ,gallon,2026-10-03T14:01:37+03:00
2026-10-10,GW,diesel,Guinea-Bissau,898,XOF,liter,2026-10-03T14:01:37+03:00
2026-10-10,GW,gasoline,Guinea-Bissau,899,XOF,liter,2026-10-03T14:01:37+03:00
2026-10-10,GY,diesel,Guyana,318,GYD,liter,2026-10-03T14:01:37+03:00
2026-10-10,GY,gasoline,Guyana,258,GYD,liter,2026-10-03T14:01:37+03:00
2026-10-10,GY,kerosene,Guyana,230,GYD,liter,2026-10-03T14:01:37+03:00
2026-10-10,HK,diesel,Hong Kong,37.18,HKD,liter,2026-10-03T14:01:37+03:00
2026-10-10,HK,gasoline,Hong Kong,34.62,HKD,liter,2026-10-03T14:01:37+03:00
2026-10-10,HK,gasoline_premium,Hong Kong,36.33,HKD,liter,2026-10-03T14:01:37+03:00
2026-10-10,HK,lpg,Hong Kong,4.19,HKD,liter,2026-10-03T14:01:37+03:00
2026-10-10,HK,premium,Hong Kong,36.33,HKD,liter,2026-10-03T14:01:37+03:00
2026-10-10,HN,diesel,Honduras,148.01,HNL,gallon,2026-10-03T14:01:37+03:00
2026-10-10,HN,gasoline,Honduras,130.51,HNL,gallon,2026-10-03T14:01:37+03:00
2026-10-10,HN,gasoline_premium,Honduras,143.73,HNL,gallon,2026-10-03T14:01:37+03:00
2026-10-10,HN,kerosene,Honduras,129.86,HNL,gallon,2026-10-03T14:01:37+03:00
2026-10-10,HN,lpg,Honduras,49.94,HNL,gallon,2026-10-03T14:01:37+03:00
2026-10-10,HN,premium,Honduras,143.73,HNL,gallon,2026-10-03T14:01:37+03:00
2026-10-10,HR,diesel,Croatia,1.9354,EUR,liter,2026-10-03T14:01:37+03:00
2026-10-10,HR,diesel_premium,Croatia,2.125,EUR,liter,2026-10-03T14:01:37+03:00
2026-10-10,HR,gasoline,Croatia,1.7792,EUR,liter,2026-10-03T14:01:37+03:00
2026-10-10,HR,gasoline_super,Croatia,2.3833,EUR,liter,2026-10-03T14:01:37+03:00
2026-10-10,HR,lpg,Croatia,0.8465,EUR,liter,2026-10-03T14:01:37+03:00
2026-10-10,HR,premium,Croatia,2.3833,EUR,liter,2026-10-03T14:01:37+03:00
2026-10-10,HT,diesel,Haiti,203.4126,HTG,liter,2026-10-03T14:01:37+03:00
2026-10-10,HT,gasoline,Haiti,184.9205,HTG,liter,2026-10-03T14:01:37+03:00
2026-10-10,HT,kerosene,Haiti,202.0917,HTG,liter,2026-10-03T14:01:37+03:00
2026-10-10,HU,cng,Hungary,850,HUF,kg,2026-10-03T14:01:37+03:00
2026-10-10,HU,diesel,Hungary,709.6429,HUF,liter,2026-10-03T14:01:37+03:00
2026-10-10,HU,diesel_premium,Hungary,806,HUF,liter,2026-10-03T14:01:37+03:00
2026-10-10,HU,gasoline,Hungary,632.3214,HUF,liter,2026-10-03T14:01:37+03:00
2026-10-10,HU,gasoline_premium,Hungary,720,HUF,liter,2026-10-03T14:01:37+03:00
2026-10-10,HU,lpg,Hungary,351.3478,HUF,liter,2026-10-03T14:01:37+03:00
2026-10-10,HU,premium,Hungary,720,HUF,liter,2026-10-03T14:01:37+03:00
2026-10-10,ID,diesel,Indonesia,24007.6923,IDR,liter,2026-10-03T14:01:37+03:00
2026-10-10,ID,gasoline,Indonesia,16165.3846,IDR,liter,2026-10-03T14:01:37+03:00
2026-10-10,ID,gasoline_premium,Indonesia,19846.1538,IDR,liter,2026-10-03T14:01:37+03:00
2026-10-10,ID,premium,Indonesia,19846.1538,IDR,liter,2026-10-03T14:01:37+03:00
2026-10-10,IE,diesel,Ireland,2.0396,EUR,liter,2026-10-03T14:01:37+03:00
2026-10-10,IE,gasoline,Ireland,1.9168,EUR,liter,2026-10-03T14:01:37+03:00
2026-10-10,IL,diesel,Israel,7.8873,ILS,liter,2026-10-03T14:01:37+03:00
2026-10-10,IL,gasoline,Israel,8.27,ILS,liter,2026-10-03T14:01:37+03:00
2026-10-10,IN,cng,India,86.98,INR,kg,2026-10-03T14:01:37+03:00
2026-10-10,IN,diesel,India,95.2,INR,liter,2026-10-03T14:01:37+03:00
2026-10-10,IN,gasoline,India,102.12,INR,liter,2026-10-03T14:01:37+03:00
2026-10-10,IQ,diesel,Iraq,400,IQD,liter,2026-10-03T14:01:37+03:00
2026-10-10,IQ,gasoline,Iraq,850,IQD,liter,2026-10-03T14:01:37+03:00
2026-10-10,IQ,gasoline_regular,Iraq,450,IQD,liter,2026-10-03T14:01:37+03:00
2026-10-10,IQ,gasoline_super,Iraq,1250,IQD,liter,2026-10-03T14:01:37+03:00
2026-10-10,IQ,kerosene,Iraq,150,IQD,liter,2026-10-03T14:01:37+03:00
2026-10-10,IQ,premium,Iraq,1250,IQD,liter,2026-10-03T14:01:37+03:00
2026-10-10,IS,diesel,Iceland,315.5164,ISK,liter,2026-10-03T14:01:37+03:00
2026-10-10,IS,gasoline,Iceland,272.4611,ISK,liter,2026-10-03T14:01:37+03:00
2026-10-10,IT,cng,Italy,1.8986,EUR,kg,2026-10-03T14:01:37+03:00
2026-10-10,IT,diesel,Italy,2.3038,EUR,liter,2026-10-03T14:01:37+03:00
2026-10-10,IT,diesel_premium,Italy,2.3928,EUR,liter,2026-10-03T14:01:37+03:00
2026-10-10,IT,gasoline,Italy,2.1071,EUR,liter,2026-10-03T14:01:37+03:00
2026-10-10,IT,gasoline_premium,Italy,2.2596,EUR,liter,2026-10-03T14:01:37+03:00
2026-10-10,IT,gasoline_super,Italy,2.3859,EUR,liter,2026-10-03T14:01:37+03:00
2026-10-10,IT,lpg,Italy,0.7529,EUR,liter,2026-10-03T14:01:37+03:00
2026-10-10,IT,premium,Italy,2.3859,EUR,liter,2026-10-03T14:01:37+03:00
2026-10-10,JM,diesel,Jamaica,264.7052,JMD,liter,2026-10-03T14:01:37+03:00
2026-10-10,JM,gasoline,Jamaica,230.1764,JMD,liter,2026-10-03T14:01:37+03:00
2026-10-10,JM,gasoline_premium,Jamaica,240.8293,JMD,liter,2026-10-03T14:01:37+03:00
2026-10-10,JM,kerosene,Jamaica,217.6659,JMD,liter,2026-10-03T14:01:37+03:00
2026-10-10,JM,premium,Jamaica,240.8293,JMD,liter,2026-10-03T14:01:37+03:00
2026-10-10,JO,diesel,Jordan,0.9,JOD,liter,2026-10-03T14:01:37+03:00
2026-10-10,JO,gasoline,Jordan,1.05,JOD,liter,2026-10-03T14:01:37+03:00
2026-10-10,JO,gasoline_premium,Jordan,1.36,JOD,liter,2026-10-03T14:01:37+03:00
2026-10-10,JO,gasoline_super,Jordan,1.51,JOD,liter,2026-10-03T14:01:37+03:00
2026-10-10,JO,kerosene,Jordan,0.55,JOD,liter,2026-10-03T14:01:37+03:00
2026-10-10,JO,premium,Jordan,1.51,JOD,liter,2026-10-03T14:01:37+03:00
2026-10-10,JP,diesel,Japan,151.9804,JPY,liter,2026-10-03T14:01:37+03:00
2026-10-10,JP,gasoline,Japan,163.6431,JPY,liter,2026-10-03T14:01:37+03:00
2026-10-10,JP,gasoline_premium,Japan,174.3922,JPY,liter,2026-10-03T14:01:37+03:00
2026-10-10,JP,lpg,Japan,138.2,JPY,liter,2026-10-03T14:01:37+03:00
2026-10-10,JP,premium,Japan,174.3922,JPY,liter,2026-10-03T14:01:37+03:00
2026-10-10,KE,diesel,Kenya,217,KES,liter,2026-10-03T14:01:37+03:00
2026-10-10,KE,gasoline,Kenya,214,KES,liter,2026-10-03T14:01:37+03:00
2026-10-10,KE,kerosene,Kenya,191.38,KES,liter,2026-10-03T14:01:37+03:00
2026-10-10,KG,diesel,Kyrgyzstan,100.3739,KGS,liter,2026-10-03T14:01:37+03:00
2026-10-10,KG,gasoline,Kyrgyzstan,88.4106,KGS,liter,2026-10-03T14:01:37+03:00
2026-10-10,KG,gasoline_premium,Kyrgyzstan,109.8533,KGS,liter,2026-10-03T14:01:37+03:00
2026-10-10,KG,gasoline_super,Kyrgyzstan,149.9,KGS,liter,2026-10-03T14:01:37+03:00
2026-10-10,KG,lpg,Kyrgyzstan,48.8,KGS,liter,2026-10-03T14:01:37+03:00
2026-10-10,KG,premium,Kyrgyzstan,149.9,KGS,liter,2026-10-03T14:01:37+03:00
2026-10-10,KH,diesel,Cambodia,5800,KHR,liter,2026-10-03T14:01:37+03:00
2026-10-10,KH,gasoline,Cambodia,5183.3333,KHR,liter,2026-10-03T14:01:37+03:00
2026-10-10,KH,gasoline_premium,Cambodia,6250,KHR,liter,2026-10-03T14:01:37+03:00
2026-10-10,KH,premium,Cambodia,6250,KHR,liter,2026-10-03T14:01:37+03:00
2026-10-10,KN,gasoline,Saint Kitts and Nevis,16.93,XCD,imperial_gallon,2026-10-03T14:01:37+03:00
2026-10-10,KR,diesel,South Korea,1843.5816,KRW,liter,2026-10-03T14:01:37+03:00
2026-10-10,KR,gasoline,South Korea,1857.8413,KRW,liter,2026-10-03T14:01:37+03:00
2026-10-10,KR,gasoline_premium,South Korea,2343.5,KRW,liter,2026-10-03T14:01:37+03:00
2026-10-10,KR,kerosene,South Korea,1572.65,KRW,liter,2026-10-03T14:01:37+03:00
2026-10-10,KR,lpg,South Korea,1096.37,KRW,liter,2026-10-03T14:01:37+03:00
2026-10-10,KR,premium,South Korea,2343.5,KRW,liter,2026-10-03T14:01:37+03:00
2026-10-10,KU,diesel,Kurdistan Region,1350,IQD,liter,2026-10-03T14:01:37+03:00
2026-10-10,KU,gasoline,Kurdistan Region,1080,IQD,liter,2026-10-03T14:01:37+03:00
2026-10-10,KU,gasoline_premium,Kurdistan Region,1450,IQD,liter,2026-10-03T14:01:37+03:00
2026-10-10,KU,premium,Kurdistan Region,1450,IQD,liter,2026-10-03T14:01:37+03:00
2026-10-10,KW,diesel,Kuwait,0.115,KWD,liter,2026-10-03T14:01:37+03:00
2026-10-10,KW,gasoline,Kuwait,0.085,KWD,liter,2026-10-03T14:01:37+03:00
2026-10-10,KW,gasoline_premium,Kuwait,0.105,KWD,liter,2026-10-03T14:01:37+03:00
2026-10-10,KW,gasoline_super,Kuwait,0.275,KWD,liter,2026-10-03T14:01:37+03:00
2026-10-10,KW,kerosene,Kuwait,0.115,KWD,liter,2026-10-03T14:01:37+03:00
2026-10-10,KW,premium,Kuwait,0.275,KWD,liter,2026-10-03T14:01:37+03:00
2026-10-10,KY,diesel,Cayman Islands,6.37,KYD,imperial_gallon,2026-10-03T14:01:37+03:00
2026-10-10,KY,gasoline,Cayman Islands,5.78,KYD,imperial_gallon,2026-10-03T14:01:37+03:00
2026-10-10,KY,gasoline_premium,Cayman Islands,6.37,KYD,imperial_gallon,2026-10-03T14:01:37+03:00
2026-10-10,KY,premium,Cayman Islands,6.37,KYD,imperial_gallon,2026-10-03T14:01:37+03:00
2026-10-10,KZ,diesel,Kazakhstan,342.0059,KZT,liter,2026-10-03T14:01:37+03:00
2026-10-10,KZ,gasoline,Kazakhstan,312.2797,KZT,liter,2026-10-03T14:01:37+03:00
2026-10-10,KZ,gasoline_premium,Kazakhstan,352.7256,KZT,liter,2026-10-03T14:01:37+03:00
2026-10-10,KZ,gasoline_regular,Kazakhstan,245.6149,KZT,liter,2026-10-03T14:01:37+03:00
2026-10-10,KZ,lpg,Kazakhstan,105.1485,KZT,liter,2026-10-03T14:01:37+03:00
2026-10-10,KZ,premium,Kazakhstan,352.7256,KZT,liter,2026-10-03T14:01:37+03:00
2026-10-10,LA,diesel,Laos,33898.463,LAK,liter,2026-10-03T14:01:37+03:00
2026-10-10,LA,gasoline,Laos,34458.5407,LAK,liter,2026-10-03T14:01:37+03:00
2026-10-10,LA,gasoline_premium,Laos,43380,LAK,liter,2026-10-03T14:01:37+03:00
2026-10-10,LA,premium,Laos,43380,LAK,liter,2026-10-03T14:01:37+03:00
2026-10-10,LB,diesel,Lebanon,136300,LBP,liter,2026-10-03T14:01:37+03:00
2026-10-10,LB,gasoline,Lebanon,141850,LBP,liter,2026-10-03T14:01:37+03:00
2026-10-10,LB,gasoline_premium,Lebanon,142700,LBP,liter,2026-10-03T14:01:37+03:00
2026-10-10,LB,lpg,Lebanon,66650,LBP,liter,2026-10-03T14:01:37+03:00
2026-10-10,LB,premium,Lebanon,142700,LBP,liter,2026-10-03T14:01:37+03:00
2026-10-10,LC,diesel,Saint Lucia,3.79,XCD,liter,2026-10-03T14:01:37+03:00
2026-10-10,LC,gasoline,Saint Lucia,3.79,XCD,liter,2026-10-03T14:01:37+03:00
2026-10-10,LC,kerosene,Saint Lucia,2.29,XCD,liter,2026-10-03T14:01:37+03:00
2026-10-10,LI,diesel,Liechtenstein,2.3393,CHF,liter,2026-10-03T14:01:37+03:00
2026-10-10,LI,gasoline,Liechtenstein,2.12,CHF,liter,2026-10-03T14:01:37+03:00
2026-10-10,LI,gasoline_premium,Liechtenstein,2.22,CHF,liter,2026-10-03T14:01:37+03:00
2026-10-10,LI,premium,Liechtenstein,2.22,CHF,liter,2026-10-03T14:01:37+03:00
2026-10-10,LK,diesel,Sri Lanka,392,LKR,liter,2026-10-03T14:01:37+03:00
2026-10-10,LK,diesel_premium,Sri Lanka,528,LKR,liter,2026-10-03T14:01:37+03:00
2026-10-10,LK,gasoline,Sri Lanka,414,LKR,liter,2026-10-03T14:01:37+03:00
2026-10-10,LK,gasoline_premium,Sri Lanka,475,LKR,liter,2026-10-03T14:01:37+03:00
2026-10-10,LK,kerosene,Sri Lanka,285,LKR,liter,2026-10-03T14:01:37+03:00
2026-10-10,LK,premium,Sri Lanka,475,LKR,liter,2026-10-03T14:01:37+03:00
2026-10-10,LR,diesel,Liberia,315.0112,LRD,liter,2026-10-03T14:01:37+03:00
2026-10-10,LR,gasoline,Liberia,257.6771,LRD,liter,2026-10-03T14:01:37+03:00
2026-10-10,LS,diesel,Lesotho,30.95,LSL,liter,2026-10-03T14:01:37+03:00
2026-10-10,LS,gasoline,Lesotho,24.5,LSL,liter,2026-10-03T14:01:37+03:00
2026-10-10,LS,gasoline_premium,Lesotho,24.8,LSL,liter,2026-10-03T14:01:37+03:00
2026-10-10,LS,premium,Lesotho,24.8,LSL,liter,2026-10-03T14:01:37+03:00
2026-10-10,LT,diesel,Lithuania,2.2298,EUR,liter,2026-10-03T14:01:37+03:00
2026-10-10,LT,diesel_premium,Lithuania,2.296,EUR,liter,2026-10-03T14:01:37+03:00
2026-10-10,LT,gasoline,Lithuania,1.9258,EUR,liter,2026-10-03T14:01:37+03:00
2026-10-10,LT,gasoline_premium,Lithuania,2.0108,EUR,liter,2026-10-03T14:01:37+03:00
2026-10-10,LT,lpg,Lithuania,0.8155,EUR,liter,2026-10-03T14:01:37+03:00
2026-10-10,LT,premium,Lithuania,2.0108,EUR,liter,2026-10-03T14:01:37+03:00
2026-10-10,LU,diesel,Luxembourg,2.0284,EUR,liter,2026-10-03T14:01:37+03:00
2026-10-10,LU,gasoline,Luxembourg,1.8218,EUR,liter,2026-10-03T14:01:37+03:00
2026-10-10,LU,gasoline_premium,Luxembourg,1.9002,EUR,liter,2026-10-03T14:01:37+03:00
2026-10-10,LU,lpg,Luxembourg,0.8319,EUR,liter,2026-10-03T14:01:37+03:00
2026-10-10,LU,premium,Luxembourg,1.9002,EUR,liter,2026-10-03T14:01:37+03:00
2026-10-10,LV,diesel,Latvia,2.1007,EUR,liter,2026-10-03T14:01:37+03:00
2026-10-10,LV,diesel_premium,Latvia,2.2056,EUR,liter,2026-10-03T14:01:37+03:00
2026-10-10,LV,gasoline,Latvia,1.9447,EUR,liter,2026-10-03T14:01:37+03:00
2026-10-10,LV,gasoline_premium,Latvia,2.006,EUR,liter,2026-10-03T14:01:37+03:00
2026-10-10,LV,lpg,Latvia,0.9314,EUR,liter,2026-10-03T14:01:37+03:00
2026-10-10,LV,premium,Latvia,2.006,EUR,liter,2026-10-03T14:01:37+03:00
2026-10-10,MA,diesel,Morocco,15.8543,MAD,liter,2026-10-03T14:01:37+03:00
2026-10-10,MA,gasoline,Morocco,15.4189,MAD,liter,2026-10-03T14:01:37+03:00
2026-10-10,MC,diesel,Monaco,2.4837,EUR,liter,2026-10-03T14:01:37+03:00
2026-10-10,MC,gasoline,Monaco,2.2795,EUR,liter,2026-10-03T14:01:37+03:00
2026-10-10,MC,gasoline_premium,Monaco,2.3415,EUR,liter,2026-10-03T14:01:37+03:00
2026-10-10,MC,lpg,Monaco,1.15,EUR,liter,2026-10-03T14:01:37+03:00
2026-10-10,MC,premium,Monaco,2.3415,EUR,liter,2026-10-03T14:01:37+03:00
2026-10-10,MD,diesel,Moldova,35.7733,MDL,liter,2026-10-03T14:01:37+03:00
2026-10-10,MD,gasoline,Moldova,34.1367,MDL,liter,2026-10-03T14:01:37+03:00
2026-10-10,MD,lpg,Moldova,15.2,MDL,liter,2026-10-03T14:01:37+03:00
2026-10-10,ME,diesel,Montenegro,1.9381,EUR,liter,2026-10-03T14:01:37+03:00
2026-10-10,ME,gasoline,Montenegro,1.7429,EUR,liter,2026-10-03T14:01:37+03:00
2026-10-10,ME,gasoline_premium,Montenegro,1.7829,EUR,liter,2026-10-03T14:01:37+03:00
2026-10-10,ME,premium,Montenegro,1.7829,EUR,liter,2026-10-03T14:01:37+03:00
2026-10-10,MG,diesel,Madagascar,4860,MGA,liter,2026-10-03T14:01:37+03:00
2026-10-10,MG,gasoline,Madagascar,5300,MGA,liter,2026-10-03T14:01:37+03:00
2026-10-10,MG,kerosene,Madagascar,3710,MGA,liter,2026-10-03T14:01:37+03:00
2026-10-10,MK,cng,North Macedonia,88.5,MKD,kg,2026-10-03T14:01:37+03:00
2026-10-10,MK,diesel,North Macedonia,100,MKD,liter,2026-10-03T14:01:37+03:00
2026-10-10,MK,diesel_premium,North Macedonia,101,MKD,liter,2026-10-03T14:01:37+03:00
2026-10-10,MK,gasoline,North Macedonia,100,MKD,liter,2026-10-03T14:01:37+03:00
2026-10-10,MK,gasoline_premium,North Macedonia,102,MKD,liter,2026-10-03T14:01:37+03:00
2026-10-10,MK,lpg,North Macedonia,47,MKD,liter,2026-10-03T14:01:37+03:00
2026-10-10,MK,premium,North Macedonia,102,MKD,liter,2026-10-03T14:01:37+03:00
2026-10-10,MM,diesel,Myanmar,4815,MMK,liter,2026-10-03T14:01:37+03:00
2026-10-10,MM,diesel_premium,Myanmar,5795,MMK,liter,2026-10-03T14:01:37+03:00
2026-10-10,MM,gasoline,Myanmar,4540,MMK,liter,2026-10-03T14:01:37+03:00
2026-10-10,MM,gasoline_premium,Myanmar,4730,MMK,liter,2026-10-03T14:01:37+03:00
2026-10-10,MM,premium,Myanmar,4730,MMK,liter,2026-10-03T14:01:37+03:00
2026-10-10,MN,diesel,Mongolia,4895,MNT,liter,2026-10-03T14:01:37+03:00
2026-10-10,MN,gasoline,Mongolia,3118.75,MNT,liter,2026-10-03T14:01:37+03:00
2026-10-10,MN,gasoline_premium,Mongolia,5080,MNT,liter,2026-10-03T14:01:37+03:00
2026-10-10,MN,gasoline_super,Mongolia,5550,MNT,liter,2026-10-03T14:01:37+03:00
2026-10-10,MN,lpg,Mongolia,1840,MNT,liter,2026-10-03T14:01:37+03:00
2026-10-10,MN,premium,Mongolia,5550,MNT,liter,2026-10-03T14:01:37+03:00
2026-10-10,MR,diesel,Mauritania,62.13,MRU,liter,2026-09-27T14:11:38+03:00
2026-10-10,MR,gasoline,Mauritania,65.02,MRU,liter,2026-09-27T14:11:38+03:00
2026-10-10,MT,diesel,Malta,1.215,EUR,liter,2026-10-03T14:01:37+03:00
2026-10-10,MT,diesel_premium,Malta,1.31,EUR,liter,2026-10-03T14:01:37+03:00
2026-10-10,MT,gasoline,Malta,1.346,EUR,liter,2026-10-03T14:01:37+03:00
2026-10-10,MT,gasoline_premium,Malta,1.49,EUR,liter,2026-10-03T14:01:37+03:00
2026-10-10,MT,premium,Malta,1.49,EUR,liter,2026-10-03T14:01:37+03:00
2026-10-10,MU,diesel,Mauritius,75.9833,MUR,liter,2026-10-03T14:01:37+03:00
2026-10-10,MU,gasoline,Mauritius,75.35,MUR,liter,2026-10-03T14:01:37+03:00
2026-10-10,MV,diesel,Maldives,17.54,MVR,liter,2026-10-03T14:01:37+03:00
2026-10-10,MV,gasoline,Maldives,16.01,MVR,liter,2026-10-03T14:01:37+03:00
2026-10-10,MW,diesel,Malawi,5863,MWK,liter,2026-10-03T14:01:37+03:00
2026-10-10,MW,gasoline,Malawi,5619,MWK,liter,2026-10-03T14:01:37+03:00
2026-10-10,MW,kerosene,Malawi,4546.5,MWK,liter,2026-10-03T14:01:37+03:00
2026-10-10,MX,diesel,Mexico,27.0014,MXN,liter,2026-10-03T14:01:37+03:00
2026-10-10,MX,gasoline,Mexico,23.7823,MXN,liter,2026-10-03T14:01:37+03:00
2026-10-10,MX,gasoline_premium,Mexico,28.6366,MXN,liter,2026-10-03T14:01:37+03:00
2026-10-10,MX,premium,Mexico,28.6366,MXN,liter,2026-10-03T14:01:37+03:00
2026-10-10,MY,diesel,Malaysia,5.27,MYR,liter,2026-10-03T14:01:37+03:00
2026-10-10,MY,gasoline,Malaysia,4.52,MYR,liter,2026-10-03T14:01:37+03:00
2026-10-10,MY,gasoline_premium,Malaysia,5,MYR,liter,2026-10-03T14:01:37+03:00
2026-10-10,MY,premium,Malaysia,5,MYR,liter,2026-10-03T14:01:37+03:00
2026-10-10,MZ,diesel,Mozambique,116.25,MZN,liter,2026-10-03T14:01:37+03:00
2026-10-10,MZ,gasoline,Mozambique,93.69,MZN,liter,2026-10-03T14:01:37+03:00
2026-10-10,MZ,kerosene,Mozambique,97.56,MZN,liter,2026-10-03T14:01:37+03:00
2026-10-10,NA,diesel,Namibia,27.86,NAD,liter,2026-10-03T14:01:37+03:00
2026-10-10,NA,diesel_premium,Namibia,27.96,NAD,liter,2026-10-03T14:01:37+03:00
2026-10-10,NA,gasoline,Namibia,25.08,NAD,liter,2026-10-03T14:01:37+03:00
2026-10-10,NC,diesel,New Caledonia,190.6,XPF,liter,2026-10-03T14:01:37+03:00
2026-10-10,NC,gasoline,New Caledonia,182.4,XPF,liter,2026-10-03T14:01:37+03:00
2026-10-10,NE,diesel,Niger,618,XOF,liter,2026-10-03T14:01:37+03:00
2026-10-10,NE,gasoline,Niger,499,XOF,liter,2026-10-03T14:01:37+03:00
2026-10-10,NG,diesel,Nigeria,1756.7157,NGN,liter,2026-10-03T14:01:37+03:00
2026-10-10,NG,gasoline,Nigeria,1347.7671,NGN,liter,2026-10-03T14:01:37+03:00
2026-10-10,NI,diesel,Nicaragua,43.22,NIO,liter,2026-10-03T14:01:37+03:00
2026-10-10,NI,gasoline,Nicaragua,47.82,NIO,liter,2026-10-03T14:01:37+03:00
2026-10-10,NI,gasoline_premium,Nicaragua,49,NIO,liter,2026-10-03T14:01:37+03:00
2026-10-10,NI,kerosene,Nicaragua,60.36,NIO,liter,2026-10-03T14:01:37+03:00
2026-10-10,NI,premium,Nicaragua,49,NIO,liter,2026-10-03T14:01:37+03:00
2026-10-10,NL,cng,Netherlands,1.6995,EUR,kg,2026-10-03T14:01:37+03:00
2026-10-10,NL,diesel,Netherlands,2.6413,EUR,liter,2026-10-03T14:01:37+03:00
2026-10-10,NL,diesel_premium,Netherlands,2.7918,EUR,liter,2026-10-03T14:01:37+03:00
2026-10-10,NL,gasoline,Netherlands,2.5777,EUR,liter,2026-10-03T14:01:37+03:00
2026-10-10,NL,gasoline_premium,Netherlands,2.863,EUR,liter,2026-10-03T14:01:37+03:00
2026-10-10,NL,lpg,Netherlands,1.1011,EUR,liter,2026-10-03T14:01:37+03:00
2026-10-10,NL,premium,Netherlands,2.863,EUR,liter,2026-10-03T14:01:37+03:00
2026-10-10,NO,diesel,Norway,23.7723,NOK,liter,2026-10-03T14:01:37+03:00
2026-10-10,NO,gasoline,Norway,21.7546,NOK,liter,2026-10-03T14:01:37+03:00
2026-10-10,NO,gasoline_premium,Norway,27.79,NOK,liter,2026-10-03T14:01:37+03:00
2026-10-10,NO,premium,Norway,27.79,NOK,liter,2026-10-03T14:01:37+03:00
2026-10-10,NP,diesel,Nepal,200,NPR,liter,2026-10-03T14:01:37+03:00
2026-10-10,NP,gasoline,Nepal,200,NPR,liter,2026-10-03T14:01:37+03:00
2026-10-10,NP,kerosene,Nepal,200,NPR,liter,2026-10-03T14:01:37+03:00
2026-10-10,NR,diesel,Nauru,2.9032,AUD,liter,2026-10-03T14:01:37+03:00
2026-10-10,NR,gasoline,Nauru,2.4238,AUD,liter,2026-10-03T14:01:37+03:00
2026-10-10,NR,kerosene,Nauru,2.1811,AUD,liter,2026-10-03T14:01:37+03:00
2026-10-10,NZ,diesel,New Zealand,3.1293,NZD,liter,2026-10-03T14:01:37+03:00
2026-10-10,NZ,gasoline,New Zealand,3.6036,NZD,liter,2026-10-03T14:01:37+03:00
2026-10-10,NZ,gasoline_premium,New Zealand,3.7909,NZD,liter,2026-10-03T14:01:37+03:00
2026-10-10,NZ,gasoline_regular,New Zealand,3.4158,NZD,liter,2026-10-03T14:01:37+03:00
2026-10-10,NZ,gasoline_super,New Zealand,3.7743,NZD,liter,2026-10-03T14:01:37+03:00
2026-10-10,NZ,lpg,New Zealand,1.9583,NZD,liter,2026-10-03T14:01:37+03:00
2026-10-10,NZ,premium,New Zealand,3.7743,NZD,liter,2026-10-03T14:01:37+03:00
2026-10-10,OM,diesel,Oman,0.258,OMR,liter,2026-10-03T14:01:37+03:00
2026-10-10,OM,gasoline,Oman,0.239,OMR,liter,2026-10-03T14:01:37+03:00
2026-10-10,OM,gasoline_premium,Oman,0.399,OMR,liter,2026-10-03T14:01:37+03:00
2026-10-10,OM,gasoline_regular,Oman,0.229,OMR,liter,2026-10-03T14:01:37+03:00
2026-10-10,OM,premium,Oman,0.399,OMR,liter,2026-10-03T14:01:37+03:00
2026-10-10,PA,diesel,Panama,3.4069,USD,gallon,2026-10-03T14:01:37+03:00
2026-10-10,PA,gasoline,Panama,4.8718,USD,gallon,2026-10-03T14:01:37+03:00
2026-10-10,PA,gasoline_premium,Panama,5.239,USD,gallon,2026-10-03T14:01:37+03:00
2026-10-10,PA,premium,Panama,5.239,USD,gallon,2026-10-03T14:01:37+03:00
2026-10-10,PE,diesel,Peru,25.905,PEN,gallon,2026-10-03T14:01:37+03:00
2026-10-10,PE,gasoline,Peru,22.105,PEN,gallon,2026-10-03T14:01:37+03:00
2026-10-10,PE,gasoline_premium,Peru,23.305,PEN,gallon,2026-10-03T14:01:37+03:00
2026-10-10,PE,lpg,Peru,6.98,PEN,gallon,2026-10-03T14:01:37+03:00
2026-10-10,PE,premium,Peru,23.305,PEN,gallon,2026-10-03T14:01:37+03:00
2026-10-10,PF,diesel,French Polynesia,165,XPF,liter,2026-09-05T11:14:47+03:00
2026-10-10,PF,gasoline,French Polynesia,165,XPF,liter,2026-09-05T11:14:47+03:00
2026-10-10,PF,kerosene,French Polynesia,137,XPF,liter,2026-09-05T11:14:47+03:00
2026-10-10,PG,diesel,Papua New Guinea,4.9,PGK,liter,2026-10-03T14:01:37+03:00
2026-10-10,PG,gasoline,Papua New Guinea,4.9,PGK,liter,2026-10-03T14:01:37+03:00
2026-10-10,PG,kerosene,Papua New Guinea,4.9,PGK,liter,2026-10-03T14:01:37+03:00
2026-10-10,PH,diesel,Philippines,95.6979,PHP,liter,2026-10-03T14:01:37+03:00
2026-10-10,PH,diesel_premium,Philippines,99.52,PHP,liter,2026-10-03T14:01:37+03:00
2026-10-10,PH,gasoline,Philippines,89.4627,PHP,liter,2026-10-03T14:01:37+03:00
2026-10-10,PH,gasoline_premium,Philippines,91.89,PHP,liter,2026-10-03T14:01:37+03:00
2026-10-10,PH,premium,Philippines,91.89,PHP,liter,2026-10-03T14:01:37+03:00
2026-10-10,PK,diesel,Pakistan,399.64,PKR,liter,2026-10-03T14:01:37+03:00
2026-10-10,PK,gasoline,Pakistan,392.76,PKR,liter,2026-10-03T14:01:37+03:00
2026-10-10,PK,gasoline_premium,Pakistan,410,PKR,liter,2026-10-03T14:01:37+03:00
2026-10-10,PK,kerosene,Pakistan,329.54,PKR,liter,2026-10-03T14:01:37+03:00
2026-10-10,PK,lpg,Pakistan,258.65,PKR,kg,2026-10-03T14:01:37+03:00
2026-10-10,PK,premium,Pakistan,410,PKR,liter,2026-10-03T14:01:37+03:00
2026-10-10,PL,diesel,Poland,8.8534,PLN,liter,2026-10-03T14:01:37+03:00
2026-10-10,PL,diesel_premium,Poland,9.045,PLN,liter,2026-10-03T14:01:37+03:00
2026-10-10,PL,gasoline,Poland,7.8638,PLN,liter,2026-10-03T14:01:37+03:00
2026-10-10,PL,gasoline_premium,Poland,8.5706,PLN,liter,2026-10-03T14:01:37+03:00
2026-10-10,PL,lpg,Poland,3.2125,PLN,liter,2026-10-03T14:01:37+03:00
2026-10-10,PL,premium,Poland,8.5706,PLN,liter,2026-10-03T14:01:37+03:00
2026-10-10,PS,diesel,Palestine,7.9025,ILS,liter,2026-10-03T14:01:37+03:00
2026-10-10,PS,gasoline_premium,Palestine,7.8667,ILS,liter,2026-10-03T14:01:37+03:00
2026-10-10,PS,gasoline_super,Palestine,8.785,ILS,liter,2026-10-03T14:01:37+03:00
2026-10-10,PS,kerosene,Palestine,7.9025,ILS,liter,2026-10-03T14:01:37+03:00
2026-10-10,PS,premium,Palestine,8.785,ILS,liter,2026-10-03T14:01:37+03:00
2026-10-10,PT,diesel,Portugal,2.2098,EUR,liter,2026-10-03T14:01:37+03:00
2026-10-10,PT,diesel_premium,Portugal,2.2447,EUR,liter,2026-10-03T14:01:37+03:00
2026-10-10,PT,gasoline,Portugal,2.0953,EUR,liter,2026-10-03T14:01:37+03:00
2026-10-10,PT,gasoline_premium,Portugal,2.274,EUR,liter,2026-10-03T14:01:37+03:00
2026-10-10,PT,lpg,Portugal,0.9121,EUR,liter,2026-10-03T14:01:37+03:00
2026-10-10,PT,premium,Portugal,2.274,EUR,liter,2026-10-03T14:01:37+03:00
2026-10-10,PY,diesel,Paraguay,8927.1429,PYG,liter,2026-10-03T14:01:37+03:00
2026-10-10,PY,diesel_premium,Paraguay,10821.4286,PYG,liter,2026-10-03T14:01:37+03:00
2026-10-10,PY,gasoline,Paraguay,7132.8571,PYG,liter,2026-10-03T14:01:37+03:00
2026-10-10,PY,gasoline_premium,Paraguay,9040,PYG,liter,2026-10-03T14:01:37+03:00
2026-10-10,PY,lpg,Paraguay,4900,PYG,liter,2026-10-03T14:01:37+03:00
2026-10-10,PY,premium,Paraguay,9040,PYG,liter,2026-10-03T14:01:37+03:00
2026-10-10,QA,diesel,Qatar,2.05,QAR,liter,2026-10-03T14:01:37+03:00
2026-10-10,QA,gasoline,Qatar,1.95,QAR,liter,2026-10-03T14:01:37+03:00
2026-10-10,QA,gasoline_premium,Qatar,2.1,QAR,liter,2026-10-03T14:01:37+03:00
2026-10-10,QA,premium,Qatar,2.1,QAR,liter,2026-10-03T14:01:37+03:00
2026-10-10,RO,diesel,Romania,10.9584,RON,liter,2026-10-03T14:01:37+03:00
2026-10-10,RO,diesel_premium,Romania,11.4604,RON,liter,2026-10-03T14:01:37+03:00
2026-10-10,RO,gasoline,Romania,9.9961,RON,liter,2026-10-03T14:01:37+03:00
2026-10-10,RO,gasoline_premium,Romania,10.6081,RON,liter,2026-10-03T14:01:37+03:00
2026-10-10,RO,lpg,Romania,4.7365,RON,liter,2026-10-03T14:01:37+03:00
2026-10-10,RO,premium,Romania,10.6081,RON,liter,2026-10-03T14:01:37+03:00
2026-10-10,RS,diesel,Serbia,236,RSD,liter,2026-10-03T14:01:37+03:00
2026-10-10,RS,diesel_premium,Serbia,251.95,RSD,liter,2026-10-03T14:01:37+03:00
2026-10-10,RS,gasoline,Serbia,207,RSD,liter,2026-10-03T14:01:37+03:00
2026-10-10,RS,gasoline_premium,Serbia,229.9,RSD,liter,2026-10-03T14:01:37+03:00
2026-10-10,RS,gasoline_super,Serbia,230.3469,RSD,liter,2026-10-03T14:01:37+03:00
2026-10-10,RS,lpg,Serbia,107.9719,RSD,liter,2026-10-03T14:01:37+03:00
2026-10-10,RS,premium,Serbia,230.3469,RSD,liter,2026-10-03T14:01:37+03:00
2026-10-10,RU,cng,Russia,30.3983,RUB,m3,2026-10-03T14:01:37+03:00
2026-10-10,RU,diesel,Russia,83.8862,RUB,liter,2026-10-03T14:01:37+03:00
2026-10-10,RU,diesel_premium,Russia,81.8969,RUB,liter,2026-10-03T14:01:37+03:00
2026-10-10,RU,gasoline,Russia,87.8238,RUB,liter,2026-10-03T14:01:37+03:00
2026-10-10,RU,gasoline_premium,Russia,96.2582,RUB,liter,2026-10-03T14:01:37+03:00
2026-10-10,RU,gasoline_regular,Russia,80.0884,RUB,liter,2026-10-03T14:01:37+03:00
2026-10-10,RU,gasoline_super,Russia,109.5957,RUB,liter,2026-10-03T14:01:37+03:00
2026-10-10,RU,lpg,Russia,44.237,RUB,liter,2026-10-03T14:01:37+03:00
2026-10-10,RU,premium,Russia,109.5957,RUB,liter,2026-10-03T14:01:37+03:00
2026-10-10,RW,diesel,Rwanda,2927,RWF,liter,2026-10-03T14:01:37+03:00
2026-10-10,RW,gasoline,Rwanda,2938,RWF,liter,2026-10-03T14:01:37+03:00
2026-10-10,SA,diesel,Saudi Arabia,1.79,SAR,liter,2026-10-03T14:01:37+03:00
2026-10-10,SA,gasoline,Saudi Arabia,2.18,SAR,liter,2026-10-03T14:01:37+03:00
2026-10-10,SA,gasoline_premium,Saudi Arabia,2.33,SAR,liter,2026-10-03T14:01:37+03:00
2026-10-10,SA,gasoline_super,Saudi Arabia,4.64,SAR,liter,2026-10-03T14:01:37+03:00
2026-10-10,SA,kerosene,Saudi Arabia,1.75,SAR,liter,2026-10-03T14:01:37+03:00
2026-10-10,SA,premium,Saudi Arabia,4.64,SAR,liter,2026-10-03T14:01:37+03:00
2026-10-10,SB,diesel,Solomon Islands,13.4759,SBD,liter,2026-10-03T14:01:37+03:00
2026-10-10,SB,gasoline,Solomon Islands,11.1771,SBD,liter,2026-10-03T14:01:37+03:00
2026-10-10,SB,kerosene,Solomon Islands,14.2583,SBD,liter,2026-10-03T14:01:37+03:00
2026-10-10,SC,diesel,Seychelles,25.19,SCR,liter,2026-10-03T14:01:37+03:00
2026-10-10,SC,gasoline,Seychelles,24.68,SCR,liter,2026-10-03T14:01:37+03:00
2026-10-10,SC,kerosene,Seychelles,30,SCR,liter,2026-10-03T14:01:37+03:00
2026-10-10,SE,diesel,Sweden,22.8077,SEK,liter,2026-10-03T14:01:37+03:00
2026-10-10,SE,e85,Sweden,15.465,SEK,liter,2026-10-03T14:01:37+03:00
2026-10-10,SE,gasoline,Sweden,18.765,SEK,liter,2026-10-03T14:01:37+03:00
2026-10-10,SE,gasoline_premium,Sweden,19.315,SEK,liter,2026-10-03T14:01:37+03:00
2026-10-10,SE,premium,Sweden,19.315,SEK,liter,2026-10-03T14:01:37+03:00
2026-10-10,SG,diesel,Singapore,4.0141,SGD,liter,2026-10-03T14:01:37+03:00
2026-10-10,SG,gasoline,Singapore,3.5355,SGD,liter,2026-10-03T14:01:37+03:00
2026-10-10,SG,gasoline_premium,Singapore,4.163,SGD,liter,2026-10-03T14:01:37+03:00
2026-10-10,SG,gasoline_regular,Singapore,3.51,SGD,liter,2026-10-03T14:01:37+03:00
2026-10-10,SG,premium,Singapore,4.163,SGD,liter,2026-10-03T14:01:37+03:00
2026-10-10,SI,diesel,Slovenia,1.9545,EUR,liter,2026-10-03T14:01:37+03:00
2026-10-10,SI,diesel_premium,Slovenia,2.453,EUR,liter,2026-10-03T14:01:37+03:00
2026-10-10,SI,gasoline,Slovenia,1.7242,EUR,liter,2026-10-03T14:01:37+03:00
2026-10-10,SI,gasoline_premium,Slovenia,2.121,EUR,liter,2026-10-03T14:01:37+03:00
2026-10-10,SI,lpg,Slovenia,0.9718,EUR,liter,2026-10-03T14:01:37+03:00
2026-10-10,SI,premium,Slovenia,2.121,EUR,liter,2026-10-03T14:01:37+03:00
2026-10-10,SK,diesel,Slovakia,1.9872,EUR,liter,2026-10-03T14:01:37+03:00
2026-10-10,SK,diesel_premium,Slovakia,2.176,EUR,liter,2026-10-03T14:01:37+03:00
2026-10-10,SK,gasoline,Slovakia,1.8542,EUR,liter,2026-10-03T14:01:37+03:00
2026-10-10,SK,gasoline_premium,Slovakia,2.0504,EUR,liter,2026-10-03T14:01:37+03:00
2026-10-10,SK,lpg,Slovakia,0.819,EUR,liter,2026-10-03T14:01:37+03:00
2026-10-10,SK,premium,Slovakia,2.0504,EUR,liter,2026-10-03T14:01:37+03:00
2026-10-10,SL,diesel,Sierra Leone,45,SLE,liter,2026-10-03T14:01:37+03:00
2026-10-10,SL,gasoline,Sierra Leone,40,SLE,liter,2026-10-03T14:01:37+03:00
2026-10-10,SL,kerosene,Sierra Leone,44.1,SLE,liter,2026-10-03T14:01:37+03:00
2026-10-10,SN,diesel,Senegal,755,XOF,liter,2026-10-03T14:01:37+03:00
2026-10-10,SN,gasoline,Senegal,990,XOF,liter,2026-10-03T14:01:37+03:00
2026-10-10,SN,gasoline_regular,Senegal,665,XOF,liter,2026-10-03T14:01:37+03:00
2026-10-10,SR,diesel,Suriname,53.27,SRD,liter,2026-10-03T14:01:37+03:00
2026-10-10,SR,gasoline,Suriname,48.32,SRD,liter,2026-10-03T14:01:37+03:00
2026-10-10,SS,diesel,South Sudan,17500,SSP,liter,2026-10-03T14:01:37+03:00
2026-10-10,SS,gasoline,South Sudan,16000,SSP,liter,2026-10-03T14:01:37+03:00
2026-10-10,SV,diesel,El Salvador,4.86,USD,gallon,2026-10-03T14:01:37+03:00
2026-10-10,SV,gasoline,El Salvador,4.8,USD,gallon,2026-10-03T14:01:37+03:00
2026-10-10,SV,gasoline_premium,El Salvador,5.13,USD,gallon,2026-10-03T14:01:37+03:00
2026-10-10,SV,premium,El Salvador,5.13,USD,gallon,2026-10-03T14:01:37+03:00
2026-10-10,SY,diesel,Syria,175,SYP,liter,2026-10-03T14:01:37+03:00
2026-10-10,SY,gasoline,Syria,185,SYP,liter,2026-10-03T14:01:37+03:00
2026-10-10,SY,gasoline_premium,Syria,195,SYP,liter,2026-10-03T14:01:37+03:00
2026-10-10,SY,premium,Syria,195,SYP,liter,2026-10-03T14:01:37+03:00
2026-10-10,SZ,diesel,Eswatini,32.25,SZL,liter,2026-10-03T14:01:37+03:00
2026-10-10,SZ,gasoline,Eswatini,29.4,SZL,liter,2026-10-03T14:01:37+03:00
2026-10-10,SZ,kerosene,Eswatini,25.16,SZL,liter,2026-10-03T14:01:37+03:00
2026-10-10,TG,diesel,Togo,766,XOF,liter,2026-10-03T14:01:37+03:00
2026-10-10,TG,gasoline,Togo,817,XOF,liter,2026-10-03T14:01:37+03:00
2026-10-10,TG,kerosene,Togo,1056,XOF,liter,2026-10-03T14:01:37+03:00
2026-10-10,TH,diesel,Thailand,42.19,THB,liter,2026-10-03T14:01:37+03:00
2026-10-10,TH,diesel_premium,Thailand,50.05,THB,liter,2026-10-03T14:01:37+03:00
2026-10-10,TH,e85,Thailand,31.63,THB,liter,2026-10-03T14:01:37+03:00
2026-10-10,TH,gasoline,Thailand,40.69,THB,liter,2026-10-03T14:01:37+03:00
2026-10-10,TH,gasoline_premium,Thailand,49.29,THB,liter,2026-10-03T14:01:37+03:00
2026-10-10,TH,gasoline_regular,Thailand,40.32,THB,liter,2026-10-03T14:01:37+03:00
2026-10-10,TH,gasoline_super,Thailand,49.79,THB,liter,2026-10-03T14:01:37+03:00
2026-10-10,TH,lpg,Thailand,25.87,THB,kg,2026-10-03T14:01:37+03:00
2026-10-10,TH,premium,Thailand,49.79,THB,liter,2026-10-03T14:01:37+03:00
2026-10-10,TJ,diesel,Tajikistan,15.395,TJS,liter,2026-10-03T14:01:37+03:00
2026-10-10,TJ,diesel_premium,Tajikistan,14.9,TJS,liter,2026-10-03T14:01:37+03:00
2026-10-10,TJ,gasoline,Tajikistan,12.9119,TJS,liter,2026-10-03T14:01:37+03:00
2026-10-10,TJ,gasoline_premium,Tajikistan,12.9,TJS,liter,2026-10-03T14:01:37+03:00
2026-10-10,TJ,lpg,Tajikistan,6.3944,TJS,liter,2026-10-03T14:01:37+03:00
2026-10-10,TJ,premium,Tajikistan,12.9,TJS,liter,2026-10-03T14:01:37+03:00
2026-10-10,TL,diesel,Timor-Leste,1.6237,USD,liter,2026-10-03T14:01:37+03:00
2026-10-10,TL,gasoline,Timor-Leste,1.5225,USD,liter,2026-10-03T14:01:37+03:00
2026-10-10,TM,diesel,Turkmenistan,1.35,TMT,liter,2026-10-03T14:01:37+03:00
2026-10-10,TM,gasoline,Turkmenistan,1.35,TMT,liter,2026-10-03T14:01:37+03:00
2026-10-10,TM,gasoline_premium,Turkmenistan,1.5,TMT,liter,2026-10-03T14:01:37+03:00
2026-10-10,TM,gasoline_regular,Turkmenistan,1.15,TMT,liter,2026-10-03T14:01:37+03:00
2026-10-10,TM,premium,Turkmenistan,1.5,TMT,liter,2026-10-03T14:01:37+03:00
2026-10-10,TN,diesel,Tunisia,2.21,TND,liter,2026-10-03T14:01:37+03:00
2026-10-10,TN,gasoline,Tunisia,2.53,TND,liter,2026-10-03T14:01:37+03:00
2026-10-10,TO,diesel,Tonga,4.425,TOP,liter,2026-10-03T14:01:37+03:00
2026-10-10,TO,gasoline,Tonga,3.85,TOP,liter,2026-10-03T14:01:37+03:00
2026-10-10,TO,kerosene,Tonga,3.5,TOP,liter,2026-10-03T14:01:37+03:00
2026-10-10,TR,diesel,Turkey,94.963,TRY,liter,2026-10-03T14:01:37+03:00
2026-10-10,TR,gasoline,Turkey,84.58,TRY,liter,2026-10-03T14:01:37+03:00
2026-10-10,TR,lpg,Turkey,41.2367,TRY,liter,2026-10-03T14:01:37+03:00
2026-10-10,TW,diesel,Taiwan,29.8838,TWD,liter,2026-10-03T14:01:37+03:00
2026-10-10,TW,gasoline,Taiwan,30.1532,TWD,liter,2026-10-03T14:01:37+03:00
2026-10-10,TW,gasoline_premium,Taiwan,32.0766,TWD,liter,2026-10-03T14:01:37+03:00
2026-10-10,TW,gasoline_super,Taiwan,34.6946,TWD,liter,2026-10-03T14:01:37+03:00
2026-10-10,TW,premium,Taiwan,34.6946,TWD,liter,2026-10-03T14:01:37+03:00
2026-10-10,TZ,diesel,Tanzania,3877,TZS,liter,2026-10-03T14:01:37+03:00
2026-10-10,TZ,gasoline,Tanzania,3796,TZS,liter,2026-10-03T14:01:37+03:00
2026-10-10,TZ,kerosene,Tanzania,3713,TZS,liter,2026-10-03T14:01:37+03:00
2026-10-10,UA,diesel,Ukraine,98.919,UAH,liter,2026-10-03T14:01:37+03:00
2026-10-10,UA,diesel_premium,Ukraine,101.9,UAH,liter,2026-10-03T14:01:37+03:00
2026-10-10,UA,gasoline,Ukraine,89.8729,UAH,liter,2026-10-03T14:01:37+03:00
2026-10-10,UA,gasoline_premium,Ukraine,94.9366,UAH,liter,2026-10-03T14:01:37+03:00
2026-10-10,UA,gasoline_regular,Ukraine,85.8256,UAH,liter,2026-10-03T14:01:37+03:00
2026-10-10,UA,gasoline_super,Ukraine,101.4,UAH,liter,2026-10-03T14:01:37+03:00
2026-10-10,UA,lpg,Ukraine,44.7649,UAH,liter,2026-10-03T14:01:37+03:00
2026-10-10,UA,premium,Ukraine,101.4,UAH,liter,2026-10-03T14:01:37+03:00
2026-10-10,UG,diesel,Uganda,6724.5,UGX,liter,2026-10-03T14:01:37+03:00
2026-10-10,UG,gasoline,Uganda,6874.5,UGX,liter,2026-10-03T14:01:37+03:00
2026-10-10,US,diesel,United States,6.3728,USD,gallon,2026-10-03T14:01:37+03:00
2026-10-10,US,e85,United States,3.31,USD,gallon,2026-10-03T14:01:37+03:00
2026-10-10,US,gasoline,United States,4.4398,USD,gallon,2026-10-03T14:01:37+03:00
2026-10-10,US,gasoline_premium,United States,5.0164,USD,gallon,2026-10-03T14:01:37+03:00
2026-10-10,US,gasoline_super,United States,5.4203,USD,gallon,2026-10-03T14:01:37+03:00
2026-10-10,US,lpg,United States,3.59,USD,gallon,2026-10-03T14:01:37+03:00
2026-10-10,US,premium,United States,5.4203,USD,gallon,2026-10-03T14:01:37+03:00
2026-10-10,UY,diesel,Uruguay,58.68,UYU,liter,2026-10-03T14:01:37+03:00
2026-10-10,UY,diesel_premium,Uruguay,67.33,UYU,liter,2026-10-03T14:01:37+03:00
2026-10-10,UY,gasoline,Uruguay,88.67,UYU,liter,2026-10-03T14:01:37+03:00
2026-10-10,UY,gasoline_premium,Uruguay,91.19,UYU,liter,2026-10-03T14:01:37+03:00
2026-10-10,UY,premium,Uruguay,91.19,UYU,liter,2026-10-03T14:01:37+03:00
2026-10-10,UZ,diesel,Uzbekistan,16235.9504,UZS,liter,2026-10-03T14:01:37+03:00
2026-10-10,UZ,gasoline,Uzbekistan,13449.8834,UZS,liter,2026-10-03T14:01:37+03:00
2026-10-10,UZ,gasoline_premium,Uzbekistan,18947.7273,UZS,liter,2026-10-03T14:01:37+03:00
2026-10-10,UZ,gasoline_super,Uzbekistan,27571.9697,UZS,liter,2026-10-03T14:01:37+03:00
2026-10-10,UZ,premium,Uzbekistan,27571.9697,UZS,liter,2026-10-03T14:01:37+03:00
2026-10-10,VC,diesel,Saint Vincent and the Grenadines,17.53,XCD,imperial_gallon,2026-10-03T14:01:37+03:00
2026-10-10,VC,gasoline,Saint Vincent and the Grenadines,18.31,XCD,imperial_gallon,2026-10-03T14:01:37+03:00
2026-10-10,VE,diesel,Venezuela,0.5,USD,liter,2026-10-03T14:01:37+03:00
2026-10-10,VE,gasoline,Venezuela,435.6845,VES,liter,2026-10-03T14:01:37+03:00
2026-10-10,VE,gasoline_premium,Venezuela,871.3689,VES,liter,2026-10-03T14:01:37+03:00
2026-10-10,VE,premium,Venezuela,871.3689,VES,liter,2026-10-03T14:01:37+03:00
2026-10-10,VN,diesel,Vietnam,29970,VND,liter,2026-10-03T14:01:37+03:00
2026-10-10,VN,diesel_premium,Vietnam,31600,VND,liter,2026-10-03T14:01:37+03:00
2026-10-10,VN,gasoline,Vietnam,27180,VND,liter,2026-10-03T14:01:37+03:00
2026-10-10,VN,gasoline_regular,Vietnam,26503.3333,VND,liter,2026-10-03T14:01:37+03:00
2026-10-10,VU,diesel,Vanuatu,195,VUV,liter,2026-10-03T14:01:37+03:00
2026-10-10,VU,gasoline,Vanuatu,222,VUV,liter,2026-10-03T14:01:37+03:00
2026-10-10,WS,diesel,Samoa,4.44,WST,liter,2026-10-03T14:01:37+03:00
2026-10-10,WS,gasoline,Samoa,3.58,WST,liter,2026-10-03T14:01:37+03:00
2026-10-10,WS,kerosene,Samoa,3.9,WST,liter,2026-10-03T14:01:37+03:00
2026-10-10,XK,diesel,Kosovo,1.89,EUR,liter,2026-10-03T14:01:37+03:00
2026-10-10,XK,diesel_premium,Kosovo,1.94,EUR,liter,2026-10-03T14:01:37+03:00
2026-10-10,XK,gasoline,Kosovo,1.66,EUR,liter,2026-10-03T14:01:37+03:00
2026-10-10,XK,gasoline_premium,Kosovo,1.73,EUR,liter,2026-10-03T14:01:37+03:00
2026-10-10,XK,lpg,Kosovo,0.69,EUR,liter,2026-10-03T14:01:37+03:00
2026-10-10,XK,premium,Kosovo,1.73,EUR,liter,2026-10-03T14:01:37+03:00
2026-10-10,XN,diesel,Turkish Republic of Northern Cyprus,76,TRY,liter,2026-10-03T14:01:37+03:00
2026-10-10,XN,gasoline,Turkish Republic of Northern Cyprus,77.12,TRY,liter,2026-10-03T14:01:37+03:00
2026-10-10,XN,gasoline_premium,Turkish Republic of Northern Cyprus,78.12,TRY,liter,2026-10-03T14:01:37+03:00
2026-10-10,XN,premium,Turkish Republic of Northern Cyprus,78.12,TRY,liter,2026-10-03T14:01:37+03:00
2026-10-10,ZA,diesel,South Africa,29.1104,ZAR,liter,2026-10-03T14:01:37+03:00
2026-10-10,ZA,diesel_premium,South Africa,29.8667,ZAR,liter,2026-10-03T14:01:37+03:00
2026-10-10,ZA,gasoline,South Africa,26.92,ZAR,liter,2026-10-03T14:01:37+03:00
2026-10-10,ZA,gasoline_regular,South Africa,26.76,ZAR,liter,2026-10-03T14:01:37+03:00
2026-10-10,ZM,diesel,Zambia,29.7736,ZMW,liter,2026-10-03T14:01:37+03:00
2026-10-10,ZM,gasoline,Zambia,28.0945,ZMW,liter,2026-10-03T14:01:37+03:00
2026-10-10,ZM,kerosene,Zambia,29.76,ZMW,liter,2026-10-03T14:01:37+03:00
2026-10-10,ZW,diesel,Zimbabwe,55.7068,ZWG,liter,2026-10-03T14:01:37+03:00
2026-10-10,ZW,gasoline,Zimbabwe,55.1712,ZWG,liter,2026-10-03T14:01:37+03:00
2026-10-10,ZW,lpg,Zimbabwe,47.1365,ZWG,kg,2026-10-03T14:01:37+03:00
